DATE,AP_AVG,F10.7_OBS
1957-01-01,8,
1957-01-02,25,279.7
1957-01-03,10,278.7
1957-01-04,5,287.8
1957-01-05,4,290.9
1957-01-06,6,295.9
1957-01-07,7,268.5
1957-01-08,14,252.0
1957-01-09,13,236.7
1957-01-10,31,219.5
1957-01-11,15,218.4
1957-01-12,7,220.5
1957-01-13,5,209.3
1957-01-14,4,200.2
1957-01-15,7,193.7
1957-01-16,8,186.6
1957-01-17,6,196.7
1957-01-18,3,205.8
1957-01-19,7,218.0
1957-01-20,4,236.3
1957-01-21,82,226.1
1957-01-22,70,228.7
1957-01-23,26,235.8
1957-01-24,27,255.0
1957-01-25,22,234.8
1957-01-26,12,243.9
1957-01-27,12,239.8
1957-01-28,7,209.5
1957-01-29,24,199.4
1957-01-30,36,190.3
1957-01-31,12,178.1
1957-02-01,7,199.2
1957-02-02,9,184.0
1957-02-03,12,187.0
1957-02-04,31,183.0
1957-02-05,39,185.0
1957-02-06,10,195.1
1957-02-07,5,188.0
1957-02-08,7,201.8
1957-02-09,7,191.7
1957-02-10,5,185.7
1957-02-11,9,191.7
1957-02-12,15,194.7
1957-02-13,43,176.6
1957-02-14,8,181.6
1957-02-15,12,189.5
1957-02-16,7,177.4
1957-02-17,11,182.4
1957-02-18,17,189.5
1957-02-19,23,174.4
1957-02-20,17,173.4
1957-02-21,35,185.5
1957-02-22,24,187.3
1957-02-23,32,205.4
1957-02-24,62,186.3
1957-02-25,9,185.3
1957-02-26,4,181.3
1957-02-27,6,184.3
1957-02-28,3,181.3
1957-03-01,16,187.1
1957-03-02,132,183.1
1957-03-03,32,180.1
1957-03-04,14,178.1
1957-03-05,17,181.1
1957-03-06,14,181.1
1957-03-07,9,196.2
1957-03-08,15,199.0
1957-03-09,16,198.0
1957-03-10,73,200.0
1957-03-11,9,217.1
1957-03-12,8,210.0
1957-03-13,10,215.1
1957-03-14,4,201.0
1957-03-15,11,198.8
1957-03-16,37,201.8
1957-03-17,15,200.8
1957-03-18,13,197.8
1957-03-19,11,193.8
1957-03-20,13,195.8
1957-03-21,20,198.8
1957-03-22,23,202.6
1957-03-23,19,203.6
1957-03-24,11,196.6
1957-03-25,31,198.6
1957-03-26,13,193.6
1957-03-27,44,215.6
1957-03-28,58,198.6
1957-03-29,77,209.6
1957-03-30,21,195.6
1957-03-31,20,201.6
1957-04-01,23,219.4
1957-04-02,15,203.4
1957-04-03,20,183.4
1957-04-04,19,193.4
1957-04-05,37,192.4
1957-04-06,27,169.3
1957-04-07,4,171.3
1957-04-08,12,195.4
1957-04-09,25,209.4
1957-04-10,58,193.4
1957-04-11,17,186.4
1957-04-12,11,180.4
1957-04-13,11,186.4
1957-04-14,4,183.4
1957-04-15,18,202.2
1957-04-16,17,209.2
1957-04-17,55,212.2
1957-04-18,42,204.2
1957-04-19,60,207.2
1957-04-20,14,209.2
1957-04-21,17,204.2
1957-04-22,4,217.2
1957-04-23,11,214.2
1957-04-24,27,215.2
1957-04-25,10,224.2
1957-04-26,23,233.2
1957-04-27,20,214.2
1957-04-28,18,199.2
1957-04-29,13,188.2
1957-04-30,12,177.2
1957-05-01,16,175.2
1957-05-02,10,176.2
1957-05-03,11,182.2
1957-05-04,10,190.2
1957-05-05,8,202.2
1957-05-06,13,198.2
1957-05-07,11,204.2
1957-05-08,11,207.2
1957-05-09,22,228.2
1957-05-10,10,227.2
1957-05-11,8,234.2
1957-05-12,5,228.2
1957-05-13,11,242.2
1957-05-14,6,248.2
1957-05-15,5,235.0
1957-05-16,4,239.0
1957-05-17,7,212.0
1957-05-18,6,214.0
1957-05-19,12,201.0
1957-05-20,17,
1957-05-21,13,230.0
1957-05-22,6,212.0
1957-05-23,8,207.0
1957-05-24,6,210.0
1957-05-25,12,196.0
1957-05-26,28,184.0
1957-05-27,8,198.0
1957-05-28,6,181.0
1957-05-29,5,183.0
1957-05-30,28,199.0
1957-05-31,10,211.0
1957-06-01,5,218.0
1957-06-02,5,229.0
1957-06-03,33,230.0
1957-06-04,38,218.0
1957-06-05,29,222.0
1957-06-06,33,226.0
1957-06-07,9,221.0
1957-06-08,8,223.0
1957-06-09,4,233.0
1957-06-10,3,220.0
1957-06-11,4,224.0
1957-06-12,7,226.0
1957-06-13,9,245.0
1957-06-14,7,247.0
1957-06-15,19,255.0
1957-06-16,5,264.0
1957-06-17,17,268.0
1957-06-18,23,288.0
1957-06-19,26,292.0
1957-06-20,14,295.0
1957-06-21,13,295.0
1957-06-22,16,293.0
1957-06-23,8,297.0
1957-06-24,14,277.0
1957-06-25,41,253.0
1957-06-26,84,260.0
1957-06-27,17,259.0
1957-06-28,18,261.0
1957-06-29,5,260.0
1957-06-30,150,265.0
1957-07-01,83,256.0
1957-07-02,55,242.0
1957-07-03,30,254.0
1957-07-04,12,249.0
1957-07-05,56,238.0
1957-07-06,16,224.0
1957-07-07,9,211.0
1957-07-08,9,201.0
1957-07-09,6,198.0
1957-07-10,4,188.0
1957-07-11,5,170.0
1957-07-12,9,176.0
1957-07-13,3,188.0
1957-07-14,6,187.0
1957-07-15,5,188.0
1957-07-16,16,203.0
1957-07-17,8,217.0
1957-07-18,13,227.0
1957-07-19,25,220.0
1957-07-20,11,230.0
1957-07-21,6,244.0
1957-07-22,26,236.0
1957-07-23,11,250.0
1957-07-24,12,255.0
1957-07-25,6,246.0
1957-07-26,4,231.0
1957-07-27,8,232.0
1957-07-28,6,212.0
1957-07-29,12,201.0
1957-07-30,5,193.0
1957-07-31,7,191.0
1957-08-01,6,203.0
1957-08-02,9,200.0
1957-08-03,27,198.0
1957-08-04,12,194.0
1957-08-05,10,187.0
1957-08-06,31,187.0
1957-08-07,8,185.2
1957-08-08,7,181.2
1957-08-09,16,175.2
1957-08-10,9,169.2
1957-08-11,4,173.2
1957-08-12,19,177.2
1957-08-13,33,172.2
1957-08-14,8,182.2
1957-08-15,9,183.2
1957-08-16,5,197.2
1957-08-17,4,216.2
1957-08-18,7,216.2
1957-08-19,13,214.2
1957-08-20,10,199.2
1957-08-21,19,194.2
1957-08-22,4,185.2
1957-08-23,2,197.2
1957-08-24,3,199.2
1957-08-25,7,210.2
1957-08-26,8,219.2
1957-08-27,19,222.2
1957-08-28,10,238.2
1957-08-29,28,238.2
1957-08-30,38,263.3
1957-08-31,36,294.3
1957-09-01,28,275.5
1957-09-02,102,268.5
1957-09-03,135,273.5
1957-09-04,145,247.5
1957-09-05,112,237.5
1957-09-06,36,223.4
1957-09-07,11,222.4
1957-09-08,7,227.5
1957-09-09,13,233.5
1957-09-10,8,245.5
1957-09-11,6,268.5
1957-09-12,7,277.6
1957-09-13,160,268.5
1957-09-14,38,259.5
1957-09-15,14,255.8
1957-09-16,12,264.8
1957-09-17,12,271.8
1957-09-18,12,275.8
1957-09-19,4,301.9
1957-09-20,6,302.9
1957-09-21,74,328.0
1957-09-22,104,329.3
1957-09-23,164,295.2
1957-09-24,33,286.1
1957-09-25,18,262.0
1957-09-26,8,271.1
1957-09-27,4,260.0
1957-09-28,10,260.0
1957-09-29,139,257.0
1957-09-30,56,263.0
1957-10-01,21,269.3
1957-10-02,12,253.3
1957-10-03,19,266.3
1957-10-04,12,238.2
1957-10-05,10,246.2
1957-10-06,2,251.2
1957-10-07,6,254.3
1957-10-08,3,262.6
1957-10-09,7,276.6
1957-10-10,18,276.6
1957-10-11,19,279.7
1957-10-12,13,285.7
1957-10-13,26,282.7
1957-10-14,50,290.7
1957-10-15,12,278.9
1957-10-16,4,291.0
1957-10-17,7,273.9
1957-10-18,6,296.1
1957-10-19,9,293.0
1957-10-20,11,305.1
1957-10-21,28,284.0
1957-10-22,19,276.2
1957-10-23,20,297.4
1957-10-24,9,282.2
1957-10-25,8,261.1
1957-10-26,8,268.1
1957-10-27,12,298.4
1957-10-28,14,325.6
1957-10-29,18,344.7
1957-10-30,16,346.8
1957-10-31,8,320.5
1957-11-01,8,303.0
1957-11-02,7,291.9
1957-11-03,13,268.7
1957-11-04,4,238.4
1957-11-05,4,242.4
1957-11-06,24,241.4
1957-11-07,31,245.4
1957-11-08,18,237.6
1957-11-09,29,232.5
1957-11-10,26,234.6
1957-11-11,21,248.7
1957-11-12,17,259.8
1957-11-13,11,252.7
1957-11-14,22,250.7
1957-11-15,21,245.1
1957-11-16,10,245.1
1957-11-17,6,231.0
1957-11-18,25,250.2
1957-11-19,10,254.3
1957-11-20,10,264.4
1957-11-21,4,277.6
1957-11-22,6,298.1
1957-11-23,7,283.9
1957-11-24,12,289.0
1957-11-25,30,274.8
1957-11-26,64,262.6
1957-11-27,47,261.6
1957-11-28,28,258.6
1957-11-29,16,250.5
1957-11-30,10,281.9
1957-12-01,29,299.7
1957-12-02,16,274.3
1957-12-03,13,287.5
1957-12-04,10,282.4
1957-12-05,26,277.4
1957-12-06,28,275.3
1957-12-07,21,237.7
1957-12-08,11,246.1
1957-12-09,18,232.9
1957-12-10,22,213.6
1957-12-11,41,214.6
1957-12-12,29,212.6
1957-12-13,22,225.8
1957-12-14,8,231.9
1957-12-15,22,240.2
1957-12-16,13,256.5
1957-12-17,20,283.0
1957-12-18,11,296.2
1957-12-19,20,298.3
1957-12-20,20,339.0
1957-12-21,14,354.3
1957-12-22,4,371.2
1957-12-23,4,383.4
1957-12-24,7,376.3
1957-12-25,16,
1957-12-26,18,362.1
1957-12-27,6,347.8
1957-12-28,4,322.4
1957-12-29,6,286.8
1957-12-30,18,280.7
1957-12-31,53,284.8
1958-01-01,48,261.4
1958-01-02,20,267.5
1958-01-03,4,266.5
1958-01-04,3,265.4
1958-01-05,6,250.2
1958-01-06,7,258.3
1958-01-07,6,259.3
1958-01-08,5,259.1
1958-01-09,12,263.1
1958-01-10,10,278.4
1958-01-11,12,277.4
1958-01-12,14,294.6
1958-01-13,16,315.0
1958-01-14,15,326.1
1958-01-15,15,313.3
1958-01-16,13,301.2
1958-01-17,22,289.0
1958-01-18,30,263.6
1958-01-19,12,241.3
1958-01-20,20,254.5
1958-01-21,33,242.3
1958-01-22,19,229.7
1958-01-23,22,212.5
1958-01-24,12,213.5
1958-01-25,19,208.5
1958-01-26,16,222.6
1958-01-27,8,202.4
1958-01-28,7,191.3
1958-01-29,14,196.3
1958-01-30,9,183.2
1958-01-31,8,189.2
1958-02-01,9,197.1
1958-02-02,9,219.4
1958-02-03,6,224.4
1958-02-04,17,235.6
1958-02-05,30,251.7
1958-02-06,30,254.8
1958-02-07,25,259.8
1958-02-08,27,252.2
1958-02-09,18,236.1
1958-02-10,24,233.1
1958-02-11,199,230.1
1958-02-12,59,228.0
1958-02-13,18,224.0
1958-02-14,23,211.9
1958-02-15,8,203.6
1958-02-16,14,188.5
1958-02-17,31,184.5
1958-02-18,32,178.4
1958-02-19,25,174.4
1958-02-20,26,173.4
1958-02-21,31,176.4
1958-02-22,25,177.2
1958-02-23,21,195.4
1958-02-24,8,207.4
1958-02-25,5,208.4
1958-02-26,7,206.4
1958-02-27,10,198.4
1958-02-28,15,
1958-03-01,6,196.2
1958-03-02,7,210.3
1958-03-03,21,224.3
1958-03-04,28,233.4
1958-03-05,39,234.4
1958-03-06,36,252.5
1958-03-07,26,257.5
1958-03-08,22,252.3
1958-03-09,20,256.3
1958-03-10,18,243.2
1958-03-11,22,236.2
1958-03-12,64,233.2
1958-03-13,48,239.2
1958-03-14,20,228.1
1958-03-15,23,217.9
1958-03-16,16,214.9
1958-03-17,27,208.8
1958-03-18,34,210.8
1958-03-19,44,220.9
1958-03-20,38,232.9
1958-03-21,33,224.9
1958-03-22,24,266.8
1958-03-23,21,268.8
1958-03-24,27,274.8
1958-03-25,33,258.8
1958-03-26,27,284.9
1958-03-27,17,302.9
1958-03-28,15,295.9
1958-03-29,10,333.0
1958-03-30,32,345.0
1958-03-31,18,339.0
1958-04-01,19,331.7
1958-04-02,34,326.7
1958-04-03,18,302.6
1958-04-04,36,295.6
1958-04-05,26,290.6
1958-04-06,23,289.6
1958-04-07,17,283.6
1958-04-08,9,272.5
1958-04-09,9,250.5
1958-04-10,5,244.5
1958-04-11,7,216.4
1958-04-12,6,196.4
1958-04-13,6,179.4
1958-04-14,20,177.4
1958-04-15,25,188.2
1958-04-16,32,197.2
1958-04-17,54,207.2
1958-04-18,44,213.2
1958-04-19,24,221.2
1958-04-20,15,226.2
1958-04-21,14,229.2
1958-04-22,6,237.2
1958-04-23,7,235.2
1958-04-24,15,244.2
1958-04-25,11,248.2
1958-04-26,13,245.2
1958-04-27,10,247.2
1958-04-28,24,258.3
1958-04-29,31,255.3
1958-04-30,29,265.3
1958-05-01,21,266.3
1958-05-02,11,276.3
1958-05-03,7,
1958-05-04,8,280.3
1958-05-05,12,269.3
1958-05-06,8,263.3
1958-05-07,6,249.2
1958-05-08,11,236.2
1958-05-09,10,239.2
1958-05-10,20,209.2
1958-05-11,10,211.2
1958-05-12,14,209.2
1958-05-13,29,203.2
1958-05-14,38,194.2
1958-05-15,27,196.0
1958-05-16,16,194.0
1958-05-17,17,194.0
1958-05-18,18,197.0
1958-05-19,10,197.0
1958-05-20,5,197.0
1958-05-21,6,199.0
1958-05-22,5,199.0
1958-05-23,4,206.0
1958-05-24,2,211.0
1958-05-25,10,207.0
1958-05-26,39,210.0
1958-05-27,24,201.0
1958-05-28,18,202.0
1958-05-29,52,219.0
1958-05-30,12,213.0
1958-05-31,72,209.0
1958-06-01,60,219.0
1958-06-02,26,220.0
1958-06-03,6,227.0
1958-06-04,5,246.0
1958-06-05,8,256.0
1958-06-06,15,260.0
1958-06-07,77,238.0
1958-06-08,13,233.0
1958-06-09,32,252.0
1958-06-10,31,234.0
1958-06-11,18,235.0
1958-06-12,15,227.0
1958-06-13,9,220.0
1958-06-14,15,208.0
1958-06-15,21,197.0
1958-06-16,10,191.0
1958-06-17,4,182.0
1958-06-18,7,177.0
1958-06-19,9,189.0
1958-06-20,8,193.0
1958-06-21,66,194.0
1958-06-22,38,213.0
1958-06-23,13,217.0
1958-06-24,18,221.0
1958-06-25,16,226.0
1958-06-26,8,233.0
1958-06-27,8,237.0
1958-06-28,55,232.0
1958-06-29,103,220.0
1958-06-30,9,217.0
1958-07-01,17,215.0
1958-07-02,6,215.0
1958-07-03,15,224.0
1958-07-04,21,232.0
1958-07-05,11,238.0
1958-07-06,6,232.0
1958-07-07,17,237.0
1958-07-08,200,232.0
1958-07-09,75,218.0
1958-07-10,17,208.0
1958-07-11,15,203.0
1958-07-12,21,188.0
1958-07-13,15,191.0
1958-07-14,14,182.0
1958-07-15,6,181.0
1958-07-16,7,192.0
1958-07-17,16,188.0
1958-07-18,34,190.0
1958-07-19,25,205.0
1958-07-20,22,200.0
1958-07-21,53,209.0
1958-07-22,20,214.0
1958-07-23,6,213.0
1958-07-24,18,228.0
1958-07-25,23,240.0
1958-07-26,11,260.0
1958-07-27,28,261.0
1958-07-28,10,290.0
1958-07-29,9,285.0
1958-07-30,12,287.0
1958-07-31,15,288.0
1958-08-01,15,274.0
1958-08-02,12,254.0
1958-08-03,10,237.0
1958-08-04,4,216.0
1958-08-05,5,221.0
1958-08-06,5,239.0
1958-08-07,12,235.2
1958-08-08,4,236.2
1958-08-09,7,225.2
1958-08-10,16,222.2
1958-08-11,15,225.2
1958-08-12,10,222.2
1958-08-13,12,236.2
1958-08-14,7,235.2
1958-08-15,9,231.2
1958-08-16,12,215.2
1958-08-17,82,211.2
1958-08-18,20,218.2
1958-08-19,11,219.2
1958-08-20,6,220.2
1958-08-21,6,231.2
1958-08-22,34,239.2
1958-08-23,13,243.2
1958-08-24,85,253.3
1958-08-25,18,263.3
1958-08-26,14,264.3
1958-08-27,64,252.3
1958-08-28,13,244.2
1958-08-29,11,252.3
1958-08-30,9,249.2
1958-08-31,7,259.3
1958-09-01,5,261.5
1958-09-02,5,281.6
1958-09-03,64,270.5
1958-09-04,131,256.5
1958-09-05,71,233.5
1958-09-06,6,216.4
1958-09-07,16,210.4
1958-09-08,20,211.4
1958-09-09,25,235.5
1958-09-10,12,245.5
1958-09-11,7,250.5
1958-09-12,5,270.5
1958-09-13,3,285.6
1958-09-14,4,290.6
1958-09-15,6,271.8
1958-09-16,40,263.8
1958-09-17,13,259.8
1958-09-18,4,246.7
1958-09-19,4,243.7
1958-09-20,4,231.7
1958-09-21,4,221.7
1958-09-22,4,250.0
1958-09-23,5,226.9
1958-09-24,6,225.9
1958-09-25,82,222.9
1958-09-26,25,218.9
1958-09-27,10,219.9
1958-09-28,8,225.9
1958-09-29,5,227.9
1958-09-30,20,228.9
1958-10-01,15,232.2
1958-10-02,11,222.1
1958-10-03,18,220.1
1958-10-04,5,216.1
1958-10-05,13,200.0
1958-10-06,12,189.9
1958-10-07,14,189.9
1958-10-08,10,188.1
1958-10-09,5,193.2
1958-10-10,4,199.2
1958-10-11,6,211.3
1958-10-12,3,220.3
1958-10-13,7,226.3
1958-10-14,7,229.4
1958-10-15,10,231.6
1958-10-16,9,254.8
1958-10-17,9,288.0
1958-10-18,8,288.0
1958-10-19,8,298.1
1958-10-20,6,279.9
1958-10-21,6,278.9
1958-10-22,47,272.2
1958-10-23,44,241.9
1958-10-24,89,228.8
1958-10-25,10,192.5
1958-10-26,11,195.6
1958-10-27,30,192.5
1958-10-28,37,210.7
1958-10-29,20,221.8
1958-10-30,19,229.8
1958-10-31,12,223.8
1958-11-01,7,236.3
1958-11-02,16,243.4
1958-11-03,12,226.2
1958-11-04,10,222.2
1958-11-05,3,224.2
1958-11-06,3,206.0
1958-11-07,6,208.1
1958-11-08,3,193.1
1958-11-09,4,182.0
1958-11-10,12,170.9
1958-11-11,17,167.8
1958-11-12,9,167.8
1958-11-13,6,164.8
1958-11-14,3,167.8
1958-11-15,6,168.2
1958-11-16,9,171.2
1958-11-17,9,175.2
1958-11-18,8,176.3
1958-11-19,5,185.4
1958-11-20,4,189.4
1958-11-21,4,196.5
1958-11-22,3,202.8
1958-11-23,7,216.0
1958-11-24,8,232.2
1958-11-25,10,246.4
1958-11-26,8,267.7
1958-11-27,9,271.8
1958-11-28,18,262.6
1958-11-29,12,266.7
1958-11-30,2,267.7
1958-12-01,2,272.3
1958-12-02,23,263.1
1958-12-03,7,244.9
1958-12-04,54,244.9
1958-12-05,28,257.0
1958-12-06,12,253.0
1958-12-07,6,257.0
1958-12-08,10,264.4
1958-12-09,12,258.3
1958-12-10,4,273.6
1958-12-11,8,260.4
1958-12-12,6,261.4
1958-12-13,50,264.4
1958-12-14,19,262.4
1958-12-15,10,239.2
1958-12-16,16,220.9
1958-12-17,30,207.7
1958-12-18,33,205.6
1958-12-19,21,190.4
1958-12-20,15,202.6
1958-12-21,8,201.6
1958-12-22,9,214.6
1958-12-23,12,218.7
1958-12-24,7,227.8
1958-12-25,4,
1958-12-26,13,242.0
1958-12-27,12,230.9
1958-12-28,14,226.8
1958-12-29,10,222.7
1958-12-30,12,227.8
1958-12-31,7,229.8
1959-01-01,1,239.0
1959-01-02,3,254.2
1959-01-03,6,270.5
1959-01-04,7,274.6
1959-01-05,25,286.8
1959-01-06,24,
1959-01-07,19,311.2
1959-01-08,18,282.4
1959-01-09,38,272.3
1959-01-10,45,286.5
1959-01-11,14,264.2
1959-01-12,13,255.0
1959-01-13,9,238.8
1959-01-14,8,227.6
1959-01-15,8,209.9
1959-01-16,17,216.0
1959-01-17,18,223.1
1959-01-18,19,240.3
1959-01-19,10,268.7
1959-01-20,4,298.1
1959-01-21,3,319.4
1959-01-22,7,341.0
1959-01-23,8,331.9
1959-01-24,4,338.0
1959-01-25,18,324.9
1959-01-26,22,317.8
1959-01-27,9,325.9
1959-01-28,9,307.6
1959-01-29,17,265.1
1959-01-30,11,226.7
1959-01-31,14,216.6
1959-02-01,11,207.3
1959-02-02,23,207.3
1959-02-03,22,206.2
1959-02-04,36,203.2
1959-02-05,24,193.1
1959-02-06,18,197.1
1959-02-07,11,184.0
1959-02-08,12,183.6
1959-02-09,23,175.6
1959-02-10,6,191.7
1959-02-11,36,200.8
1959-02-12,24,200.8
1959-02-13,21,202.8
1959-02-14,30,200.8
1959-02-15,37,214.7
1959-02-16,61,215.7
1959-02-17,24,221.8
1959-02-18,4,219.7
1959-02-19,12,219.7
1959-02-20,4,229.8
1959-02-21,6,225.8
1959-02-22,17,220.5
1959-02-23,15,213.5
1959-02-24,4,221.5
1959-02-25,69,228.6
1959-02-26,48,220.5
1959-02-27,30,212.5
1959-02-28,44,202.4
1959-03-01,42,188.1
1959-03-02,31,182.1
1959-03-03,23,182.1
1959-03-04,14,179.1
1959-03-05,12,180.1
1959-03-06,6,191.1
1959-03-07,6,189.1
1959-03-08,11,192.0
1959-03-09,4,199.0
1959-03-10,2,205.0
1959-03-11,4,202.0
1959-03-12,18,195.0
1959-03-13,12,208.0
1959-03-14,8,216.1
1959-03-15,6,235.9
1959-03-16,4,247.0
1959-03-17,6,260.0
1959-03-18,7,275.1
1959-03-19,6,282.1
1959-03-20,5,286.1
1959-03-21,6,288.1
1959-03-22,5,262.8
1959-03-23,11,258.8
1959-03-24,8,247.7
1959-03-25,31,248.7
1959-03-26,81,247.7
1959-03-27,178,246.7
1959-03-28,87,248.7
1959-03-29,73,245.7
1959-03-30,20,258.8
1959-03-31,19,254.8
1959-04-01,11,256.5
1959-04-02,6,236.5
1959-04-03,12,216.4
1959-04-04,7,215.4
1959-04-05,6,196.4
1959-04-06,6,196.4
1959-04-07,8,217.4
1959-04-08,22,215.4
1959-04-09,44,215.4
1959-04-10,98,220.4
1959-04-11,23,232.5
1959-04-12,10,224.4
1959-04-13,9,209.4
1959-04-14,11,198.4
1959-04-15,10,189.2
1959-04-16,6,188.2
1959-04-17,7,190.2
1959-04-18,5,181.2
1959-04-19,4,196.2
1959-04-20,5,203.2
1959-04-21,8,203.2
1959-04-22,3,199.2
1959-04-23,40,213.2
1959-04-24,27,213.2
1959-04-25,22,211.2
1959-04-26,18,218.2
1959-04-27,14,212.2
1959-04-28,12,216.2
1959-04-29,24,211.2
1959-04-30,21,220.2
1959-05-01,9,204.2
1959-05-02,7,194.2
1959-05-03,7,195.2
1959-05-04,16,184.2
1959-05-05,29,186.2
1959-05-06,3,202.2
1959-05-07,6,208.2
1959-05-08,33,244.2
1959-05-09,16,249.2
1959-05-10,14,259.3
1959-05-11,26,264.3
1959-05-12,108,266.3
1959-05-13,14,264.3
1959-05-14,5,244.2
1959-05-15,33,228.0
1959-05-16,36,222.0
1959-05-17,13,224.0
1959-05-18,24,213.0
1959-05-19,14,199.0
1959-05-20,10,201.0
1959-05-21,13,201.0
1959-05-22,15,201.0
1959-05-23,12,198.0
1959-05-24,52,199.0
1959-05-25,25,203.0
1959-05-26,7,205.0
1959-05-27,5,208.0
1959-05-28,3,195.0
1959-05-29,3,176.0
1959-05-30,6,177.0
1959-05-31,22,179.0
1959-06-01,7,193.0
1959-06-02,19,198.0
1959-06-03,16,198.0
1959-06-04,22,190.0
1959-06-05,15,197.0
1959-06-06,12,210.0
1959-06-07,8,198.0
1959-06-08,11,213.0
1959-06-09,19,223.0
1959-06-10,12,228.0
1959-06-11,24,226.0
1959-06-12,6,220.0
1959-06-13,4,212.0
1959-06-14,9,208.0
1959-06-15,8,225.0
1959-06-16,6,220.0
1959-06-17,6,225.0
1959-06-18,8,228.0
1959-06-19,7,237.0
1959-06-20,8,226.0
1959-06-21,8,228.0
1959-06-22,11,219.0
1959-06-23,15,220.0
1959-06-24,26,232.0
1959-06-25,6,233.0
1959-06-26,14,238.0
1959-06-27,31,240.0
1959-06-28,34,224.0
1959-06-29,51,219.0
1959-06-30,38,196.0
1959-07-01,5,188.0
1959-07-02,14,174.0
1959-07-03,5,171.0
1959-07-04,15,177.0
1959-07-05,16,176.0
1959-07-06,11,188.0
1959-07-07,14,192.0
1959-07-08,14,185.0
1959-07-09,18,185.0
1959-07-10,13,201.0
1959-07-11,44,194.0
1959-07-12,24,234.0
1959-07-13,11,243.0
1959-07-14,16,264.0
1959-07-15,236,245.0
1959-07-16,47,261.0
1959-07-17,110,240.0
1959-07-18,119,231.0
1959-07-19,31,222.0
1959-07-20,18,208.0
1959-07-21,16,189.0
1959-07-22,13,178.0
1959-07-23,13,178.0
1959-07-24,28,181.0
1959-07-25,38,182.0
1959-07-26,33,182.0
1959-07-27,25,200.0
1959-07-28,13,205.0
1959-07-29,10,207.0
1959-07-30,4,204.0
1959-07-31,15,208.0
1959-08-01,20,214.0
1959-08-02,16,228.0
1959-08-03,20,240.0
1959-08-04,19,236.0
1959-08-05,9,229.0
1959-08-06,22,227.0
1959-08-07,14,212.2
1959-08-08,14,204.2
1959-08-09,22,204.2
1959-08-10,14,202.2
1959-08-11,8,200.2
1959-08-12,5,196.2
1959-08-13,6,194.2
1959-08-14,6,189.2
1959-08-15,27,190.2
1959-08-16,130,201.2
1959-08-17,114,224.2
1959-08-18,28,229.2
1959-08-19,21,215.2
1959-08-20,38,224.2
1959-08-21,34,230.2
1959-08-22,27,243.2
1959-08-23,28,262.3
1959-08-24,20,245.2
1959-08-25,15,253.3
1959-08-26,8,257.3
1959-08-27,5,279.3
1959-08-28,3,302.3
1959-08-29,13,308.3
1959-08-30,9,312.3
1959-08-31,9,305.3
1959-09-01,20,282.6
1959-09-02,34,269.5
1959-09-03,39,257.5
1959-09-04,103,239.5
1959-09-05,34,220.4
1959-09-06,18,200.4
1959-09-07,7,192.4
1959-09-08,10,199.4
1959-09-09,6,209.4
1959-09-10,8,201.4
1959-09-11,15,203.4
1959-09-12,14,195.4
1959-09-13,14,189.4
1959-09-14,18,196.4
1959-09-15,18,184.6
1959-09-16,16,168.5
1959-09-17,23,170.5
1959-09-18,27,167.5
1959-09-19,36,175.5
1959-09-20,61,185.6
1959-09-21,86,182.5
1959-09-22,73,188.8
1959-09-23,24,182.7
1959-09-24,24,183.7
1959-09-25,37,175.7
1959-09-26,23,164.7
1959-09-27,21,163.7
1959-09-28,18,162.6
1959-09-29,9,159.6
1959-09-30,12,156.6
1959-10-01,44,150.7
1959-10-02,23,145.7
1959-10-03,46,144.7
1959-10-04,51,148.7
1959-10-05,37,155.8
1959-10-06,53,174.9
1959-10-07,15,169.8
1959-10-08,8,155.9
1959-10-09,6,153.9
1959-10-10,4,149.9
1959-10-11,3,147.9
1959-10-12,7,154.9
1959-10-13,4,155.9
1959-10-14,13,153.9
1959-10-15,15,161.1
1959-10-16,4,168.2
1959-10-17,17,170.2
1959-10-18,36,172.2
1959-10-19,15,174.2
1959-10-20,8,176.2
1959-10-21,6,176.2
1959-10-22,19,188.5
1959-10-23,9,184.5
1959-10-24,6,182.4
1959-10-25,22,187.5
1959-10-26,26,191.5
1959-10-27,11,
1959-10-28,4,
1959-10-29,6,
1959-10-30,28,
1959-10-31,38,162.3
1959-11-01,43,160.6
1959-11-02,69,169.7
1959-11-03,48,166.6
1959-11-04,36,155.5
1959-11-05,28,152.5
1959-11-06,23,158.6
1959-11-07,11,162.6
1959-11-08,13,174.9
1959-11-09,9,185.0
1959-11-10,10,196.1
1959-11-11,5,195.1
1959-11-12,7,194.1
1959-11-13,12,193.1
1959-11-14,28,189.1
1959-11-15,5,184.4
1959-11-16,8,177.3
1959-11-17,12,163.1
1959-11-18,14,157.0
1959-11-19,11,159.0
1959-11-20,4,156.0
1959-11-21,16,156.0
1959-11-22,17,175.4
1959-11-23,40,189.6
1959-11-24,8,207.9
1959-11-25,10,229.2
1959-11-26,13,224.1
1959-11-27,15,221.1
1959-11-28,82,230.2
1959-11-29,15,228.1
1959-11-30,43,233.2
1959-12-01,28,225.6
1959-12-02,30,220.5
1959-12-03,50,205.2
1959-12-04,12,202.2
1959-12-05,68,207.3
1959-12-06,16,205.2
1959-12-07,6,194.1
1959-12-08,7,196.3
1959-12-09,8,175.9
1959-12-10,6,177.0
1959-12-11,6,173.9
1959-12-12,16,171.9
1959-12-13,18,164.8
1959-12-14,40,167.8
1959-12-15,26,174.1
1959-12-16,17,167.0
1959-12-17,8,170.0
1959-12-18,10,172.0
1959-12-19,14,183.2
1959-12-20,6,181.2
1959-12-21,4,188.3
1959-12-22,6,173.9
1959-12-23,28,168.8
1959-12-24,15,165.8
1959-12-25,8,
1959-12-26,26,163.7
1959-12-27,38,169.8
1959-12-28,40,174.9
1959-12-29,18,173.9
1959-12-30,14,182.0
1959-12-31,7,169.8
1960-01-01,4,
1960-01-02,5,178.0
1960-01-03,6,185.1
1960-01-04,10,196.3
1960-01-05,24,216.6
1960-01-06,9,218.7
1960-01-07,6,227.8
1960-01-08,5,222.5
1960-01-09,4,204.2
1960-01-10,43,197.1
1960-01-11,27,203.2
1960-01-12,15,186.9
1960-01-13,10,180.8
1960-01-14,42,178.8
1960-01-15,30,185.6
1960-01-16,6,185.6
1960-01-17,14,181.5
1960-01-18,23,178.5
1960-01-19,8,166.3
1960-01-20,17,159.2
1960-01-21,50,164.3
1960-01-22,20,174.1
1960-01-23,18,190.3
1960-01-24,18,212.5
1960-01-25,10,232.8
1960-01-26,7,244.9
1960-01-27,9,251.0
1960-01-28,6,255.0
1960-01-29,12,239.8
1960-01-30,2,232.8
1960-01-31,3,226.7
1960-02-01,8,227.5
1960-02-02,15,215.3
1960-02-03,19,217.4
1960-02-04,18,211.3
1960-02-05,19,211.3
1960-02-06,19,194.1
1960-02-07,5,189.1
1960-02-08,10,184.6
1960-02-09,6,184.6
1960-02-10,6,179.6
1960-02-11,8,176.6
1960-02-12,6,167.5
1960-02-13,11,168.5
1960-02-14,29,168.5
1960-02-15,9,161.3
1960-02-16,27,159.3
1960-02-17,23,154.2
1960-02-18,28,152.2
1960-02-19,21,
1960-02-20,19,143.1
1960-02-21,22,157.2
1960-02-22,10,150.0
1960-02-23,10,144.0
1960-02-24,4,141.0
1960-02-25,4,148.0
1960-02-26,6,148.0
1960-02-27,22,148.0
1960-02-28,6,141.0
1960-02-29,16,141.0
1960-03-01,19,137.8
1960-03-02,23,137.8
1960-03-03,21,138.8
1960-03-04,16,139.8
1960-03-05,14,140.8
1960-03-06,13,135.8
1960-03-07,4,139.8
1960-03-08,13,141.7
1960-03-09,11,143.7
1960-03-10,22,132.7
1960-03-11,34,132.7
1960-03-12,8,129.6
1960-03-13,5,135.7
1960-03-14,8,134.7
1960-03-15,21,137.5
1960-03-16,52,142.6
1960-03-17,21,140.6
1960-03-18,12,133.5
1960-03-19,10,137.5
1960-03-20,4,143.6
1960-03-21,7,145.6
1960-03-22,5,150.4
1960-03-23,5,154.5
1960-03-24,16,158.5
1960-03-25,6,157.5
1960-03-26,7,
1960-03-27,6,
1960-03-28,17,175.5
1960-03-29,18,181.5
1960-03-30,20,193.6
1960-03-31,129,182.5
1960-04-01,241,201.4
1960-04-02,62,184.4
1960-04-03,68,179.4
1960-04-04,26,188.4
1960-04-05,34,182.4
1960-04-06,17,169.3
1960-04-07,22,165.3
1960-04-08,16,147.3
1960-04-09,14,148.3
1960-04-10,33,156.3
1960-04-11,25,159.3
1960-04-12,35,168.3
1960-04-13,28,179.4
1960-04-14,14,183.4
1960-04-15,24,190.2
1960-04-16,29,183.2
1960-04-17,30,178.2
1960-04-18,21,176.2
1960-04-19,4,170.2
1960-04-20,2,175.2
1960-04-21,3,163.2
1960-04-22,5,160.2
1960-04-23,15,166.2
1960-04-24,66,165.2
1960-04-25,57,147.1
1960-04-26,18,143.1
1960-04-27,31,140.1
1960-04-28,84,142.1
1960-04-29,55,153.2
1960-04-30,174,161.2
1960-05-01,49,152.2
1960-05-02,15,160.2
1960-05-03,8,158.2
1960-05-04,5,156.2
1960-05-05,10,152.2
1960-05-06,60,156.2
1960-05-07,55,162.2
1960-05-08,128,168.2
1960-05-09,16,170.2
1960-05-10,12,170.2
1960-05-11,42,180.2
1960-05-12,20,179.2
1960-05-13,11,170.2
1960-05-14,13,162.2
1960-05-15,10,162.0
1960-05-16,42,155.0
1960-05-17,14,151.0
1960-05-18,6,153.0
1960-05-19,5,153.0
1960-05-20,4,160.0
1960-05-21,6,164.0
1960-05-22,5,164.0
1960-05-23,26,163.0
1960-05-24,31,164.0
1960-05-25,19,163.0
1960-05-26,19,158.0
1960-05-27,16,166.0
1960-05-28,18,171.0
1960-05-29,54,170.0
1960-05-30,18,170.0
1960-05-31,13,159.0
1960-06-01,28,166.0
1960-06-02,5,167.0
1960-06-03,8,167.0
1960-06-04,52,172.0
1960-06-05,34,170.0
1960-06-06,25,175.0
1960-06-07,15,185.0
1960-06-08,24,185.0
1960-06-09,19,181.0
1960-06-10,6,178.0
1960-06-11,5,171.0
1960-06-12,5,167.0
1960-06-13,6,162.0
1960-06-14,14,166.0
1960-06-15,11,166.0
1960-06-16,6,157.0
1960-06-17,7,153.0
1960-06-18,14,139.0
1960-06-19,16,140.0
1960-06-20,8,133.0
1960-06-21,16,131.0
1960-06-22,13,130.0
1960-06-23,11,136.0
1960-06-24,13,132.0
1960-06-25,26,140.0
1960-06-26,22,155.0
1960-06-27,65,164.0
1960-06-28,36,184.0
1960-06-29,36,190.0
1960-06-30,55,194.0
1960-07-01,26,208.0
1960-07-02,16,207.0
1960-07-03,13,210.0
1960-07-04,20,212.0
1960-07-05,16,209.0
1960-07-06,12,200.0
1960-07-07,5,187.0
1960-07-08,3,176.0
1960-07-09,4,176.0
1960-07-10,8,166.0
1960-07-11,10,153.0
1960-07-12,10,142.0
1960-07-13,12,135.0
1960-07-14,40,139.0
1960-07-15,93,146.0
1960-07-16,77,144.0
1960-07-17,24,153.0
1960-07-18,14,159.0
1960-07-19,35,156.0
1960-07-20,26,152.0
1960-07-21,10,153.0
1960-07-22,10,148.0
1960-07-23,9,151.0
1960-07-24,10,159.0
1960-07-25,4,148.0
1960-07-26,8,149.0
1960-07-27,6,150.0
1960-07-28,6,149.0
1960-07-29,29,154.0
1960-07-30,29,146.0
1960-07-31,37,145.0
1960-08-01,14,140.0
1960-08-02,18,134.0
1960-08-03,7,125.0
1960-08-04,7,122.0
1960-08-05,3,126.0
1960-08-06,7,127.0
1960-08-07,7,134.1
1960-08-08,16,145.1
1960-08-09,22,152.2
1960-08-10,14,170.2
1960-08-11,23,187.2
1960-08-12,24,214.2
1960-08-13,8,234.2
1960-08-14,14,238.2
1960-08-15,8,240.2
1960-08-16,52,241.2
1960-08-17,106,247.2
1960-08-18,16,250.2
1960-08-19,21,234.2
1960-08-20,26,219.2
1960-08-21,28,201.2
1960-08-22,14,189.2
1960-08-23,7,171.2
1960-08-24,6,162.2
1960-08-25,3,158.2
1960-08-26,4,162.2
1960-08-27,16,150.1
1960-08-28,14,140.1
1960-08-29,45,129.1
1960-08-30,58,129.1
1960-08-31,16,132.1
1960-09-01,3,137.3
1960-09-02,20,152.3
1960-09-03,35,149.3
1960-09-04,95,142.3
1960-09-05,118,142.3
1960-09-06,28,149.3
1960-09-07,27,162.3
1960-09-08,19,170.3
1960-09-09,16,173.3
1960-09-10,13,175.3
1960-09-11,15,175.3
1960-09-12,11,177.4
1960-09-13,21,181.4
1960-09-14,13,181.4
1960-09-15,4,178.5
1960-09-16,4,177.5
1960-09-17,8,185.6
1960-09-18,16,190.6
1960-09-19,4,199.6
1960-09-20,5,195.6
1960-09-21,8,189.6
1960-09-22,10,184.7
1960-09-23,14,175.7
1960-09-24,27,162.6
1960-09-25,5,155.6
1960-09-26,10,148.6
1960-09-27,17,142.6
1960-09-28,7,132.5
1960-09-29,14,124.5
1960-09-30,28,121.5
1960-10-01,48,115.6
1960-10-02,49,112.6
1960-10-03,15,120.6
1960-10-04,36,132.7
1960-10-05,34,132.7
1960-10-06,203,132.7
1960-10-07,186,144.7
1960-10-08,33,143.9
1960-10-09,38,151.9
1960-10-10,10,160.0
1960-10-11,17,152.9
1960-10-12,6,160.0
1960-10-13,4,163.0
1960-10-14,3,167.0
1960-10-15,17,166.2
1960-10-16,6,166.2
1960-10-17,7,168.2
1960-10-18,27,155.1
1960-10-19,10,154.1
1960-10-20,10,150.0
1960-10-21,8,145.0
1960-10-22,2,142.1
1960-10-23,3,135.1
1960-10-24,21,130.0
1960-10-25,76,131.0
1960-10-26,63,133.1
1960-10-27,38,133.1
1960-10-28,45,123.0
1960-10-29,40,132.0
1960-10-30,34,129.0
1960-10-31,29,128.0
1960-11-01,12,125.2
1960-11-02,16,130.3
1960-11-03,18,131.3
1960-11-04,52,132.3
1960-11-05,11,145.4
1960-11-06,6,149.5
1960-11-07,6,158.6
1960-11-08,3,169.8
1960-11-09,5,176.9
1960-11-10,6,202.2
1960-11-11,18,190.1
1960-11-12,67,169.8
1960-11-13,280,182.0
1960-11-14,49,194.1
1960-11-15,69,185.4
1960-11-16,94,176.3
1960-11-17,18,166.1
1960-11-18,5,155.0
1960-11-19,6,151.9
1960-11-20,9,148.9
1960-11-21,45,140.8
1960-11-22,30,128.8
1960-11-23,10,117.6
1960-11-24,16,114.6
1960-11-25,39,112.6
1960-11-26,17,118.6
1960-11-27,21,120.7
1960-11-28,21,118.6
1960-11-29,9,120.7
1960-11-30,17,132.8
1960-12-01,93,138.2
1960-12-02,26,147.3
1960-12-03,9,154.4
1960-12-04,6,165.6
1960-12-05,10,161.5
1960-12-06,21,163.6
1960-12-07,25,154.4
1960-12-08,22,156.6
1960-12-09,20,152.5
1960-12-10,10,153.6
1960-12-11,9,146.4
1960-12-12,18,142.4
1960-12-13,14,138.3
1960-12-14,6,134.2
1960-12-15,43,140.5
1960-12-16,33,136.4
1960-12-17,7,127.2
1960-12-18,26,120.1
1960-12-19,17,117.1
1960-12-20,24,120.1
1960-12-21,25,118.1
1960-12-22,20,107.8
1960-12-23,14,104.8
1960-12-24,15,107.8
1960-12-25,9,112.9
1960-12-26,16,118.0
1960-12-27,50,127.1
1960-12-28,23,138.3
1960-12-29,19,147.5
1960-12-30,17,161.7
1960-12-31,15,165.8
1961-01-01,7,166.8
1961-01-02,4,179.0
1961-01-03,5,178.0
1961-01-04,3,167.8
1961-01-05,4,162.7
1961-01-06,6,145.4
1961-01-07,8,134.2
1961-01-08,22,127.0
1961-01-09,30,124.0
1961-01-10,5,116.8
1961-01-11,1,111.8
1961-01-12,5,104.6
1961-01-13,9,97.5
1961-01-14,5,97.5
1961-01-15,19,98.3
1961-01-16,12,101.4
1961-01-17,8,103.4
1961-01-18,17,104.4
1961-01-19,26,103.4
1961-01-20,41,103.4
1961-01-21,18,105.5
1961-01-22,21,103.2
1961-01-23,6,101.2
1961-01-24,18,104.2
1961-01-25,18,104.2
1961-01-26,12,109.3
1961-01-27,8,110.3
1961-01-28,12,126.5
1961-01-29,9,133.6
1961-01-30,4,130.5
1961-01-31,4,124.5
1961-02-01,3,124.4
1961-02-02,2,123.3
1961-02-03,13,119.3
1961-02-04,43,119.3
1961-02-05,29,119.3
1961-02-06,23,122.3
1961-02-07,11,115.3
1961-02-08,9,112.0
1961-02-09,7,109.0
1961-02-10,4,104.9
1961-02-11,9,101.9
1961-02-12,2,98.8
1961-02-13,23,97.8
1961-02-14,8,97.8
1961-02-15,7,98.7
1961-02-16,27,96.7
1961-02-17,29,96.7
1961-02-18,51,96.7
1961-02-19,18,96.7
1961-02-20,30,99.7
1961-02-21,23,100.8
1961-02-22,18,102.7
1961-02-23,11,103.7
1961-02-24,10,104.7
1961-02-25,3,106.7
1961-02-26,4,101.7
1961-02-27,9,103.7
1961-02-28,12,103.7
1961-03-01,8,103.6
1961-03-02,8,103.6
1961-03-03,5,104.6
1961-03-04,3,96.5
1961-03-05,14,94.5
1961-03-06,37,93.5
1961-03-07,3,95.5
1961-03-08,5,94.4
1961-03-09,13,90.4
1961-03-10,46,91.4
1961-03-11,6,98.4
1961-03-12,7,92.4
1961-03-13,10,93.4
1961-03-14,26,91.4
1961-03-15,24,98.3
1961-03-16,20,99.4
1961-03-17,14,98.3
1961-03-18,12,101.4
1961-03-19,38,102.4
1961-03-20,17,105.4
1961-03-21,11,105.4
1961-03-22,13,106.3
1961-03-23,10,110.3
1961-03-24,8,116.3
1961-03-25,5,118.4
1961-03-26,9,121.4
1961-03-27,22,125.4
1961-03-28,17,126.4
1961-03-29,6,126.4
1961-03-30,10,125.4
1961-03-31,6,117.4
1961-04-01,17,113.2
1961-04-02,14,105.2
1961-04-03,27,101.2
1961-04-04,6,103.2
1961-04-05,5,107.2
1961-04-06,9,106.2
1961-04-07,8,98.2
1961-04-08,6,104.2
1961-04-09,24,96.1
1961-04-10,18,93.1
1961-04-11,26,92.1
1961-04-12,10,89.1
1961-04-13,15,88.1
1961-04-14,54,93.1
1961-04-15,61,98.1
1961-04-16,13,103.1
1961-04-17,4,105.1
1961-04-18,5,107.1
1961-04-19,7,105.1
1961-04-20,7,103.1
1961-04-21,2,104.1
1961-04-22,8,103.1
1961-04-23,8,105.1
1961-04-24,11,111.1
1961-04-25,8,111.1
1961-04-26,14,126.1
1961-04-27,12,120.1
1961-04-28,7,114.1
1961-04-29,5,121.1
1961-04-30,9,122.1
1961-05-01,15,125.1
1961-05-02,19,119.1
1961-05-03,4,111.1
1961-05-04,8,104.1
1961-05-05,20,103.1
1961-05-06,30,97.1
1961-05-07,20,97.1
1961-05-08,11,94.0
1961-05-09,15,96.1
1961-05-10,8,92.0
1961-05-11,19,98.1
1961-05-12,15,101.1
1961-05-13,22,97.1
1961-05-14,10,93.0
1961-05-15,4,91.0
1961-05-16,28,88.0
1961-05-17,8,88.0
1961-05-18,3,95.0
1961-05-19,8,100.0
1961-05-20,13,105.0
1961-05-21,5,110.0
1961-05-22,11,109.0
1961-05-23,14,110.0
1961-05-24,8,108.0
1961-05-25,34,106.0
1961-05-26,7,88.0
1961-05-27,6,95.0
1961-05-28,10,91.0
1961-05-29,5,91.0
1961-05-30,9,88.0
1961-05-31,22,88.0
1961-06-01,30,86.0
1961-06-02,28,88.0
1961-06-03,10,92.0
1961-06-04,8,89.0
1961-06-05,9,86.0
1961-06-06,17,88.0
1961-06-07,24,89.0
1961-06-08,16,91.0
1961-06-09,6,100.0
1961-06-10,4,102.0
1961-06-11,2,110.0
1961-06-12,8,108.0
1961-06-13,3,114.0
1961-06-14,4,123.0
1961-06-15,11,129.0
1961-06-16,10,132.0
1961-06-17,6,137.0
1961-06-18,14,136.0
1961-06-19,7,131.0
1961-06-20,10,131.0
1961-06-21,58,132.0
1961-06-22,58,134.0
1961-06-23,9,135.0
1961-06-24,6,117.0
1961-06-25,9,111.0
1961-06-26,6,108.0
1961-06-27,7,99.0
1961-06-28,4,95.0
1961-06-29,25,102.0
1961-06-30,4,103.0
1961-07-01,10,104.0
1961-07-02,12,99.0
1961-07-03,16,104.0
1961-07-04,16,103.0
1961-07-05,45,106.0
1961-07-06,16,102.0
1961-07-07,14,105.0
1961-07-08,10,107.0
1961-07-09,9,112.0
1961-07-10,14,124.0
1961-07-11,9,138.0
1961-07-12,5,137.0
1961-07-13,102,141.0
1961-07-14,98,136.0
1961-07-15,25,136.0
1961-07-16,23,132.0
1961-07-17,36,137.0
1961-07-18,93,131.0
1961-07-19,18,126.0
1961-07-20,19,123.0
1961-07-21,35,118.0
1961-07-22,12,119.0
1961-07-23,17,118.0
1961-07-24,13,118.0
1961-07-25,14,117.0
1961-07-26,23,115.0
1961-07-27,114,111.0
1961-07-28,18,105.0
1961-07-29,8,103.0
1961-07-30,8,92.0
1961-07-31,6,91.0
1961-08-01,8,90.0
1961-08-02,42,87.0
1961-08-03,18,91.0
1961-08-04,18,88.0
1961-08-05,9,90.0
1961-08-06,7,92.0
1961-08-07,4,99.1
1961-08-08,17,105.1
1961-08-09,4,113.1
1961-08-10,11,122.1
1961-08-11,24,130.1
1961-08-12,7,128.1
1961-08-13,2,128.1
1961-08-14,8,127.1
1961-08-15,8,123.1
1961-08-16,5,119.1
1961-08-17,5,119.1
1961-08-18,5,116.1
1961-08-19,9,113.1
1961-08-20,6,109.1
1961-08-21,5,104.1
1961-08-22,2,103.1
1961-08-23,3,98.1
1961-08-24,4,97.1
1961-08-25,9,93.0
1961-08-26,11,95.0
1961-08-27,8,95.0
1961-08-28,5,100.1
1961-08-29,16,103.1
1961-08-30,37,106.1
1961-08-31,30,108.1
1961-09-01,28,110.2
1961-09-02,13,110.2
1961-09-03,12,117.2
1961-09-04,5,118.2
1961-09-05,12,114.2
1961-09-06,5,112.2
1961-09-07,4,115.2
1961-09-08,4,117.2
1961-09-09,8,126.3
1961-09-10,7,130.3
1961-09-11,12,127.3
1961-09-12,17,130.3
1961-09-13,8,130.3
1961-09-14,28,137.3
1961-09-15,6,135.4
1961-09-16,7,133.4
1961-09-17,11,124.4
1961-09-18,7,115.3
1961-09-19,3,108.3
1961-09-20,9,101.3
1961-09-21,2,96.2
1961-09-22,6,92.3
1961-09-23,2,90.3
1961-09-24,42,97.3
1961-09-25,35,97.3
1961-09-26,18,98.3
1961-09-27,26,96.3
1961-09-28,5,96.3
1961-09-29,6,102.4
1961-09-30,36,100.4
1961-10-01,114,98.4
1961-10-02,6,97.4
1961-10-03,5,97.4
1961-10-04,7,102.5
1961-10-05,4,108.5
1961-10-06,5,101.5
1961-10-07,6,99.4
1961-10-08,6,98.5
1961-10-09,3,107.6
1961-10-10,2,106.6
1961-10-11,12,107.6
1961-10-12,20,111.7
1961-10-13,14,111.7
1961-10-14,6,105.6
1961-10-15,3,106.7
1961-10-16,1,100.7
1961-10-17,1,97.6
1961-10-18,3,95.6
1961-10-19,6,95.6
1961-10-20,18,93.6
1961-10-21,8,92.6
1961-10-22,5,89.7
1961-10-23,6,85.6
1961-10-24,5,85.6
1961-10-25,8,83.6
1961-10-26,31,83.6
1961-10-27,30,84.6
1961-10-28,128,86.6
1961-10-29,32,85.6
1961-10-30,6,87.7
1961-10-31,5,86.6
1961-11-01,5,86.8
1961-11-02,4,83.8
1961-11-03,4,81.8
1961-11-04,4,82.8
1961-11-05,19,87.8
1961-11-06,16,87.8
1961-11-07,42,93.9
1961-11-08,23,100.1
1961-11-09,12,99.0
1961-11-10,5,102.1
1961-11-11,3,100.1
1961-11-12,15,95.0
1961-11-13,4,92.0
1961-11-14,13,86.9
1961-11-15,1,85.0
1961-11-16,3,87.1
1961-11-17,16,84.0
1961-11-18,49,80.0
1961-11-19,11,78.0
1961-11-20,13,81.0
1961-11-21,7,84.0
1961-11-22,2,85.1
1961-11-23,2,88.2
1961-11-24,3,88.2
1961-11-25,4,93.2
1961-11-26,5,94.3
1961-11-27,4,96.3
1961-11-28,3,99.3
1961-11-29,3,99.3
1961-11-30,2,105.5
1961-12-01,54,106.7
1961-12-02,66,109.7
1961-12-03,55,112.8
1961-12-04,10,106.7
1961-12-05,11,102.6
1961-12-06,15,102.6
1961-12-07,6,95.5
1961-12-08,2,97.6
1961-12-09,3,93.5
1961-12-10,6,88.4
1961-12-11,14,83.3
1961-12-12,6,79.3
1961-12-13,4,83.3
1961-12-14,4,82.3
1961-12-15,7,82.4
1961-12-16,4,82.4
1961-12-17,4,80.4
1961-12-18,2,82.4
1961-12-19,1,83.4
1961-12-20,3,89.5
1961-12-21,3,91.6
1961-12-22,6,100.7
1961-12-23,12,102.7
1961-12-24,10,105.8
1961-12-25,2,
1961-12-26,4,103.7
1961-12-27,9,104.8
1961-12-28,18,99.6
1961-12-29,13,99.6
1961-12-30,16,95.6
1961-12-31,7,94.5
1962-01-01,6,
1962-01-02,9,
1962-01-03,2,84.7
1962-01-04,1,82.7
1962-01-05,1,79.0
1962-01-06,3,78.0
1962-01-07,3,78.3
1962-01-08,4,75.4
1962-01-09,6,75.1
1962-01-10,52,76.5
1962-01-11,12,76.6
1962-01-12,4,78.6
1962-01-13,5,79.4
1962-01-14,11,83.7
1962-01-15,10,86.8
1962-01-16,12,85.3
1962-01-17,4,87.9
1962-01-18,2,95.5
1962-01-19,15,99.8
1962-01-20,4,108.8
1962-01-21,7,113.2
1962-01-22,1,112.2
1962-01-23,1,117.8
1962-01-24,1,115.3
1962-01-25,4,116.4
1962-01-26,8,116.8
1962-01-27,10,115.9
1962-01-28,3,116.1
1962-01-29,7,110.3
1962-01-30,7,102.8
1962-01-31,1,103.0
1962-02-01,1,111.2
1962-02-02,4,104.3
1962-02-03,4,102.3
1962-02-04,20,104.8
1962-02-05,7,93.4
1962-02-06,6,86.4
1962-02-07,20,83.3
1962-02-08,3,82.6
1962-02-09,6,83.4
1962-02-10,3,81.3
1962-02-11,13,82.6
1962-02-12,20,81.8
1962-02-13,13,85.2
1962-02-14,15,84.1
1962-02-15,12,83.5
1962-02-16,38,86.1
1962-02-17,14,87.7
1962-02-18,6,91.8
1962-02-19,3,109.3
1962-02-20,3,108.2
1962-02-21,7,115.1
1962-02-22,13,121.6
1962-02-23,10,136.9
1962-02-24,9,134.5
1962-02-25,8,130.0
1962-02-26,17,129.9
1962-02-27,16,137.2
1962-02-28,2,122.4
1962-03-01,7,121.7
1962-03-02,7,113.1
1962-03-03,7,100.9
1962-03-04,6,89.3
1962-03-05,17,86.3
1962-03-06,31,81.8
1962-03-07,8,80.5
1962-03-08,2,76.8
1962-03-09,2,78.1
1962-03-10,12,75.8
1962-03-11,12,78.1
1962-03-12,16,82.6
1962-03-13,8,81.7
1962-03-14,4,82.6
1962-03-15,10,84.8
1962-03-16,4,86.6
1962-03-17,4,94.8
1962-03-18,8,98.7
1962-03-19,13,117.0
1962-03-20,13,118.5
1962-03-21,15,128.0
1962-03-22,4,128.6
1962-03-23,4,130.7
1962-03-24,7,126.1
1962-03-25,9,128.1
1962-03-26,4,117.9
1962-03-27,4,117.1
1962-03-28,4,108.8
1962-03-29,8,103.2
1962-03-30,3,98.9
1962-03-31,4,92.4
1962-04-01,11,87.6
1962-04-02,9,82.8
1962-04-03,13,80.5
1962-04-04,12,77.9
1962-04-05,7,76.1
1962-04-06,27,78.2
1962-04-07,58,77.1
1962-04-08,32,76.9
1962-04-09,12,77.9
1962-04-10,30,81.5
1962-04-11,22,88.4
1962-04-12,9,93.5
1962-04-13,5,102.6
1962-04-14,3,109.8
1962-04-15,9,111.5
1962-04-16,7,119.4
1962-04-17,8,114.3
1962-04-18,12,109.1
1962-04-19,7,109.1
1962-04-20,10,109.4
1962-04-21,20,112.2
1962-04-22,30,113.4
1962-04-23,12,108.1
1962-04-24,4,105.1
1962-04-25,13,101.2
1962-04-26,11,99.9
1962-04-27,7,99.7
1962-04-28,8,96.1
1962-04-29,6,93.4
1962-04-30,5,91.4
1962-05-01,9,93.9
1962-05-02,9,95.0
1962-05-03,7,94.5
1962-05-04,2,90.6
1962-05-05,4,87.0
1962-05-06,23,86.5
1962-05-07,7,83.2
1962-05-08,6,84.2
1962-05-09,2,87.3
1962-05-10,6,90.9
1962-05-11,9,97.9
1962-05-12,3,97.9
1962-05-13,13,96.3
1962-05-14,15,94.5
1962-05-15,15,91.1
1962-05-16,8,89.3
1962-05-17,3,93.4
1962-05-18,2,94.7
1962-05-19,10,96.8
1962-05-20,5,103.2
1962-05-21,3,106.0
1962-05-22,3,109.8
1962-05-23,2,110.8
1962-05-24,2,110.8
1962-05-25,2,111.6
1962-05-26,4,110.1
1962-05-27,12,108.5
1962-05-28,6,102.9
1962-05-29,6,104.4
1962-05-30,3,105.2
1962-05-31,22,104.4
1962-06-01,9,98.0
1962-06-02,5,92.4
1962-06-03,5,86.5
1962-06-04,13,85.0
1962-06-05,10,85.0
1962-06-06,10,87.3
1962-06-07,9,91.6
1962-06-08,3,89.6
1962-06-09,22,91.4
1962-06-10,17,90.4
1962-06-11,6,88.6
1962-06-12,8,87.5
1962-06-13,5,88.8
1962-06-14,8,89.3
1962-06-15,11,92.7
1962-06-16,6,95.0
1962-06-17,2,98.0
1962-06-18,2,97.3
1962-06-19,4,98.0
1962-06-20,4,95.7
1962-06-21,12,90.4
1962-06-22,10,90.1
1962-06-23,15,86.3
1962-06-24,6,87.0
1962-06-25,6,89.8
1962-06-26,7,91.9
1962-06-27,19,92.7
1962-06-28,17,90.9
1962-06-29,14,
1962-06-30,13,
1962-07-01,9,
1962-07-02,8,
1962-07-03,8,
1962-07-04,19,89.6
1962-07-05,16,87.8
1962-07-06,12,86.3
1962-07-07,8,87.5
1962-07-08,10,83.2
1962-07-09,6,80.1
1962-07-10,8,80.6
1962-07-11,9,82.7
1962-07-12,7,81.7
1962-07-13,11,85.8
1962-07-14,9,86.3
1962-07-15,6,85.0
1962-07-16,3,83.7
1962-07-17,2,83.7
1962-07-18,4,81.7
1962-07-19,10,80.1
1962-07-20,16,80.1
1962-07-21,12,78.8
1962-07-22,7,80.4
1962-07-23,8,78.1
1962-07-24,16,78.1
1962-07-25,15,74.5
1962-07-26,46,76.0
1962-07-27,28,74.2
1962-07-28,18,74.0
1962-07-29,10,73.2
1962-07-30,5,72.2
1962-07-31,11,73.0
1962-08-01,38,70.9
1962-08-02,10,73.0
1962-08-03,11,71.7
1962-08-04,6,72.7
1962-08-05,8,70.4
1962-08-06,18,71.7
1962-08-07,21,71.4
1962-08-08,32,72.4
1962-08-09,19,73.0
1962-08-10,10,75.5
1962-08-11,2,73.7
1962-08-12,4,76.3
1962-08-13,5,79.1
1962-08-14,9,83.2
1962-08-15,22,91.6
1962-08-16,21,90.4
1962-08-17,24,88.6
1962-08-18,21,84.7
1962-08-19,17,83.4
1962-08-20,5,84.5
1962-08-21,7,81.9
1962-08-22,31,80.4
1962-08-23,17,79.4
1962-08-24,20,78.6
1962-08-25,13,77.0
1962-08-26,8,75.0
1962-08-27,5,73.5
1962-08-28,4,72.4
1962-08-29,15,71.7
1962-08-30,13,72.4
1962-08-31,25,75.3
1962-09-01,29,83.8
1962-09-02,34,93.0
1962-09-03,47,98.5
1962-09-04,36,99.5
1962-09-05,16,97.6
1962-09-06,22,100.3
1962-09-07,14,99.8
1962-09-08,14,97.1
1962-09-09,11,93.8
1962-09-10,11,91.2
1962-09-11,9,90.2
1962-09-12,58,93.5
1962-09-13,23,91.7
1962-09-14,11,95.1
1962-09-15,15,92.9
1962-09-16,10,90.8
1962-09-17,7,78.5
1962-09-18,5,85.7
1962-09-19,39,84.1
1962-09-20,13,83.9
1962-09-21,12,82.9
1962-09-22,21,81.4
1962-09-23,13,82.4
1962-09-24,6,82.7
1962-09-25,7,84.5
1962-09-26,32,84.8
1962-09-27,9,84.0
1962-09-28,9,83.0
1962-09-29,19,86.6
1962-09-30,14,90.1
1962-10-01,43,86.4
1962-10-02,23,85.9
1962-10-03,11,83.6
1962-10-04,10,82.3
1962-10-05,12,85.9
1962-10-06,17,84.1
1962-10-07,12,85.4
1962-10-08,35,87.5
1962-10-09,32,86.8
1962-10-10,22,93.2
1962-10-11,25,93.9
1962-10-12,9,93.9
1962-10-13,11,95.5
1962-10-14,30,96.0
1962-10-15,10,94.8
1962-10-16,20,91.7
1962-10-17,7,91.2
1962-10-18,17,89.4
1962-10-19,29,87.9
1962-10-20,11,88.4
1962-10-21,14,87.6
1962-10-22,22,85.3
1962-10-23,23,84.8
1962-10-24,27,89.8
1962-10-25,34,87.1
1962-10-26,33,87.4
1962-10-27,29,86.9
1962-10-28,18,83.0
1962-10-29,12,80.2
1962-10-30,14,83.0
1962-10-31,9,81.5
1962-11-01,8,80.9
1962-11-02,15,80.9
1962-11-03,14,81.1
1962-11-04,19,82.5
1962-11-05,6,82.5
1962-11-06,24,83.7
1962-11-07,15,85.3
1962-11-08,8,86.1
1962-11-09,5,86.4
1962-11-10,4,
1962-11-11,11,87.7
1962-11-12,4,89.0
1962-11-13,3,93.9
1962-11-14,7,99.5
1962-11-15,26,96.2
1962-11-16,27,100.1
1962-11-17,8,95.2
1962-11-18,1,89.4
1962-11-19,4,89.7
1962-11-20,4,87.4
1962-11-21,19,81.6
1962-11-22,36,79.9
1962-11-23,20,77.8
1962-11-24,16,81.2
1962-11-25,19,78.3
1962-11-26,6,77.5
1962-11-27,9,76.0
1962-11-28,7,75.5
1962-11-29,8,76.3
1962-11-30,31,78.0
1962-12-01,7,78.0
1962-12-02,3,82.7
1962-12-03,4,84.0
1962-12-04,17,83.5
1962-12-05,7,83.2
1962-12-06,3,84.2
1962-12-07,4,87.6
1962-12-08,7,85.9
1962-12-09,7,84.1
1962-12-10,7,85.1
1962-12-11,25,79.1
1962-12-12,11,77.5
1962-12-13,16,78.1
1962-12-14,13,77.6
1962-12-15,11,77.3
1962-12-16,5,77.3
1962-12-17,36,79.7
1962-12-18,44,84.9
1962-12-19,42,85.5
1962-12-20,35,87.8
1962-12-21,22,86.2
1962-12-22,11,83.2
1962-12-23,4,80.6
1962-12-24,4,80.4
1962-12-25,4,
1962-12-26,17,
1962-12-27,6,
1962-12-28,4,74.9
1962-12-29,5,
1962-12-30,4,
1962-12-31,12,
1963-01-01,5,
1963-01-02,1,
1963-01-03,2,78.4
1963-01-04,8,79.9
1963-01-05,3,78.6
1963-01-06,0,77.8
1963-01-07,7,78.1
1963-01-08,2,77.5
1963-01-09,0,79.3
1963-01-10,3,81.1
1963-01-11,6,82.5
1963-01-12,5,79.5
1963-01-13,29,80.0
1963-01-14,31,86.8
1963-01-15,26,85.8
1963-01-16,24,83.0
1963-01-17,19,83.3
1963-01-18,15,81.5
1963-01-19,19,78.6
1963-01-20,6,78.6
1963-01-21,3,76.8
1963-01-22,5,75.9
1963-01-23,9,74.8
1963-01-24,10,74.0
1963-01-25,7,74.5
1963-01-26,2,74.3
1963-01-27,1,81.5
1963-01-28,2,81.0
1963-01-29,5,79.7
1963-01-30,29,79.1
1963-01-31,43,83.3
1963-02-01,13,88.2
1963-02-02,2,87.2
1963-02-03,3,85.9
1963-02-04,3,88.5
1963-02-05,3,87.7
1963-02-06,4,85.6
1963-02-07,3,83.6
1963-02-08,1,82.4
1963-02-09,8,80.1
1963-02-10,45,79.5
1963-02-11,21,76.9
1963-02-12,21,74.6
1963-02-13,27,74.6
1963-02-14,19,75.4
1963-02-15,8,76.6
1963-02-16,4,77.7
1963-02-17,4,79.4
1963-02-18,3,81.5
1963-02-19,2,79.4
1963-02-20,9,77.4
1963-02-21,6,74.7
1963-02-22,6,76.3
1963-02-23,6,75.8
1963-02-24,2,76.5
1963-02-25,4,78.8
1963-02-26,5,77.0
1963-02-27,2,75.3
1963-02-28,7,74.2
1963-03-01,15,74.6
1963-03-02,6,75.7
1963-03-03,8,78.7
1963-03-04,4,80.5
1963-03-05,3,82.6
1963-03-06,5,85.5
1963-03-07,9,84.5
1963-03-08,31,83.9
1963-03-09,18,82.1
1963-03-10,46,80.3
1963-03-11,20,78.6
1963-03-12,12,76.8
1963-03-13,8,74.5
1963-03-14,2,80.0
1963-03-15,2,80.2
1963-03-16,2,79.7
1963-03-17,4,79.7
1963-03-18,6,80.2
1963-03-19,7,77.6
1963-03-20,4,77.1
1963-03-21,3,76.3
1963-03-22,2,76.5
1963-03-23,11,75.2
1963-03-24,4,75.0
1963-03-25,3,75.0
1963-03-26,2,73.4
1963-03-27,1,74.2
1963-03-28,4,73.4
1963-03-29,5,75.0
1963-03-30,3,74.4
1963-03-31,4,71.1
1963-04-01,12,73.3
1963-04-02,4,73.8
1963-04-03,4,74.1
1963-04-04,19,70.2
1963-04-05,32,72.0
1963-04-06,19,77.9
1963-04-07,15,80.2
1963-04-08,7,80.7
1963-04-09,7,82.3
1963-04-10,2,82.5
1963-04-11,3,88.2
1963-04-12,9,93.0
1963-04-13,10,88.9
1963-04-14,17,86.6
1963-04-15,15,87.6
1963-04-16,6,88.1
1963-04-17,7,86.5
1963-04-18,14,88.1
1963-04-19,10,84.2
1963-04-20,7,78.3
1963-04-21,4,74.5
1963-04-22,11,71.7
1963-04-23,9,71.2
1963-04-24,2,72.7
1963-04-25,4,72.2
1963-04-26,5,71.9
1963-04-27,10,74.8
1963-04-28,3,77.8
1963-04-29,4,77.8
1963-04-30,23,80.4
1963-05-01,35,81.7
1963-05-02,24,81.7
1963-05-03,14,81.2
1963-05-04,19,82.2
1963-05-05,10,84.0
1963-05-06,9,86.8
1963-05-07,6,88.3
1963-05-08,10,86.3
1963-05-09,14,88.1
1963-05-10,14,87.3
1963-05-11,18,84.2
1963-05-12,9,87.0
1963-05-13,22,89.3
1963-05-14,12,95.3
1963-05-15,6,98.3
1963-05-16,4,100.1
1963-05-17,6,100.4
1963-05-18,3,98.0
1963-05-19,5,98.8
1963-05-20,8,90.9
1963-05-21,5,87.6
1963-05-22,3,88.6
1963-05-23,3,93.2
1963-05-24,2,89.3
1963-05-25,8,83.5
1963-05-26,6,76.3
1963-05-27,7,80.1
1963-05-28,16,79.4
1963-05-29,21,79.9
1963-05-30,12,82.9
1963-05-31,9,88.6
1963-06-01,11,84.2
1963-06-02,10,80.6
1963-06-03,6,81.2
1963-06-04,5,79.4
1963-06-05,2,78.3
1963-06-06,16,77.3
1963-06-07,43,84.0
1963-06-08,12,89.9
1963-06-09,10,93.4
1963-06-10,5,98.8
1963-06-11,6,102.9
1963-06-12,5,108.8
1963-06-13,5,107.3
1963-06-14,5,100.4
1963-06-15,9,95.7
1963-06-16,2,88.8
1963-06-17,9,86.0
1963-06-18,21,82.4
1963-06-19,10,79.4
1963-06-20,13,75.3
1963-06-21,8,72.7
1963-06-22,4,71.9
1963-06-23,4,71.7
1963-06-24,6,71.9
1963-06-25,23,73.7
1963-06-26,26,74.2
1963-06-27,16,72.2
1963-06-28,13,74.0
1963-06-29,9,73.5
1963-06-30,11,75.5
1963-07-01,5,75.5
1963-07-02,3,77.3
1963-07-03,3,77.6
1963-07-04,14,77.8
1963-07-05,18,78.1
1963-07-06,20,77.1
1963-07-07,11,77.1
1963-07-08,13,76.8
1963-07-09,15,77.1
1963-07-10,10,75.8
1963-07-11,6,75.0
1963-07-12,4,74.0
1963-07-13,5,75.5
1963-07-14,4,76.5
1963-07-15,4,75.5
1963-07-16,7,76.3
1963-07-17,16,74.0
1963-07-18,9,73.7
1963-07-19,5,74.2
1963-07-20,7,76.5
1963-07-21,26,74.8
1963-07-22,13,73.5
1963-07-23,22,71.9
1963-07-24,30,72.2
1963-07-25,13,74.5
1963-07-26,14,73.0
1963-07-27,16,74.0
1963-07-28,6,73.2
1963-07-29,4,76.8
1963-07-30,28,83.7
1963-07-31,18,84.9
1963-08-01,17,86.8
1963-08-02,15,87.3
1963-08-03,9,86.5
1963-08-04,13,87.5
1963-08-05,12,86.2
1963-08-06,11,87.8
1963-08-07,10,85.2
1963-08-08,6,81.4
1963-08-09,9,80.1
1963-08-10,7,76.8
1963-08-11,4,72.2
1963-08-12,4,73.0
1963-08-13,3,73.5
1963-08-14,3,70.9
1963-08-15,7,72.4
1963-08-16,6,75.5
1963-08-17,9,82.3
1963-08-18,26,80.4
1963-08-19,24,79.4
1963-08-20,58,81.2
1963-08-21,27,83.5
1963-08-22,8,86.1
1963-08-23,18,90.4
1963-08-24,9,86.6
1963-08-25,8,84.5
1963-08-26,10,81.7
1963-08-27,16,80.3
1963-08-28,26,77.1
1963-08-29,15,77.2
1963-08-30,10,76.8
1963-08-31,17,76.5
1963-09-01,15,73.7
1963-09-02,8,73.2
1963-09-03,9,74.4
1963-09-04,5,74.8
1963-09-05,9,74.5
1963-09-06,9,73.8
1963-09-07,5,78.1
1963-09-08,15,75.1
1963-09-09,14,77.1
1963-09-10,9,76.1
1963-09-11,20,72.2
1963-09-12,13,76.7
1963-09-13,8,89.2
1963-09-14,82,98.2
1963-09-15,36,98.9
1963-09-16,33,105.3
1963-09-17,43,99.1
1963-09-18,15,97.2
1963-09-19,26,102.1
1963-09-20,13,108.8
1963-09-21,44,90.4
1963-09-22,126,105.4
1963-09-23,78,99.2
1963-09-24,18,95.4
1963-09-25,60,86.7
1963-09-26,27,84.7
1963-09-27,34,78.1
1963-09-28,48,73.9
1963-09-29,19,70.9
1963-09-30,12,69.4
1963-10-01,4,68.3
1963-10-02,3,69.4
1963-10-03,4,70.7
1963-10-04,6,70.9
1963-10-05,8,73.3
1963-10-06,5,77.5
1963-10-07,11,79.1
1963-10-08,16,85.7
1963-10-09,6,86.4
1963-10-10,9,87.0
1963-10-11,22,87.8
1963-10-12,39,84.7
1963-10-13,24,84.9
1963-10-14,31,86.1
1963-10-15,16,88.8
1963-10-16,16,87.9
1963-10-17,5,84.9
1963-10-18,5,83.7
1963-10-19,5,88.5
1963-10-20,13,89.4
1963-10-21,9,94.5
1963-10-22,3,96.2
1963-10-23,3,94.2
1963-10-24,63,95.0
1963-10-25,16,96.7
1963-10-26,8,96.8
1963-10-27,4,89.0
1963-10-28,7,84.9
1963-10-29,74,85.5
1963-10-30,35,86.0
1963-10-31,6,82.7
1963-11-01,8,88.2
1963-11-02,16,85.5
1963-11-03,16,83.6
1963-11-04,6,83.9
1963-11-05,2,81.0
1963-11-06,12,78.6
1963-11-07,39,76.6
1963-11-08,46,75.4
1963-11-09,33,76.4
1963-11-10,29,76.0
1963-11-11,16,77.2
1963-11-12,14,77.3
1963-11-13,5,78.1
1963-11-14,5,78.7
1963-11-15,4,81.7
1963-11-16,3,82.2
1963-11-17,16,81.2
1963-11-18,3,83.4
1963-11-19,2,86.7
1963-11-20,4,85.4
1963-11-21,2,86.8
1963-11-22,6,87.2
1963-11-23,8,85.1
1963-11-24,20,84.3
1963-11-25,16,82.8
1963-11-26,2,82.9
1963-11-27,4,82.2
1963-11-28,5,79.9
1963-11-29,8,80.0
1963-11-30,18,80.2
1963-12-01,5,79.7
1963-12-02,12,81.4
1963-12-03,36,80.2
1963-12-04,25,78.7
1963-12-05,28,76.7
1963-12-06,23,77.4
1963-12-07,15,77.9
1963-12-08,14,78.2
1963-12-09,7,79.7
1963-12-10,0,80.0
1963-12-11,2,81.5
1963-12-12,4,83.1
1963-12-13,8,82.1
1963-12-14,11,80.3
1963-12-15,7,81.9
1963-12-16,7,79.6
1963-12-17,4,79.8
1963-12-18,2,80.0
1963-12-19,4,79.7
1963-12-20,20,80.1
1963-12-21,11,80.1
1963-12-22,13,78.6
1963-12-23,13,77.5
1963-12-24,10,76.8
1963-12-25,3,
1963-12-26,4,75.1
1963-12-27,4,75.5
1963-12-28,11,74.0
1963-12-29,16,73.6
1963-12-30,5,70.3
1963-12-31,3,72.2
1964-01-01,6,
1964-01-02,53,71.8
1964-01-03,21,74.3
1964-01-04,19,74.0
1964-01-05,8,74.9
1964-01-06,5,76.2
1964-01-07,7,76.5
1964-01-08,6,74.3
1964-01-09,20,74.5
1964-01-10,21,74.4
1964-01-11,8,75.7
1964-01-12,6,77.4
1964-01-13,6,77.3
1964-01-14,1,76.8
1964-01-15,2,75.6
1964-01-16,27,75.4
1964-01-17,17,72.5
1964-01-18,7,74.9
1964-01-19,7,75.8
1964-01-20,6,76.9
1964-01-21,2,75.9
1964-01-22,4,75.5
1964-01-23,4,75.6
1964-01-24,11,75.1
1964-01-25,16,74.0
1964-01-26,7,74.6
1964-01-27,4,74.1
1964-01-28,9,78.1
1964-01-29,21,78.4
1964-01-30,10,75.8
1964-01-31,26,75.1
1964-02-01,10,73.7
1964-02-02,8,72.3
1964-02-03,2,71.6
1964-02-04,12,71.9
1964-02-05,11,73.2
1964-02-06,31,73.5
1964-02-07,15,72.7
1964-02-08,20,73.8
1964-02-09,15,72.4
1964-02-10,7,73.3
1964-02-11,3,72.3
1964-02-12,14,73.4
1964-02-13,32,73.9
1964-02-14,10,73.2
1964-02-15,7,73.2
1964-02-16,5,73.6
1964-02-17,6,74.4
1964-02-18,5,76.6
1964-02-19,2,76.2
1964-02-20,18,76.8
1964-02-21,15,79.1
1964-02-22,7,80.3
1964-02-23,8,84.9
1964-02-24,7,85.8
1964-02-25,19,84.9
1964-02-26,18,87.1
1964-02-27,15,85.4
1964-02-28,17,84.9
1964-02-29,8,81.3
1964-03-01,4,77.9
1964-03-02,1,75.6
1964-03-03,7,74.2
1964-03-04,52,75.4
1964-03-05,33,72.5
1964-03-06,17,73.9
1964-03-07,12,73.3
1964-03-08,18,74.0
1964-03-09,9,71.9
1964-03-10,4,73.5
1964-03-11,8,75.4
1964-03-12,16,77.5
1964-03-13,8,78.5
1964-03-14,10,79.2
1964-03-15,11,79.0
1964-03-16,8,77.3
1964-03-17,10,77.8
1964-03-18,3,75.6
1964-03-19,3,74.5
1964-03-20,8,74.6
1964-03-21,12,74.7
1964-03-22,28,78.6
1964-03-23,30,77.6
1964-03-24,19,77.2
1964-03-25,16,74.3
1964-03-26,11,74.5
1964-03-27,3,75.4
1964-03-28,0,75.9
1964-03-29,3,75.2
1964-03-30,26,78.4
1964-03-31,3,77.1
1964-04-01,46,77.5
1964-04-02,26,75.5
1964-04-03,18,76.9
1964-04-04,11,76.9
1964-04-05,11,76.1
1964-04-06,6,75.7
1964-04-07,10,75.6
1964-04-08,14,73.6
1964-04-09,7,75.1
1964-04-10,5,72.9
1964-04-11,14,74.0
1964-04-12,4,72.8
1964-04-13,5,73.1
1964-04-14,4,71.7
1964-04-15,9,71.4
1964-04-16,9,70.7
1964-04-17,16,71.8
1964-04-18,21,71.8
1964-04-19,22,70.9
1964-04-20,15,71.4
1964-04-21,9,71.6
1964-04-22,2,70.7
1964-04-23,3,70.3
1964-04-24,4,71.6
1964-04-25,11,70.6
1964-04-26,10,69.6
1964-04-27,26,69.5
1964-04-28,33,69.9
1964-04-29,16,68.8
1964-04-30,11,69.0
1964-05-01,23,68.9
1964-05-02,11,68.4
1964-05-03,4,69.8
1964-05-04,4,70.3
1964-05-05,9,71.9
1964-05-06,4,70.9
1964-05-07,3,70.9
1964-05-08,1,71.5
1964-05-09,2,70.9
1964-05-10,20,70.1
1964-05-11,19,70.1
1964-05-12,2,79.4
1964-05-13,18,68.5
1964-05-14,27,68.3
1964-05-15,28,68.0
1964-05-16,21,70.0
1964-05-17,9,69.6
1964-05-18,5,70.4
1964-05-19,4,68.7
1964-05-20,3,67.7
1964-05-21,5,68.0
1964-05-22,4,67.1
1964-05-23,6,67.3
1964-05-24,21,68.0
1964-05-25,31,67.5
1964-05-26,7,68.4
1964-05-27,11,67.7
1964-05-28,8,69.6
1964-05-29,5,69.1
1964-05-30,6,68.2
1964-05-31,4,67.7
1964-06-01,5,67.7
1964-06-02,4,68.0
1964-06-03,4,68.2
1964-06-04,4,68.2
1964-06-05,3,67.8
1964-06-06,4,68.4
1964-06-07,5,69.6
1964-06-08,9,69.8
1964-06-09,8,69.0
1964-06-10,49,70.3
1964-06-11,25,70.3
1964-06-12,12,68.9
1964-06-13,9,70.2
1964-06-14,7,70.5
1964-06-15,6,71.6
1964-06-16,4,70.6
1964-06-17,4,71.1
1964-06-18,7,71.7
1964-06-19,5,70.1
1964-06-20,17,70.4
1964-06-21,11,69.7
1964-06-22,5,69.5
1964-06-23,6,67.4
1964-06-24,5,68.0
1964-06-25,10,67.7
1964-06-26,5,67.6
1964-06-27,5,67.4
1964-06-28,11,67.3
1964-06-29,6,67.1
1964-06-30,3,67.2
1964-07-01,4,67.4
1964-07-02,3,67.0
1964-07-03,18,67.3
1964-07-04,8,68.1
1964-07-05,5,67.6
1964-07-06,5,67.8
1964-07-07,18,67.0
1964-07-08,21,67.9
1964-07-09,16,67.1
1964-07-10,13,66.6
1964-07-11,6,67.6
1964-07-12,6,66.9
1964-07-13,6,66.5
1964-07-14,3,69.2
1964-07-15,2,69.5
1964-07-16,7,69.2
1964-07-17,22,68.6
1964-07-18,24,68.0
1964-07-19,14,67.4
1964-07-20,10,66.6
1964-07-21,6,66.4
1964-07-22,9,66.1
1964-07-23,5,66.4
1964-07-24,4,66.1
1964-07-25,5,65.8
1964-07-26,4,64.8
1964-07-27,2,65.3
1964-07-28,2,65.4
1964-07-29,16,65.9
1964-07-30,14,66.2
1964-07-31,7,66.2
1964-08-01,6,66.9
1964-08-02,4,67.7
1964-08-03,5,68.0
1964-08-04,34,67.9
1964-08-05,16,69.0
1964-08-06,7,68.2
1964-08-07,13,67.7
1964-08-08,4,67.5
1964-08-09,8,67.9
1964-08-10,3,68.8
1964-08-11,27,68.1
1964-08-12,14,69.8
1964-08-13,7,74.0
1964-08-14,4,76.1
1964-08-15,3,75.4
1964-08-16,6,73.0
1964-08-17,5,71.5
1964-08-18,6,69.6
1964-08-19,5,70.6
1964-08-20,4,69.7
1964-08-21,4,69.2
1964-08-22,7,69.0
1964-08-23,4,68.8
1964-08-24,3,68.4
1964-08-25,8,67.7
1964-08-26,10,67.5
1964-08-27,8,68.2
1964-08-28,3,67.2
1964-08-29,5,67.1
1964-08-30,3,68.6
1964-08-31,13,68.9
1964-09-01,20,70.1
1964-09-02,10,69.3
1964-09-03,9,69.7
1964-09-04,9,69.9
1964-09-05,6,69.8
1964-09-06,12,70.5
1964-09-07,28,70.8
1964-09-08,23,70.9
1964-09-09,16,71.5
1964-09-10,10,71.9
1964-09-11,4,72.2
1964-09-12,2,72.4
1964-09-13,2,72.1
1964-09-14,2,71.7
1964-09-15,3,71.3
1964-09-16,13,69.7
1964-09-17,9,68.6
1964-09-18,5,68.6
1964-09-19,3,69.0
1964-09-20,2,69.1
1964-09-21,5,68.8
1964-09-22,44,68.9
1964-09-23,8,68.7
1964-09-24,9,68.2
1964-09-25,5,68.0
1964-09-26,4,69.6
1964-09-27,6,69.9
1964-09-28,35,70.4
1964-09-29,7,70.9
1964-09-30,22,71.6
1964-10-01,9,72.2
1964-10-02,4,71.8
1964-10-03,10,72.0
1964-10-04,30,71.1
1964-10-05,20,71.9
1964-10-06,13,73.0
1964-10-07,13,74.4
1964-10-08,15,77.4
1964-10-09,14,73.5
1964-10-10,4,73.3
1964-10-11,3,72.2
1964-10-12,15,70.4
1964-10-13,7,72.7
1964-10-14,7,71.0
1964-10-15,6,71.0
1964-10-16,4,71.5
1964-10-17,6,71.4
1964-10-18,12,72.9
1964-10-19,26,73.3
1964-10-20,12,73.1
1964-10-21,15,71.4
1964-10-22,3,73.0
1964-10-23,1,73.5
1964-10-24,5,74.3
1964-10-25,4,76.9
1964-10-26,18,77.0
1964-10-27,6,76.4
1964-10-28,5,75.1
1964-10-29,7,74.8
1964-10-30,3,74.7
1964-10-31,2,75.7
1964-11-01,14,75.4
1964-11-02,13,75.2
1964-11-03,4,74.6
1964-11-04,7,74.1
1964-11-05,9,73.6
1964-11-06,4,74.6
1964-11-07,1,73.5
1964-11-08,8,73.2
1964-11-09,19,72.4
1964-11-10,11,72.2
1964-11-11,5,72.3
1964-11-12,8,72.9
1964-11-13,4,72.9
1964-11-14,1,73.4
1964-11-15,12,73.1
1964-11-16,10,72.8
1964-11-17,5,76.4
1964-11-18,5,75.9
1964-11-19,2,75.8
1964-11-20,3,76.8
1964-11-21,3,74.6
1964-11-22,6,74.3
1964-11-23,20,72.6
1964-11-24,2,72.1
1964-11-25,2,72.4
1964-11-26,11,70.8
1964-11-27,4,72.5
1964-11-28,10,71.6
1964-11-29,4,74.0
1964-11-30,11,74.6
1964-12-01,8,77.2
1964-12-02,3,77.2
1964-12-03,5,77.9
1964-12-04,4,79.2
1964-12-05,2,78.8
1964-12-06,3,78.0
1964-12-07,10,77.3
1964-12-08,6,78.6
1964-12-09,5,78.7
1964-12-10,3,79.6
1964-12-11,3,80.8
1964-12-12,2,78.0
1964-12-13,9,79.2
1964-12-14,7,79.1
1964-12-15,8,79.7
1964-12-16,15,81.3
1964-12-17,15,81.0
1964-12-18,6,81.3
1964-12-19,9,82.4
1964-12-20,4,80.9
1964-12-21,4,79.4
1964-12-22,3,78.8
1964-12-23,4,77.2
1964-12-24,3,76.2
1964-12-25,4,76.2
1964-12-26,5,75.2
1964-12-27,2,77.6
1964-12-28,3,78.6
1964-12-29,4,79.0
1964-12-30,2,78.0
1964-12-31,3,79.8
1965-01-01,3,87.0
1965-01-02,11,85.6
1965-01-03,7,83.5
1965-01-04,4,82.0
1965-01-05,2,81.3
1965-01-06,2,81.7
1965-01-07,4,79.5
1965-01-08,13,78.7
1965-01-09,7,77.9
1965-01-10,5,77.2
1965-01-11,2,76.3
1965-01-12,12,76.3
1965-01-13,13,76.2
1965-01-14,6,75.6
1965-01-15,6,75.9
1965-01-16,3,74.7
1965-01-17,10,74.6
1965-01-18,5,75.5
1965-01-19,4,74.9
1965-01-20,7,77.1
1965-01-21,10,77.6
1965-01-22,20,77.7
1965-01-23,7,76.6
1965-01-24,2,77.3
1965-01-25,2,76.4
1965-01-26,3,76.8
1965-01-27,6,80.1
1965-01-28,5,78.3
1965-01-29,5,79.9
1965-01-30,4,81.9
1965-01-31,3,80.9
1965-02-01,4,79.3
1965-02-02,2,79.9
1965-02-03,5,79.5
1965-02-04,10,78.2
1965-02-05,5,77.0
1965-02-06,14,77.0
1965-02-07,31,78.1
1965-02-08,17,76.0
1965-02-09,10,76.0
1965-02-10,12,76.5
1965-02-11,10,74.3
1965-02-12,4,73.7
1965-02-13,4,73.0
1965-02-14,11,72.5
1965-02-15,12,73.1
1965-02-16,6,73.7
1965-02-17,2,73.9
1965-02-18,4,72.7
1965-02-19,4,72.8
1965-02-20,5,71.9
1965-02-21,17,72.1
1965-02-22,5,72.4
1965-02-23,18,73.5
1965-02-24,11,75.0
1965-02-25,14,74.7
1965-02-26,7,74.3
1965-02-27,9,76.6
1965-02-28,6,76.8
1965-03-01,7,76.9
1965-03-02,8,75.7
1965-03-03,26,75.4
1965-03-04,21,75.4
1965-03-05,7,76.5
1965-03-06,4,77.1
1965-03-07,7,77.4
1965-03-08,2,74.8
1965-03-09,4,73.3
1965-03-10,2,73.4
1965-03-11,4,72.2
1965-03-12,4,73.8
1965-03-13,10,75.9
1965-03-14,6,74.9
1965-03-15,12,72.9
1965-03-16,4,71.5
1965-03-17,5,71.8
1965-03-18,2,75.3
1965-03-19,4,77.3
1965-03-20,5,74.7
1965-03-21,8,74.3
1965-03-22,8,72.9
1965-03-23,25,73.2
1965-03-24,12,72.7
1965-03-25,20,74.0
1965-03-26,13,73.5
1965-03-27,9,72.3
1965-03-28,5,71.9
1965-03-29,6,72.2
1965-03-30,2,71.6
1965-03-31,4,71.8
1965-04-01,4,71.3
1965-04-02,2,71.7
1965-04-03,3,71.4
1965-04-04,6,71.1
1965-04-05,4,70.8
1965-04-06,7,71.0
1965-04-07,8,70.8
1965-04-08,4,70.6
1965-04-09,11,71.8
1965-04-10,6,73.2
1965-04-11,8,73.8
1965-04-12,7,73.4
1965-04-13,5,73.7
1965-04-14,5,75.4
1965-04-15,4,75.0
1965-04-16,4,74.6
1965-04-17,11,73.2
1965-04-18,68,73.0
1965-04-19,14,74.1
1965-04-20,10,72.4
1965-04-21,3,73.0
1965-04-22,5,72.7
1965-04-23,5,73.2
1965-04-24,5,70.8
1965-04-25,4,69.6
1965-04-26,6,69.1
1965-04-27,5,69.2
1965-04-28,3,69.5
1965-04-29,5,70.2
1965-04-30,5,69.9
1965-05-01,4,71.1
1965-05-02,2,70.8
1965-05-03,3,70.7
1965-05-04,4,69.7
1965-05-05,26,69.0
1965-05-06,6,70.4
1965-05-07,5,71.4
1965-05-08,11,72.0
1965-05-09,12,72.4
1965-05-10,7,72.1
1965-05-11,2,71.1
1965-05-12,4,71.8
1965-05-13,3,74.4
1965-05-14,3,75.4
1965-05-15,4,80.5
1965-05-16,18,86.3
1965-05-17,5,91.1
1965-05-18,4,90.4
1965-05-19,2,92.4
1965-05-20,4,94.7
1965-05-21,5,92.8
1965-05-22,6,92.2
1965-05-23,5,86.2
1965-05-24,6,85.1
1965-05-25,3,81.0
1965-05-26,4,77.9
1965-05-27,6,76.0
1965-05-28,5,74.5
1965-05-29,3,73.7
1965-05-30,3,74.0
1965-05-31,4,71.6
1965-06-01,5,70.8
1965-06-02,6,73.7
1965-06-03,9,75.2
1965-06-04,11,78.2
1965-06-05,6,78.3
1965-06-06,5,78.4
1965-06-07,3,77.2
1965-06-08,9,78.4
1965-06-09,12,79.0
1965-06-10,2,78.3
1965-06-11,5,76.5
1965-06-12,3,76.0
1965-06-13,2,76.8
1965-06-14,6,76.1
1965-06-15,19,76.7
1965-06-16,73,76.0
1965-06-17,34,76.3
1965-06-18,11,78.2
1965-06-19,2,74.9
1965-06-20,2,76.0
1965-06-21,2,75.9
1965-06-22,4,78.2
1965-06-23,3,80.2
1965-06-24,3,78.1
1965-06-25,11,79.3
1965-06-26,10,78.7
1965-06-27,6,77.7
1965-06-28,3,76.7
1965-06-29,11,76.4
1965-06-30,14,77.0
1965-07-01,13,76.0
1965-07-02,5,75.6
1965-07-03,5,76.2
1965-07-04,3,75.9
1965-07-05,3,75.4
1965-07-06,19,78.5
1965-07-07,8,81.5
1965-07-08,21,81.0
1965-07-09,12,81.4
1965-07-10,14,80.3
1965-07-11,2,79.9
1965-07-12,5,78.2
1965-07-13,5,76.3
1965-07-14,4,74.7
1965-07-15,10,74.5
1965-07-16,4,72.1
1965-07-17,2,71.9
1965-07-18,6,71.9
1965-07-19,13,72.5
1965-07-20,5,73.0
1965-07-21,3,72.6
1965-07-22,4,71.5
1965-07-23,13,70.9
1965-07-24,7,70.1
1965-07-25,6,70.0
1965-07-26,4,69.4
1965-07-27,8,70.0
1965-07-28,15,70.6
1965-07-29,12,71.1
1965-07-30,4,71.1
1965-07-31,3,70.7
1965-08-01,5,72.0
1965-08-02,11,73.0
1965-08-03,6,77.3
1965-08-04,7,78.4
1965-08-05,4,76.3
1965-08-06,3,78.8
1965-08-07,6,79.6
1965-08-08,6,77.3
1965-08-09,7,77.6
1965-08-10,4,76.1
1965-08-11,6,76.7
1965-08-12,6,75.9
1965-08-13,3,74.8
1965-08-14,8,73.7
1965-08-15,6,72.5
1965-08-16,7,73.8
1965-08-17,11,72.4
1965-08-18,21,73.2
1965-08-19,27,74.3
1965-08-20,17,73.7
1965-08-21,12,73.6
1965-08-22,5,72.9
1965-08-23,9,73.0
1965-08-24,14,72.7
1965-08-25,13,72.2
1965-08-26,7,72.0
1965-08-27,6,74.5
1965-08-28,3,73.2
1965-08-29,6,74.2
1965-08-30,8,75.0
1965-08-31,11,74.9
1965-09-01,6,75.5
1965-09-02,5,76.0
1965-09-03,4,76.7
1965-09-04,16,76.8
1965-09-05,9,78.8
1965-09-06,9,77.2
1965-09-07,7,77.8
1965-09-08,4,78.7
1965-09-09,3,76.2
1965-09-10,3,75.7
1965-09-11,4,75.8
1965-09-12,11,75.4
1965-09-13,6,75.1
1965-09-14,3,75.3
1965-09-15,15,75.1
1965-09-16,35,73.9
1965-09-17,18,74.0
1965-09-18,16,73.2
1965-09-19,17,73.0
1965-09-20,5,73.0
1965-09-21,5,72.7
1965-09-22,5,71.4
1965-09-23,10,72.0
1965-09-24,10,76.4
1965-09-25,12,76.1
1965-09-26,9,77.3
1965-09-27,20,78.7
1965-09-28,27,80.8
1965-09-29,7,87.6
1965-09-30,3,89.3
1965-10-01,2,92.4
1965-10-02,16,93.6
1965-10-03,3,96.4
1965-10-04,1,97.9
1965-10-05,8,92.0
1965-10-06,2,85.6
1965-10-07,6,84.0
1965-10-08,15,83.3
1965-10-09,4,83.8
1965-10-10,3,80.8
1965-10-11,3,76.4
1965-10-12,6,75.2
1965-10-13,8,76.2
1965-10-14,6,75.1
1965-10-15,2,74.3
1965-10-16,2,72.8
1965-10-17,2,73.0
1965-10-18,6,72.7
1965-10-19,4,72.3
1965-10-20,2,73.2
1965-10-21,1,73.8
1965-10-22,14,76.8
1965-10-23,19,79.3
1965-10-24,14,76.9
1965-10-25,11,78.5
1965-10-26,7,78.8
1965-10-27,6,78.6
1965-10-28,15,77.8
1965-10-29,5,77.3
1965-10-30,8,76.8
1965-10-31,6,78.7
1965-11-01,4,79.5
1965-11-02,5,80.2
1965-11-03,1,81.9
1965-11-04,8,80.6
1965-11-05,13,78.7
1965-11-06,17,81.5
1965-11-07,9,86.0
1965-11-08,4,81.2
1965-11-09,5,82.9
1965-11-10,0,85.0
1965-11-11,3,85.1
1965-11-12,3,81.6
1965-11-13,10,78.1
1965-11-14,3,76.8
1965-11-15,2,77.4
1965-11-16,1,74.9
1965-11-17,4,75.2
1965-11-18,6,75.9
1965-11-19,10,74.3
1965-11-20,17,73.6
1965-11-21,10,73.1
1965-11-22,4,72.8
1965-11-23,2,72.3
1965-11-24,4,72.2
1965-11-25,5,71.5
1965-11-26,4,72.8
1965-11-27,4,75.1
1965-11-28,2,78.0
1965-11-29,3,74.9
1965-11-30,12,76.1
1965-12-01,19,76.6
1965-12-02,9,76.2
1965-12-03,2,76.1
1965-12-04,11,75.6
1965-12-05,3,76.6
1965-12-06,3,77.4
1965-12-07,3,76.5
1965-12-08,4,78.0
1965-12-09,6,76.2
1965-12-10,10,76.5
1965-12-11,10,76.8
1965-12-12,10,77.1
1965-12-13,6,75.2
1965-12-14,2,75.9
1965-12-15,1,78.1
1965-12-16,1,79.0
1965-12-17,2,79.8
1965-12-18,12,79.8
1965-12-19,7,78.1
1965-12-20,4,75.8
1965-12-21,2,75.4
1965-12-22,6,73.5
1965-12-23,3,73.9
1965-12-24,9,72.4
1965-12-25,12,73.3
1965-12-26,19,78.2
1965-12-27,10,85.1
1965-12-28,16,85.2
1965-12-29,8,86.1
1965-12-30,6,83.2
1965-12-31,3,82.1
1966-01-01,2,82.0
1966-01-02,8,78.9
1966-01-03,6,78.5
1966-01-04,11,80.5
1966-01-05,4,80.0
1966-01-06,2,79.7
1966-01-07,7,80.9
1966-01-08,8,80.6
1966-01-09,8,80.1
1966-01-10,7,79.8
1966-01-11,2,80.9
1966-01-12,2,84.0
1966-01-13,2,87.2
1966-01-14,3,93.2
1966-01-15,5,101.9
1966-01-16,0,106.0
1966-01-17,2,101.7
1966-01-18,5,104.8
1966-01-19,3,108.6
1966-01-20,15,102.3
1966-01-21,23,98.9
1966-01-22,27,94.7
1966-01-23,14,93.5
1966-01-24,14,91.8
1966-01-25,11,88.1
1966-01-26,14,85.4
1966-01-27,3,82.4
1966-01-28,7,80.5
1966-01-29,6,80.7
1966-01-30,2,78.7
1966-01-31,2,77.7
1966-02-01,3,79.9
1966-02-02,3,79.2
1966-02-03,11,79.8
1966-02-04,13,81.3
1966-02-05,18,82.9
1966-02-06,8,84.5
1966-02-07,4,85.1
1966-02-08,4,84.6
1966-02-09,3,85.2
1966-02-10,7,86.0
1966-02-11,12,85.8
1966-02-12,5,85.4
1966-02-13,6,86.1
1966-02-14,2,86.1
1966-02-15,4,85.4
1966-02-16,5,84.7
1966-02-17,4,84.1
1966-02-18,3,84.1
1966-02-19,14,83.0
1966-02-20,17,84.7
1966-02-21,4,87.6
1966-02-22,14,87.9
1966-02-23,28,84.5
1966-02-24,19,83.7
1966-02-25,10,80.9
1966-02-26,3,84.8
1966-02-27,4,84.8
1966-02-28,2,85.7
1966-03-01,3,81.2
1966-03-02,3,78.0
1966-03-03,10,77.1
1966-03-04,9,76.7
1966-03-05,5,76.0
1966-03-06,4,76.6
1966-03-07,2,77.4
1966-03-08,3,77.5
1966-03-09,4,79.6
1966-03-10,10,79.6
1966-03-11,6,79.0
1966-03-12,6,79.3
1966-03-13,14,81.0
1966-03-14,64,82.3
1966-03-15,7,88.1
1966-03-16,7,93.8
1966-03-17,6,106.2
1966-03-18,4,110.6
1966-03-19,20,115.5
1966-03-20,10,111.9
1966-03-21,8,121.2
1966-03-22,7,105.8
1966-03-23,67,96.8
1966-03-24,2,93.5
1966-03-25,14,91.6
1966-03-26,20,85.0
1966-03-27,13,83.4
1966-03-28,42,87.9
1966-03-29,12,96.4
1966-03-30,6,99.2
1966-03-31,3,110.6
1966-04-01,18,106.9
1966-04-02,13,106.4
1966-04-03,7,102.1
1966-04-04,8,102.5
1966-04-05,6,101.9
1966-04-06,7,104.0
1966-04-07,10,102.6
1966-04-08,10,107.0
1966-04-09,5,100.0
1966-04-10,5,94.4
1966-04-11,2,93.5
1966-04-12,3,94.4
1966-04-13,15,92.6
1966-04-14,8,90.5
1966-04-15,4,95.7
1966-04-16,3,92.6
1966-04-17,4,94.5
1966-04-18,3,92.1
1966-04-19,2,88.2
1966-04-20,5,92.6
1966-04-21,5,90.8
1966-04-22,13,92.4
1966-04-23,10,97.8
1966-04-24,6,102.5
1966-04-25,3,102.6
1966-04-26,3,100.0
1966-04-27,1,95.6
1966-04-28,4,93.6
1966-04-29,6,93.1
1966-04-30,10,91.9
1966-05-01,8,90.3
1966-05-02,12,92.5
1966-05-03,5,92.4
1966-05-04,12,91.0
1966-05-05,6,87.0
1966-05-06,7,86.0
1966-05-07,4,88.2
1966-05-08,5,86.2
1966-05-09,5,85.9
1966-05-10,2,84.9
1966-05-11,10,86.6
1966-05-12,6,90.7
1966-05-13,7,91.0
1966-05-14,2,95.1
1966-05-15,2,97.1
1966-05-16,5,97.9
1966-05-17,7,96.7
1966-05-18,5,96.4
1966-05-19,3,104.6
1966-05-20,8,112.8
1966-05-21,4,120.6
1966-05-22,4,118.1
1966-05-23,2,111.1
1966-05-24,2,114.7
1966-05-25,5,112.2
1966-05-26,78,109.4
1966-05-27,5,105.6
1966-05-28,5,104.7
1966-05-29,4,103.2
1966-05-30,6,98.8
1966-05-31,48,102.7
1966-06-01,12,101.9
1966-06-02,10,101.0
1966-06-03,7,99.7
1966-06-04,4,99.1
1966-06-05,5,98.7
1966-06-06,4,98.9
1966-06-07,9,94.1
1966-06-08,4,96.6
1966-06-09,3,95.9
1966-06-10,2,93.9
1966-06-11,3,93.2
1966-06-12,7,93.0
1966-06-13,5,93.1
1966-06-14,4,93.9
1966-06-15,6,91.8
1966-06-16,6,94.9
1966-06-17,4,96.4
1966-06-18,3,95.1
1966-06-19,6,93.8
1966-06-20,7,91.3
1966-06-21,4,90.5
1966-06-22,3,93.0
1966-06-23,16,96.0
1966-06-24,16,100.2
1966-06-25,16,101.5
1966-06-26,6,102.1
1966-06-27,4,97.5
1966-06-28,5,98.1
1966-06-29,6,96.5
1966-06-30,6,97.4
1966-07-01,5,96.8
1966-07-02,4,95.0
1966-07-03,4,96.0
1966-07-04,14,101.4
1966-07-05,5,101.6
1966-07-06,5,106.1
1966-07-07,4,108.9
1966-07-08,22,110.6
1966-07-09,36,104.3
1966-07-10,25,104.6
1966-07-11,8,105.4
1966-07-12,15,99.4
1966-07-13,3,97.2
1966-07-14,4,96.6
1966-07-15,8,97.9
1966-07-16,6,99.5
1966-07-17,11,98.0
1966-07-18,4,98.1
1966-07-19,5,98.3
1966-07-20,6,98.6
1966-07-21,14,100.5
1966-07-22,8,103.2
1966-07-23,6,111.3
1966-07-24,6,116.9
1966-07-25,4,122.1
1966-07-26,6,123.7
1966-07-27,11,120.1
1966-07-28,10,120.5
1966-07-29,5,128.9
1966-07-30,6,124.2
1966-07-31,5,121.0
1966-08-01,6,122.2
1966-08-02,1,116.1
1966-08-03,7,114.8
1966-08-04,8,112.7
1966-08-05,10,107.4
1966-08-06,6,103.0
1966-08-07,5,98.7
1966-08-08,5,95.0
1966-08-09,9,93.8
1966-08-10,12,91.8
1966-08-11,14,90.1
1966-08-12,14,90.4
1966-08-13,6,90.8
1966-08-14,9,90.5
1966-08-15,5,91.3
1966-08-16,4,92.8
1966-08-17,2,94.4
1966-08-18,10,95.1
1966-08-19,20,97.7
1966-08-20,7,99.2
1966-08-21,5,100.4
1966-08-22,4,103.1
1966-08-23,22,112.2
1966-08-24,16,119.4
1966-08-25,8,123.6
1966-08-26,6,127.5
1966-08-27,5,130.7
1966-08-28,4,130.0
1966-08-29,13,127.3
1966-08-30,82,123.8
1966-08-31,23,118.7
1966-09-01,22,114.5
1966-09-02,15,104.4
1966-09-03,92,101.5
1966-09-04,112,100.2
1966-09-05,13,98.9
1966-09-06,24,96.4
1966-09-07,14,94.4
1966-09-08,42,94.8
1966-09-09,19,94.0
1966-09-10,19,92.6
1966-09-11,7,95.4
1966-09-12,5,99.5
1966-09-13,4,101.1
1966-09-14,10,106.0
1966-09-15,20,110.8
1966-09-16,10,123.3
1966-09-17,9,127.8
1966-09-18,3,141.3
1966-09-19,17,145.3
1966-09-20,21,144.9
1966-09-21,10,136.1
1966-09-22,6,130.6
1966-09-23,17,126.6
1966-09-24,12,125.3
1966-09-25,13,118.2
1966-09-26,22,108.9
1966-09-27,18,102.5
1966-09-28,20,97.5
1966-09-29,17,98.3
1966-09-30,16,95.4
1966-10-01,6,101.2
1966-10-02,3,101.9
1966-10-03,4,103.1
1966-10-04,26,100.6
1966-10-05,36,100.0
1966-10-06,22,102.0
1966-10-07,8,103.2
1966-10-08,5,99.6
1966-10-09,9,103.8
1966-10-10,3,106.8
1966-10-11,2,110.3
1966-10-12,10,115.3
1966-10-13,8,123.4
1966-10-14,4,120.9
1966-10-15,14,121.3
1966-10-16,33,121.2
1966-10-17,6,121.4
1966-10-18,4,119.5
1966-10-19,4,116.5
1966-10-20,4,125.2
1966-10-21,2,122.0
1966-10-22,2,121.0
1966-10-23,2,112.2
1966-10-24,11,107.3
1966-10-25,22,102.0
1966-10-26,15,98.9
1966-10-27,6,93.2
1966-10-28,5,95.4
1966-10-29,4,101.1
1966-10-30,13,97.1
1966-10-31,34,98.6
1966-11-01,31,96.0
1966-11-02,14,98.3
1966-11-03,17,94.6
1966-11-04,9,93.3
1966-11-05,9,99.6
1966-11-06,7,106.6
1966-11-07,6,115.5
1966-11-08,7,119.2
1966-11-09,3,119.5
1966-11-10,9,124.4
1966-11-11,6,128.7
1966-11-12,8,128.9
1966-11-13,7,129.1
1966-11-14,2,126.7
1966-11-15,4,125.4
1966-11-16,4,123.9
1966-11-17,11,115.9
1966-11-18,12,116.1
1966-11-19,12,113.7
1966-11-20,8,113.6
1966-11-21,6,113.4
1966-11-22,3,119.5
1966-11-23,2,117.6
1966-11-24,6,116.8
1966-11-25,4,113.7
1966-11-26,10,110.2
1966-11-27,6,114.2
1966-11-28,19,107.0
1966-11-29,15,100.7
1966-11-30,28,97.3
1966-12-01,17,94.9
1966-12-02,6,97.8
1966-12-03,4,101.6
1966-12-04,19,107.9
1966-12-05,20,114.2
1966-12-06,7,119.1
1966-12-07,4,121.3
1966-12-08,4,127.5
1966-12-09,3,150.7
1966-12-10,4,162.2
1966-12-11,3,168.0
1966-12-12,2,162.7
1966-12-13,20,160.5
1966-12-14,48,154.3
1966-12-15,18,149.5
1966-12-16,8,139.6
1966-12-17,9,129.0
1966-12-18,5,114.9
1966-12-19,3,116.0
1966-12-20,7,111.2
1966-12-21,12,110.0
1966-12-22,14,109.0
1966-12-23,8,114.4
1966-12-24,12,114.3
1966-12-25,14,115.4
1966-12-26,24,114.7
1966-12-27,34,113.3
1966-12-28,14,111.2
1966-12-29,7,113.0
1966-12-30,6,119.0
1966-12-31,3,124.6
1967-01-01,18,128.7
1967-01-02,7,147.9
1967-01-03,10,159.3
1967-01-04,2,166.2
1967-01-05,3,174.0
1967-01-06,6,166.0
1967-01-07,28,158.9
1967-01-08,60,147.8
1967-01-09,12,149.6
1967-01-10,4,150.6
1967-01-11,16,144.6
1967-01-12,2,143.9
1967-01-13,26,142.8
1967-01-14,61,139.8
1967-01-15,9,130.9
1967-01-16,9,124.2
1967-01-17,4,120.8
1967-01-18,5,121.3
1967-01-19,5,120.3
1967-01-20,13,131.2
1967-01-21,9,142.8
1967-01-22,4,144.4
1967-01-23,5,153.6
1967-01-24,2,151.5
1967-01-25,5,147.3
1967-01-26,4,159.2
1967-01-27,4,163.2
1967-01-28,12,161.0
1967-01-29,4,163.1
1967-01-30,3,163.9
1967-01-31,2,161.1
1967-02-01,4,156.1
1967-02-02,2,147.8
1967-02-03,2,142.9
1967-02-04,11,141.3
1967-02-05,15,151.0
1967-02-06,7,153.1
1967-02-07,30,167.0
1967-02-08,46,152.4
1967-02-09,8,150.0
1967-02-10,2,144.3
1967-02-11,11,137.3
1967-02-12,2,136.5
1967-02-13,4,133.3
1967-02-14,4,132.5
1967-02-15,7,129.7
1967-02-16,64,128.0
1967-02-17,15,125.2
1967-02-18,5,127.1
1967-02-19,5,123.9
1967-02-20,5,131.5
1967-02-21,6,134.8
1967-02-22,7,149.3
1967-02-23,14,152.5
1967-02-24,4,165.7
1967-02-25,15,162.7
1967-02-26,11,176.8
1967-02-27,5,180.1
1967-02-28,4,183.7
1967-03-01,5,197.8
1967-03-02,4,201.2
1967-03-03,8,199.8
1967-03-04,6,209.3
1967-03-05,11,182.1
1967-03-06,8,180.1
1967-03-07,5,166.3
1967-03-08,2,158.3
1967-03-09,12,160.2
1967-03-10,8,150.4
1967-03-11,2,143.5
1967-03-12,2,135.9
1967-03-13,5,130.7
1967-03-14,5,128.6
1967-03-15,2,133.9
1967-03-16,3,133.4
1967-03-17,4,133.9
1967-03-18,23,133.4
1967-03-19,26,137.1
1967-03-20,13,141.5
1967-03-21,10,148.2
1967-03-22,4,150.6
1967-03-23,4,156.6
1967-03-24,3,162.9
1967-03-25,4,170.1
1967-03-26,4,164.6
1967-03-27,18,163.5
1967-03-28,8,181.3
1967-03-29,6,179.0
1967-03-30,11,176.2
1967-03-31,3,168.0
1967-04-01,18,158.8
1967-04-02,12,141.2
1967-04-03,5,133.3
1967-04-04,15,124.9
1967-04-05,11,122.0
1967-04-06,12,118.8
1967-04-07,8,126.0
1967-04-08,5,135.3
1967-04-09,5,132.9
1967-04-10,5,129.8
1967-04-11,4,130.5
1967-04-12,4,129.2
1967-04-13,2,126.1
1967-04-14,3,132.7
1967-04-15,4,123.2
1967-04-16,10,125.2
1967-04-17,10,124.9
1967-04-18,7,127.4
1967-04-19,20,125.5
1967-04-20,7,125.9
1967-04-21,7,132.7
1967-04-22,18,130.1
1967-04-23,21,126.6
1967-04-24,29,129.0
1967-04-25,8,131.3
1967-04-26,3,123.8
1967-04-27,3,127.4
1967-04-28,3,133.2
1967-04-29,5,135.5
1967-04-30,3,133.3
1967-05-01,14,134.5
1967-05-02,25,129.7
1967-05-03,87,124.4
1967-05-04,12,123.7
1967-05-05,10,125.8
1967-05-06,6,120.6
1967-05-07,16,117.5
1967-05-08,5,114.7
1967-05-09,5,111.5
1967-05-10,7,107.3
1967-05-11,10,104.0
1967-05-12,13,107.5
1967-05-13,14,105.1
1967-05-14,10,106.3
1967-05-15,6,108.6
1967-05-16,6,110.6
1967-05-17,11,112.8
1967-05-18,7,121.9
1967-05-19,8,132.4
1967-05-20,6,142.9
1967-05-21,6,156.4
1967-05-22,3,178.3
1967-05-23,9,189.1
1967-05-24,11,195.8
1967-05-25,130,205.4
1967-05-26,146,213.2
1967-05-27,20,208.2
1967-05-28,55,197.3
1967-05-29,45,183.2
1967-05-30,42,172.6
1967-05-31,43,170.6
1967-06-01,4,169.7
1967-06-02,9,153.6
1967-06-03,7,146.2
1967-06-04,13,144.2
1967-06-05,36,134.7
1967-06-06,46,126.7
1967-06-07,22,115.6
1967-06-08,15,106.9
1967-06-09,14,100.6
1967-06-10,7,94.2
1967-06-11,6,94.0
1967-06-12,5,93.6
1967-06-13,6,96.7
1967-06-14,14,100.6
1967-06-15,9,103.9
1967-06-16,6,108.3
1967-06-17,9,108.5
1967-06-18,4,111.7
1967-06-19,5,115.2
1967-06-20,4,117.4
1967-06-21,4,119.0
1967-06-22,5,125.5
1967-06-23,4,128.9
1967-06-24,4,128.2
1967-06-25,24,128.9
1967-06-26,24,123.6
1967-06-27,19,127.2
1967-06-28,10,132.2
1967-06-29,9,129.0
1967-06-30,14,122.0
1967-07-01,17,120.9
1967-07-02,7,121.6
1967-07-03,4,125.3
1967-07-04,6,123.0
1967-07-05,16,119.6
1967-07-06,8,112.8
1967-07-07,12,112.2
1967-07-08,4,108.1
1967-07-09,3,106.1
1967-07-10,3,102.3
1967-07-11,21,103.6
1967-07-12,8,102.7
1967-07-13,7,110.2
1967-07-14,7,118.5
1967-07-15,8,123.5
1967-07-16,4,125.9
1967-07-17,4,125.5
1967-07-18,7,127.1
1967-07-19,4,124.5
1967-07-20,5,131.2
1967-07-21,5,135.9
1967-07-22,3,147.7
1967-07-23,14,156.8
1967-07-24,8,170.9
1967-07-25,11,189.4
1967-07-26,6,193.7
1967-07-27,4,206.8
1967-07-28,12,206.7
1967-07-29,12,209.2
1967-07-30,17,205.2
1967-07-31,2,183.4
1967-08-01,4,171.5
1967-08-02,2,161.9
1967-08-03,3,158.7
1967-08-04,8,145.1
1967-08-05,8,151.0
1967-08-06,6,151.0
1967-08-07,9,146.1
1967-08-08,11,139.5
1967-08-09,7,137.4
1967-08-10,13,133.1
1967-08-11,24,132.6
1967-08-12,8,135.3
1967-08-13,6,134.0
1967-08-14,10,126.7
1967-08-15,6,124.2
1967-08-16,8,129.7
1967-08-17,19,144.7
1967-08-18,14,153.3
1967-08-19,9,168.3
1967-08-20,11,168.9
1967-08-21,6,174.8
1967-08-22,5,174.5
1967-08-23,5,174.5
1967-08-24,7,166.3
1967-08-25,14,167.1
1967-08-26,10,168.5
1967-08-27,7,167.7
1967-08-28,6,166.6
1967-08-29,8,169.3
1967-08-30,10,161.0
1967-08-31,11,162.6
1967-09-01,25,157.7
1967-09-02,18,153.8
1967-09-03,6,144.6
1967-09-04,6,138.6
1967-09-05,4,136.5
1967-09-06,4,131.7
1967-09-07,9,126.5
1967-09-08,9,131.9
1967-09-09,11,129.7
1967-09-10,3,131.8
1967-09-11,3,130.1
1967-09-12,4,130.0
1967-09-13,29,126.0
1967-09-14,14,126.4
1967-09-15,14,129.0
1967-09-16,11,125.0
1967-09-17,5,125.5
1967-09-18,12,127.6
1967-09-19,18,126.6
1967-09-20,44,129.6
1967-09-21,85,125.6
1967-09-22,10,123.7
1967-09-23,4,122.9
1967-09-24,6,131.0
1967-09-25,6,133.4
1967-09-26,4,133.7
1967-09-27,5,136.8
1967-09-28,36,134.1
1967-09-29,45,131.3
1967-09-30,35,131.3
1967-10-01,10,139.4
1967-10-02,5,134.9
1967-10-03,7,131.4
1967-10-04,4,129.9
1967-10-05,7,125.7
1967-10-06,6,130.0
1967-10-07,7,125.9
1967-10-08,12,121.8
1967-10-09,18,122.5
1967-10-10,33,127.7
1967-10-11,13,137.1
1967-10-12,19,136.0
1967-10-13,9,131.5
1967-10-14,13,128.5
1967-10-15,8,123.4
1967-10-16,5,118.8
1967-10-17,10,118.1
1967-10-18,7,114.2
1967-10-19,4,120.3
1967-10-20,3,132.4
1967-10-21,1,131.3
1967-10-22,6,138.7
1967-10-23,8,140.8
1967-10-24,4,142.9
1967-10-25,3,143.8
1967-10-26,3,150.0
1967-10-27,10,163.2
1967-10-28,25,179.3
1967-10-29,25,165.7
1967-10-30,15,161.8
1967-10-31,7,150.9
1967-11-01,3,142.4
1967-11-02,10,143.2
1967-11-03,23,139.7
1967-11-04,9,132.8
1967-11-05,11,123.9
1967-11-06,4,121.8
1967-11-07,3,115.2
1967-11-08,18,115.0
1967-11-09,10,113.3
1967-11-10,4,119.7
1967-11-11,17,126.6
1967-11-12,22,135.6
1967-11-13,17,137.6
1967-11-14,11,139.8
1967-11-15,10,146.1
1967-11-16,9,155.2
1967-11-17,2,158.6
1967-11-18,3,160.6
1967-11-19,3,170.8
1967-11-20,2,170.1
1967-11-21,5,165.4
1967-11-22,13,163.5
1967-11-23,8,160.6
1967-11-24,20,156.7
1967-11-25,11,158.8
1967-11-26,9,162.1
1967-11-27,8,159.3
1967-11-28,17,161.6
1967-11-29,14,154.5
1967-11-30,13,148.6
1967-12-01,33,144.0
1967-12-02,18,135.3
1967-12-03,8,124.1
1967-12-04,7,130.1
1967-12-05,13,125.2
1967-12-06,21,134.2
1967-12-07,20,131.6
1967-12-08,26,133.6
1967-12-09,10,134.0
1967-12-10,6,131.7
1967-12-11,3,141.0
1967-12-12,6,143.6
1967-12-13,5,147.6
1967-12-14,4,158.3
1967-12-15,10,169.6
1967-12-16,8,187.3
1967-12-17,11,208.7
1967-12-18,19,219.4
1967-12-19,30,212.2
1967-12-20,32,208.2
1967-12-21,16,204.6
1967-12-22,12,188.3
1967-12-23,16,169.6
1967-12-24,5,158.1
1967-12-25,3,164.9
1967-12-26,7,171.0
1967-12-27,9,183.1
1967-12-28,5,190.4
1967-12-29,6,182.5
1967-12-30,9,164.3
1967-12-31,59,157.8
1968-01-01,26,177.3
1968-01-02,35,177.7
1968-01-03,9,185.4
1968-01-04,7,190.1
1968-01-05,10,197.7
1968-01-06,16,216.9
1968-01-07,8,231.5
1968-01-08,6,238.1
1968-01-09,3,229.6
1968-01-10,5,215.4
1968-01-11,10,209.4
1968-01-12,13,205.7
1968-01-13,9,203.9
1968-01-14,12,193.4
1968-01-15,10,182.6
1968-01-16,13,166.1
1968-01-17,13,162.6
1968-01-18,10,153.4
1968-01-19,13,146.3
1968-01-20,15,141.8
1968-01-21,8,136.9
1968-01-22,9,140.1
1968-01-23,10,142.3
1968-01-24,10,153.4
1968-01-25,4,165.2
1968-01-26,13,179.6
1968-01-27,9,190.7
1968-01-28,14,219.6
1968-01-29,16,227.5
1968-01-30,11,236.2
1968-01-31,8,246.2
1968-02-01,10,261.7
1968-02-02,19,260.6
1968-02-03,16,251.6
1968-02-04,17,226.7
1968-02-05,8,196.9
1968-02-06,2,177.2
1968-02-07,4,168.8
1968-02-08,14,155.7
1968-02-09,19,155.9
1968-02-10,36,159.9
1968-02-11,51,159.9
1968-02-12,14,163.4
1968-02-13,18,152.9
1968-02-14,5,149.4
1968-02-15,25,145.4
1968-02-16,14,146.0
1968-02-17,18,142.0
1968-02-18,24,138.4
1968-02-19,12,140.7
1968-02-20,35,141.7
1968-02-21,24,151.8
1968-02-22,10,155.2
1968-02-23,5,159.9
1968-02-24,7,168.1
1968-02-25,4,181.0
1968-02-26,4,187.7
1968-02-27,8,179.1
1968-02-28,30,174.0
1968-02-29,18,170.5
1968-03-01,10,165.8
1968-03-02,9,167.3
1968-03-03,14,153.4
1968-03-04,16,146.9
1968-03-05,17,140.0
1968-03-06,7,138.1
1968-03-07,5,133.6
1968-03-08,4,125.9
1968-03-09,4,124.6
1968-03-10,15,125.7
1968-03-11,8,130.0
1968-03-12,8,132.0
1968-03-13,5,129.4
1968-03-14,23,129.3
1968-03-15,28,127.3
1968-03-16,26,129.5
1968-03-17,12,136.6
1968-03-18,12,133.4
1968-03-19,11,131.2
1968-03-20,20,130.6
1968-03-21,7,141.0
1968-03-22,5,143.2
1968-03-23,9,146.4
1968-03-24,22,155.3
1968-03-25,19,156.8
1968-03-26,14,157.4
1968-03-27,16,159.8
1968-03-28,12,157.6
1968-03-29,14,156.7
1968-03-30,27,160.6
1968-03-31,16,156.1
1968-04-01,26,144.0
1968-04-02,12,144.2
1968-04-03,13,137.1
1968-04-04,9,131.6
1968-04-05,34,129.0
1968-04-06,36,124.9
1968-04-07,11,124.5
1968-04-08,3,130.3
1968-04-09,2,140.7
1968-04-10,6,142.2
1968-04-11,10,137.7
1968-04-12,11,142.0
1968-04-13,23,141.1
1968-04-14,26,137.5
1968-04-15,14,139.0
1968-04-16,14,140.0
1968-04-17,10,131.2
1968-04-18,8,126.6
1968-04-19,3,124.2
1968-04-20,2,121.2
1968-04-21,4,122.2
1968-04-22,8,114.4
1968-04-23,12,110.5
1968-04-24,8,116.1
1968-04-25,5,118.5
1968-04-26,26,112.8
1968-04-27,20,117.5
1968-04-28,16,126.6
1968-04-29,14,126.1
1968-04-30,7,130.8
1968-05-01,13,142.5
1968-05-02,14,145.9
1968-05-03,11,153.7
1968-05-04,6,151.9
1968-05-05,4,153.2
1968-05-06,3,145.9
1968-05-07,53,142.7
1968-05-08,7,139.0
1968-05-09,21,137.2
1968-05-10,10,137.0
1968-05-11,17,130.9
1968-05-12,27,124.7
1968-05-13,14,125.7
1968-05-14,11,135.2
1968-05-15,9,138.8
1968-05-16,11,147.3
1968-05-17,15,162.8
1968-05-18,17,174.2
1968-05-19,11,181.0
1968-05-20,19,189.1
1968-05-21,24,189.9
1968-05-22,16,185.7
1968-05-23,13,181.0
1968-05-24,18,178.0
1968-05-25,6,176.4
1968-05-26,4,172.4
1968-05-27,4,166.4
1968-05-28,6,153.9
1968-05-29,9,146.8
1968-05-30,10,147.2
1968-05-31,10,144.8
1968-06-01,17,147.7
1968-06-02,17,141.3
1968-06-03,14,139.8
1968-06-04,9,139.9
1968-06-05,5,134.3
1968-06-06,5,141.3
1968-06-07,11,147.8
1968-06-08,13,150.1
1968-06-09,9,144.5
1968-06-10,36,143.5
1968-06-11,103,142.1
1968-06-12,38,139.1
1968-06-13,48,139.0
1968-06-14,26,135.2
1968-06-15,8,135.4
1968-06-16,13,133.9
1968-06-17,18,135.3
1968-06-18,12,138.6
1968-06-19,14,142.8
1968-06-20,7,146.7
1968-06-21,3,152.2
1968-06-22,10,149.7
1968-06-23,6,158.6
1968-06-24,2,152.5
1968-06-25,4,149.1
1968-06-26,14,141.4
1968-06-27,11,142.7
1968-06-28,6,138.1
1968-06-29,13,134.5
1968-06-30,11,131.4
1968-07-01,10,124.1
1968-07-02,9,116.3
1968-07-03,16,113.3
1968-07-04,10,112.2
1968-07-05,8,115.5
1968-07-06,6,116.2
1968-07-07,7,130.6
1968-07-08,6,142.3
1968-07-09,4,148.6
1968-07-10,35,151.8
1968-07-11,10,157.4
1968-07-12,7,160.8
1968-07-13,22,150.6
1968-07-14,22,150.9
1968-07-15,6,143.2
1968-07-16,9,144.7
1968-07-17,6,139.0
1968-07-18,10,130.9
1968-07-19,8,131.0
1968-07-20,5,129.6
1968-07-21,9,128.9
1968-07-22,19,134.7
1968-07-23,11,141.6
1968-07-24,3,148.0
1968-07-25,7,153.3
1968-07-26,15,149.6
1968-07-27,11,142.4
1968-07-28,8,139.3
1968-07-29,5,140.0
1968-07-30,7,134.4
1968-07-31,5,130.8
1968-08-01,4,130.3
1968-08-02,4,130.3
1968-08-03,12,136.8
1968-08-04,6,131.8
1968-08-05,12,132.1
1968-08-06,16,143.8
1968-08-07,13,136.0
1968-08-08,14,137.9
1968-08-09,13,142.7
1968-08-10,7,142.7
1968-08-11,6,146.7
1968-08-12,6,157.4
1968-08-13,11,166.5
1968-08-14,27,180.4
1968-08-15,22,181.0
1968-08-16,41,174.6
1968-08-17,39,165.1
1968-08-18,19,160.8
1968-08-19,10,156.1
1968-08-20,6,156.2
1968-08-21,4,155.0
1968-08-22,5,150.3
1968-08-23,11,134.7
1968-08-24,19,128.0
1968-08-25,4,121.5
1968-08-26,4,115.6
1968-08-27,5,112.1
1968-08-28,4,117.1
1968-08-29,2,119.3
1968-08-30,3,123.2
1968-08-31,14,121.2
1968-09-01,9,127.2
1968-09-02,10,131.8
1968-09-03,18,140.4
1968-09-04,14,140.8
1968-09-05,12,137.4
1968-09-06,19,133.9
1968-09-07,18,139.0
1968-09-08,48,147.2
1968-09-09,14,147.3
1968-09-10,6,154.0
1968-09-11,4,150.5
1968-09-12,19,154.0
1968-09-13,43,148.7
1968-09-14,29,144.8
1968-09-15,30,134.2
1968-09-16,10,130.6
1968-09-17,6,130.2
1968-09-18,3,127.6
1968-09-19,12,126.2
1968-09-20,7,126.4
1968-09-21,13,132.5
1968-09-22,11,126.6
1968-09-23,22,125.9
1968-09-24,4,142.1
1968-09-25,2,157.3
1968-09-26,4,159.2
1968-09-27,3,157.2
1968-09-28,8,158.2
1968-09-29,9,153.5
1968-09-30,7,143.9
1968-10-01,16,136.2
1968-10-02,47,136.2
1968-10-03,29,145.1
1968-10-04,3,146.1
1968-10-05,2,147.9
1968-10-06,6,145.4
1968-10-07,15,147.0
1968-10-08,7,141.9
1968-10-09,9,137.7
1968-10-10,6,135.0
1968-10-11,2,134.4
1968-10-12,51,137.3
1968-10-13,30,127.8
1968-10-14,14,132.8
1968-10-15,5,137.8
1968-10-16,5,138.2
1968-10-17,9,143.5
1968-10-18,8,150.8
1968-10-19,11,154.9
1968-10-20,7,156.9
1968-10-21,2,164.8
1968-10-22,1,166.5
1968-10-23,3,168.7
1968-10-24,7,175.2
1968-10-25,6,173.8
1968-10-26,5,174.6
1968-10-27,6,175.1
1968-10-28,5,173.3
1968-10-29,37,193.8
1968-10-30,15,166.2
1968-10-31,112,161.9
1968-11-01,122,155.7
1968-11-02,82,154.0
1968-11-03,35,148.5
1968-11-04,27,142.7
1968-11-05,6,135.2
1968-11-06,7,133.8
1968-11-07,17,131.5
1968-11-08,10,135.7
1968-11-09,22,138.0
1968-11-10,12,138.0
1968-11-11,12,135.3
1968-11-12,3,132.1
1968-11-13,6,134.3
1968-11-14,4,134.1
1968-11-15,3,136.5
1968-11-16,17,130.5
1968-11-17,19,143.8
1968-11-18,22,151.5
1968-11-19,6,144.8
1968-11-20,17,142.5
1968-11-21,6,137.1
1968-11-22,5,134.4
1968-11-23,6,135.7
1968-11-24,5,137.8
1968-11-25,8,138.9
1968-11-26,7,138.8
1968-11-27,10,137.8
1968-11-28,7,133.2
1968-11-29,4,131.8
1968-11-30,2,132.3
1968-12-01,9,144.2
1968-12-02,6,154.2
1968-12-03,18,154.1
1968-12-04,21,152.3
1968-12-05,25,151.0
1968-12-06,9,147.2
1968-12-07,5,144.5
1968-12-08,11,146.2
1968-12-09,6,150.1
1968-12-10,14,152.6
1968-12-11,6,148.2
1968-12-12,8,143.4
1968-12-13,6,135.7
1968-12-14,3,138.6
1968-12-15,6,138.4
1968-12-16,8,131.2
1968-12-17,4,134.5
1968-12-18,7,138.3
1968-12-19,12,146.6
1968-12-20,3,149.5
1968-12-21,13,152.0
1968-12-22,13,152.2
1968-12-23,14,151.3
1968-12-24,9,159.3
1968-12-25,20,160.6
1968-12-26,4,159.3
1968-12-27,13,169.1
1968-12-28,5,155.8
1968-12-29,9,147.6
1968-12-30,8,149.1
1968-12-31,11,144.4
1969-01-01,8,144.7
1969-01-02,4,146.9
1969-01-03,1,149.0
1969-01-04,3,159.8
1969-01-05,3,168.0
1969-01-06,1,181.9
1969-01-07,9,189.2
1969-01-08,8,189.3
1969-01-09,4,189.6
1969-01-10,3,175.1
1969-01-11,4,174.3
1969-01-12,6,168.7
1969-01-13,1,162.6
1969-01-14,9,158.5
1969-01-15,13,159.4
1969-01-16,10,157.9
1969-01-17,21,154.0
1969-01-18,20,149.1
1969-01-19,11,136.0
1969-01-20,11,132.2
1969-01-21,6,136.3
1969-01-22,4,138.2
1969-01-23,5,128.8
1969-01-24,12,135.0
1969-01-25,29,138.4
1969-01-26,23,146.7
1969-01-27,12,135.6
1969-01-28,5,133.6
1969-01-29,2,133.2
1969-01-30,6,130.0
1969-01-31,6,130.2
1969-02-01,3,133.7
1969-02-02,47,143.2
1969-02-03,54,143.3
1969-02-04,13,141.8
1969-02-05,10,142.9
1969-02-06,16,142.5
1969-02-07,9,144.2
1969-02-08,9,138.0
1969-02-09,4,137.0
1969-02-10,12,133.1
1969-02-11,62,132.3
1969-02-12,10,127.9
1969-02-13,10,129.4
1969-02-14,10,128.2
1969-02-15,18,128.0
1969-02-16,11,131.1
1969-02-17,4,137.6
1969-02-18,1,142.7
1969-02-19,8,153.5
1969-02-20,8,162.7
1969-02-21,8,173.0
1969-02-22,4,188.9
1969-02-23,9,205.7
1969-02-24,6,210.2
1969-02-25,7,211.3
1969-02-26,12,198.7
1969-02-27,32,200.9
1969-02-28,15,184.0
1969-03-01,10,168.6
1969-03-02,9,154.6
1969-03-03,3,150.4
1969-03-04,6,146.2
1969-03-05,10,138.1
1969-03-06,14,141.5
1969-03-07,17,140.2
1969-03-08,11,139.3
1969-03-09,9,143.8
1969-03-10,5,139.6
1969-03-11,18,138.2
1969-03-12,39,140.2
1969-03-13,8,135.6
1969-03-14,8,140.5
1969-03-15,18,163.6
1969-03-16,15,176.7
1969-03-17,38,202.1
1969-03-18,11,212.8
1969-03-19,17,210.2
1969-03-20,22,215.4
1969-03-21,13,232.4
1969-03-22,11,224.1
1969-03-23,47,207.0
1969-03-24,79,196.6
1969-03-25,22,182.0
1969-03-26,10,192.0
1969-03-27,6,178.4
1969-03-28,6,178.0
1969-03-29,13,182.5
1969-03-30,16,183.3
1969-03-31,15,185.9
1969-04-01,24,188.9
1969-04-02,16,191.6
1969-04-03,17,189.8
1969-04-04,11,177.1
1969-04-05,10,175.5
1969-04-06,11,162.3
1969-04-07,20,153.9
1969-04-08,8,147.2
1969-04-09,12,143.4
1969-04-10,6,148.3
1969-04-11,7,150.0
1969-04-12,11,154.7
1969-04-13,20,171.5
1969-04-14,16,178.3
1969-04-15,14,179.9
1969-04-16,17,165.9
1969-04-17,21,153.5
1969-04-18,15,145.5
1969-04-19,5,145.1
1969-04-20,8,147.8
1969-04-21,6,155.6
1969-04-22,10,146.2
1969-04-23,5,142.5
1969-04-24,9,143.0
1969-04-25,9,145.9
1969-04-26,6,141.9
1969-04-27,11,133.1
1969-04-28,60,133.0
1969-04-29,12,126.3
1969-04-30,27,127.2
1969-05-01,8,123.0
1969-05-02,28,125.8
1969-05-03,15,129.7
1969-05-04,8,133.2
1969-05-05,10,151.4
1969-05-06,8,135.8
1969-05-07,5,127.4
1969-05-08,5,135.9
1969-05-09,11,132.9
1969-05-10,10,135.0
1969-05-11,5,147.2
1969-05-12,8,157.0
1969-05-13,39,150.9
1969-05-14,50,154.3
1969-05-15,131,155.4
1969-05-16,43,155.8
1969-05-17,14,160.4
1969-05-18,20,158.6
1969-05-19,10,153.9
1969-05-20,8,155.3
1969-05-21,13,166.5
1969-05-22,11,173.1
1969-05-23,10,168.4
1969-05-24,10,167.1
1969-05-25,7,164.2
1969-05-26,4,159.4
1969-05-27,3,149.5
1969-05-28,9,139.4
1969-05-29,5,119.3
1969-05-30,11,113.5
1969-05-31,12,108.9
1969-06-01,5,110.1
1969-06-02,6,117.8
1969-06-03,5,129.6
1969-06-04,5,154.5
1969-06-05,6,172.6
1969-06-06,4,190.7
1969-06-07,8,215.7
1969-06-08,14,231.5
1969-06-09,15,228.7
1969-06-10,11,236.2
1969-06-11,8,239.2
1969-06-12,18,229.6
1969-06-13,15,221.6
1969-06-14,32,216.6
1969-06-15,8,194.3
1969-06-16,18,169.3
1969-06-17,18,152.3
1969-06-18,4,149.0
1969-06-19,6,142.3
1969-06-20,10,140.3
1969-06-21,5,135.2
1969-06-22,2,128.8
1969-06-23,5,127.4
1969-06-24,12,124.8
1969-06-25,10,116.4
1969-06-26,6,113.3
1969-06-27,5,110.4
1969-06-28,4,114.4
1969-06-29,4,119.7
1969-06-30,5,132.3
1969-07-01,17,144.3
1969-07-02,6,156.8
1969-07-03,3,162.0
1969-07-04,3,163.6
1969-07-05,2,161.1
1969-07-06,4,159.8
1969-07-07,6,161.2
1969-07-08,5,159.8
1969-07-09,7,160.3
1969-07-10,7,159.0
1969-07-11,6,152.9
1969-07-12,12,146.6
1969-07-13,14,140.5
1969-07-14,13,130.0
1969-07-15,5,122.5
1969-07-16,10,122.1
1969-07-17,4,120.2
1969-07-18,3,116.1
1969-07-19,2,114.3
1969-07-20,3,111.7
1969-07-21,4,112.1
1969-07-22,7,111.5
1969-07-23,5,112.9
1969-07-24,4,112.1
1969-07-25,4,114.1
1969-07-26,20,115.5
1969-07-27,45,123.1
1969-07-28,4,131.0
1969-07-29,2,133.0
1969-07-30,13,142.6
1969-07-31,6,162.1
1969-08-01,3,170.6
1969-08-02,5,186.9
1969-08-03,14,183.3
1969-08-04,13,187.5
1969-08-05,7,182.4
1969-08-06,5,167.1
1969-08-07,8,158.7
1969-08-08,9,146.2
1969-08-09,11,141.5
1969-08-10,6,135.6
1969-08-11,4,132.3
1969-08-12,21,125.2
1969-08-13,7,120.0
1969-08-14,6,114.5
1969-08-15,4,112.6
1969-08-16,4,109.6
1969-08-17,6,105.3
1969-08-18,7,102.6
1969-08-19,13,101.5
1969-08-20,7,106.9
1969-08-21,6,113.6
1969-08-22,5,118.3
1969-08-23,11,130.3
1969-08-24,6,142.9
1969-08-25,4,151.5
1969-08-26,15,153.2
1969-08-27,21,164.3
1969-08-28,6,168.1
1969-08-29,4,174.1
1969-08-30,4,166.4
1969-08-31,5,160.7
1969-09-01,3,153.5
1969-09-02,2,152.5
1969-09-03,4,149.2
1969-09-04,4,148.0
1969-09-05,18,136.0
1969-09-06,20,133.6
1969-09-07,13,126.4
1969-09-08,19,122.3
1969-09-09,10,115.7
1969-09-10,8,115.0
1969-09-11,8,117.5
1969-09-12,4,119.2
1969-09-13,2,129.5
1969-09-14,11,128.1
1969-09-15,19,133.8
1969-09-16,7,132.7
1969-09-17,12,132.0
1969-09-18,19,133.2
1969-09-19,9,130.8
1969-09-20,8,135.4
1969-09-21,5,136.7
1969-09-22,3,139.5
1969-09-23,7,144.5
1969-09-24,6,158.7
1969-09-25,10,168.5
1969-09-26,4,158.1
1969-09-27,6,150.7
1969-09-28,47,142.1
1969-09-29,71,139.5
1969-09-30,90,136.6
1969-10-01,20,133.6
1969-10-02,31,143.1
1969-10-03,18,132.4
1969-10-04,10,132.2
1969-10-05,6,140.9
1969-10-06,16,143.3
1969-10-07,6,145.1
1969-10-08,3,150.4
1969-10-09,9,142.1
1969-10-10,21,137.1
1969-10-11,10,130.6
1969-10-12,9,128.5
1969-10-13,5,124.9
1969-10-14,3,119.7
1969-10-15,3,118.4
1969-10-16,5,116.2
1969-10-17,6,123.2
1969-10-18,7,129.8
1969-10-19,10,147.0
1969-10-20,5,163.4
1969-10-21,8,178.6
1969-10-22,7,188.1
1969-10-23,4,195.1
1969-10-24,14,206.8
1969-10-25,7,206.5
1969-10-26,4,207.1
1969-10-27,8,203.4
1969-10-28,6,192.1
1969-10-29,4,174.9
1969-10-30,1,164.0
1969-10-31,5,156.2
1969-11-01,3,141.5
1969-11-02,11,141.2
1969-11-03,16,128.8
1969-11-04,6,131.8
1969-11-05,6,132.3
1969-11-06,3,134.3
1969-11-07,12,138.3
1969-11-08,14,132.9
1969-11-09,40,130.2
1969-11-10,37,125.3
1969-11-11,11,124.5
1969-11-12,7,124.9
1969-11-13,5,129.3
1969-11-14,2,137.0
1969-11-15,2,141.0
1969-11-16,2,148.8
1969-11-17,3,163.9
1969-11-18,4,181.4
1969-11-19,7,189.8
1969-11-20,4,193.5
1969-11-21,2,203.1
1969-11-22,10,210.6
1969-11-23,5,214.9
1969-11-24,6,206.1
1969-11-25,6,190.7
1969-11-26,11,180.0
1969-11-27,22,177.6
1969-11-28,9,161.2
1969-11-29,14,145.4
1969-11-30,18,140.4
1969-12-01,5,133.9
1969-12-02,4,135.3
1969-12-03,4,135.6
1969-12-04,7,143.0
1969-12-05,18,137.3
1969-12-06,19,127.1
1969-12-07,5,124.4
1969-12-08,5,115.6
1969-12-09,12,119.7
1969-12-10,8,118.4
1969-12-11,11,121.7
1969-12-12,5,126.2
1969-12-13,3,133.7
1969-12-14,4,136.9
1969-12-15,5,140.2
1969-12-16,11,141.4
1969-12-17,4,148.9
1969-12-18,3,148.9
1969-12-19,4,152.1
1969-12-20,3,159.3
1969-12-21,3,165.6
1969-12-22,7,168.4
1969-12-23,11,161.6
1969-12-24,9,158.1
1969-12-25,9,158.8
1969-12-26,10,156.2
1969-12-27,9,151.9
1969-12-28,4,154.1
1969-12-29,4,158.6
1969-12-30,2,163.3
1969-12-31,3,156.5
1970-01-01,8,156.0
1970-01-02,30,149.4
1970-01-03,9,141.8
1970-01-04,3,136.0
1970-01-05,6,130.8
1970-01-06,5,121.6
1970-01-07,5,116.9
1970-01-08,6,117.2
1970-01-09,10,123.7
1970-01-10,6,139.1
1970-01-11,4,165.6
1970-01-12,8,177.5
1970-01-13,4,178.8
1970-01-14,6,177.7
1970-01-15,7,186.1
1970-01-16,17,180.1
1970-01-17,11,186.6
1970-01-18,6,185.3
1970-01-19,5,181.1
1970-01-20,7,174.0
1970-01-21,6,182.8
1970-01-22,5,165.6
1970-01-23,5,158.3
1970-01-24,7,148.2
1970-01-25,2,154.3
1970-01-26,2,161.4
1970-01-27,6,168.0
1970-01-28,5,167.0
1970-01-29,6,168.3
1970-01-30,12,159.6
1970-01-31,8,147.7
1970-02-01,9,138.6
1970-02-02,20,137.1
1970-02-03,7,127.4
1970-02-04,12,122.8
1970-02-05,10,124.5
1970-02-06,4,135.7
1970-02-07,2,143.3
1970-02-08,2,156.8
1970-02-09,3,158.4
1970-02-10,5,174.8
1970-02-11,3,189.2
1970-02-12,3,206.4
1970-02-13,5,202.7
1970-02-14,11,201.2
1970-02-15,8,206.8
1970-02-16,5,198.1
1970-02-17,10,198.7
1970-02-18,9,202.4
1970-02-19,4,203.2
1970-02-20,3,200.9
1970-02-21,2,195.4
1970-02-22,2,187.1
1970-02-23,4,187.8
1970-02-24,11,189.9
1970-02-25,4,183.3
1970-02-26,10,181.9
1970-02-27,8,180.3
1970-02-28,14,177.5
1970-03-01,22,178.9
1970-03-02,16,176.0
1970-03-03,15,170.2
1970-03-04,16,168.0
1970-03-05,12,172.6
1970-03-06,25,170.4
1970-03-07,42,171.0
1970-03-08,149,175.3
1970-03-09,47,166.8
1970-03-10,7,160.4
1970-03-11,3,158.4
1970-03-12,6,166.4
1970-03-13,8,154.3
1970-03-14,3,148.9
1970-03-15,7,146.5
1970-03-16,3,140.4
1970-03-17,5,135.0
1970-03-18,6,134.7
1970-03-19,5,131.2
1970-03-20,4,142.2
1970-03-21,3,150.8
1970-03-22,2,152.0
1970-03-23,5,165.9
1970-03-24,2,170.8
1970-03-25,3,168.0
1970-03-26,5,167.1
1970-03-27,16,159.8
1970-03-28,21,154.3
1970-03-29,17,153.6
1970-03-30,16,149.7
1970-03-31,51,149.6
1970-04-01,6,161.0
1970-04-02,6,167.3
1970-04-03,11,163.5
1970-04-04,10,170.2
1970-04-05,9,179.2
1970-04-06,23,192.5
1970-04-07,10,193.0
1970-04-08,12,202.5
1970-04-09,18,217.8
1970-04-10,3,223.8
1970-04-11,8,205.4
1970-04-12,6,197.5
1970-04-13,4,184.2
1970-04-14,3,172.8
1970-04-15,5,162.5
1970-04-16,14,151.1
1970-04-17,29,146.8
1970-04-18,18,140.6
1970-04-19,21,134.5
1970-04-20,21,129.9
1970-04-21,90,125.0
1970-04-22,41,127.2
1970-04-23,14,128.7
1970-04-24,16,128.6
1970-04-25,17,133.2
1970-04-26,13,133.6
1970-04-27,10,136.1
1970-04-28,5,146.5
1970-04-29,7,153.8
1970-04-30,18,151.0
1970-05-01,11,157.0
1970-05-02,9,158.2
1970-05-03,10,160.8
1970-05-04,6,159.6
1970-05-05,12,164.9
1970-05-06,6,160.4
1970-05-07,6,159.4
1970-05-08,4,153.8
1970-05-09,4,152.0
1970-05-10,2,159.6
1970-05-11,3,172.7
1970-05-12,15,176.6
1970-05-13,6,189.1
1970-05-14,13,192.6
1970-05-15,10,201.9
1970-05-16,6,201.4
1970-05-17,10,192.6
1970-05-18,5,190.0
1970-05-19,6,192.8
1970-05-20,13,179.6
1970-05-21,8,170.6
1970-05-22,6,166.1
1970-05-23,7,159.6
1970-05-24,6,158.5
1970-05-25,7,156.5
1970-05-26,2,158.5
1970-05-27,15,151.1
1970-05-28,45,149.8
1970-05-29,13,154.2
1970-05-30,11,159.2
1970-05-31,6,160.7
1970-06-01,28,141.5
1970-06-02,9,137.8
1970-06-03,11,129.6
1970-06-04,8,128.0
1970-06-05,6,129.0
1970-06-06,3,126.2
1970-06-07,9,130.6
1970-06-08,13,130.3
1970-06-09,5,134.0
1970-06-10,6,141.5
1970-06-11,4,164.4
1970-06-12,5,166.5
1970-06-13,10,194.1
1970-06-14,8,201.0
1970-06-15,13,202.7
1970-06-16,9,192.4
1970-06-17,13,184.7
1970-06-18,27,176.0
1970-06-19,8,169.5
1970-06-20,18,158.1
1970-06-21,17,155.5
1970-06-22,4,145.3
1970-06-23,4,139.1
1970-06-24,6,137.8
1970-06-25,6,144.5
1970-06-26,13,146.4
1970-06-27,35,154.7
1970-06-28,7,155.2
1970-06-29,6,162.5
1970-06-30,5,169.1
1970-07-01,10,174.0
1970-07-02,11,182.8
1970-07-03,24,188.2
1970-07-04,26,188.6
1970-07-05,16,184.7
1970-07-06,15,180.3
1970-07-07,5,160.8
1970-07-08,10,155.1
1970-07-09,87,143.5
1970-07-10,34,139.1
1970-07-11,10,133.2
1970-07-12,14,131.1
1970-07-13,10,126.5
1970-07-14,9,122.3
1970-07-15,5,118.0
1970-07-16,6,117.5
1970-07-17,8,121.9
1970-07-18,5,126.8
1970-07-19,5,131.5
1970-07-20,6,132.0
1970-07-21,30,145.9
1970-07-22,12,158.7
1970-07-23,9,153.8
1970-07-24,26,158.9
1970-07-25,92,163.8
1970-07-26,21,170.8
1970-07-27,14,180.3
1970-07-28,4,176.6
1970-07-29,45,156.2
1970-07-30,7,151.4
1970-07-31,14,137.4
1970-08-01,4,130.1
1970-08-02,6,124.8
1970-08-03,4,124.2
1970-08-04,4,123.8
1970-08-05,3,124.8
1970-08-06,8,124.4
1970-08-07,12,124.7
1970-08-08,26,128.2
1970-08-09,19,134.5
1970-08-10,7,133.7
1970-08-11,9,123.9
1970-08-12,9,133.3
1970-08-13,6,145.9
1970-08-14,4,162.8
1970-08-15,7,164.8
1970-08-16,21,158.5
1970-08-17,115,147.9
1970-08-18,36,145.4
1970-08-19,14,142.0
1970-08-20,4,145.1
1970-08-21,5,139.6
1970-08-22,6,138.5
1970-08-23,7,143.1
1970-08-24,4,137.2
1970-08-25,8,133.6
1970-08-26,17,132.9
1970-08-27,12,134.4
1970-08-28,12,138.8
1970-08-29,10,145.8
1970-08-30,5,146.2
1970-08-31,12,151.6
1970-09-01,23,151.4
1970-09-02,18,153.9
1970-09-03,15,160.5
1970-09-04,11,160.7
1970-09-05,8,159.8
1970-09-06,5,159.0
1970-09-07,6,162.0
1970-09-08,8,154.6
1970-09-09,5,155.0
1970-09-10,6,141.9
1970-09-11,1,132.7
1970-09-12,5,124.5
1970-09-13,24,118.6
1970-09-14,19,120.3
1970-09-15,11,116.7
1970-09-16,8,117.1
1970-09-17,8,115.7
1970-09-18,10,119.6
1970-09-19,18,133.5
1970-09-20,15,145.7
1970-09-21,23,148.2
1970-09-22,12,154.1
1970-09-23,6,160.5
1970-09-24,6,155.1
1970-09-25,8,155.0
1970-09-26,6,155.1
1970-09-27,19,149.4
1970-09-28,7,143.9
1970-09-29,5,138.3
1970-09-30,9,134.3
1970-10-01,10,128.4
1970-10-02,9,125.3
1970-10-03,14,125.9
1970-10-04,25,137.3
1970-10-05,9,134.5
1970-10-06,6,128.1
1970-10-07,4,133.4
1970-10-08,2,142.3
1970-10-09,2,145.3
1970-10-10,7,148.0
1970-10-11,15,143.4
1970-10-12,16,135.9
1970-10-13,9,132.5
1970-10-14,8,135.6
1970-10-15,4,141.0
1970-10-16,37,134.9
1970-10-17,34,132.4
1970-10-18,39,139.6
1970-10-19,11,140.1
1970-10-20,7,138.4
1970-10-21,1,137.7
1970-10-22,18,136.4
1970-10-23,29,150.5
1970-10-24,14,163.0
1970-10-25,6,170.6
1970-10-26,4,189.4
1970-10-27,5,194.3
1970-10-28,15,192.8
1970-10-29,13,191.7
1970-10-30,9,177.7
1970-10-31,4,171.2
1970-11-01,2,165.8
1970-11-02,4,161.7
1970-11-03,8,155.7
1970-11-04,7,150.9
1970-11-05,9,150.0
1970-11-06,12,152.5
1970-11-07,58,153.4
1970-11-08,8,143.8
1970-11-09,8,144.6
1970-11-10,17,150.8
1970-11-11,20,158.8
1970-11-12,10,168.6
1970-11-13,9,182.9
1970-11-14,7,190.4
1970-11-15,4,204.5
1970-11-16,5,197.9
1970-11-17,6,188.4
1970-11-18,18,197.6
1970-11-19,18,190.1
1970-11-20,3,178.0
1970-11-21,30,167.3
1970-11-22,18,158.2
1970-11-23,21,146.1
1970-11-24,12,137.5
1970-11-25,13,131.3
1970-11-26,8,132.8
1970-11-27,10,138.9
1970-11-28,8,153.0
1970-11-29,2,152.5
1970-11-30,1,156.9
1970-12-01,1,150.6
1970-12-02,4,152.7
1970-12-03,4,152.5
1970-12-04,5,158.6
1970-12-05,8,166.7
1970-12-06,8,172.5
1970-12-07,8,171.7
1970-12-08,19,172.5
1970-12-09,6,176.8
1970-12-10,3,176.2
1970-12-11,2,178.1
1970-12-12,4,184.1
1970-12-13,4,169.6
1970-12-14,65,159.5
1970-12-15,14,159.0
1970-12-16,4,151.5
1970-12-17,3,151.7
1970-12-18,3,156.6
1970-12-19,10,157.4
1970-12-20,8,160.7
1970-12-21,4,151.1
1970-12-22,6,141.3
1970-12-23,7,136.6
1970-12-24,14,128.6
1970-12-25,4,128.2
1970-12-26,4,126.5
1970-12-27,8,123.9
1970-12-28,18,121.3
1970-12-29,12,127.6
1970-12-30,13,133.4
1970-12-31,2,137.9
1971-01-01,6,135.0
1971-01-02,19,139.4
1971-01-03,33,139.3
1971-01-04,16,145.0
1971-01-05,9,151.1
1971-01-06,4,151.9
1971-01-07,1,155.3
1971-01-08,0,154.2
1971-01-09,1,158.1
1971-01-10,6,157.3
1971-01-11,8,154.1
1971-01-12,3,155.6
1971-01-13,6,153.2
1971-01-14,9,159.2
1971-01-15,8,158.9
1971-01-16,7,161.6
1971-01-17,6,160.4
1971-01-18,15,165.6
1971-01-19,13,171.3
1971-01-20,29,174.8
1971-01-21,12,184.6
1971-01-22,10,186.4
1971-01-23,6,188.8
1971-01-24,10,182.7
1971-01-25,9,174.0
1971-01-26,2,170.2
1971-01-27,37,171.9
1971-01-28,39,171.3
1971-01-29,16,165.7
1971-01-30,26,168.0
1971-01-31,17,175.2
1971-02-01,16,170.5
1971-02-02,9,165.3
1971-02-03,4,159.3
1971-02-04,4,152.9
1971-02-05,4,148.9
1971-02-06,6,147.8
1971-02-07,6,137.1
1971-02-08,10,126.6
1971-02-09,10,113.5
1971-02-10,10,112.4
1971-02-11,5,112.6
1971-02-12,6,113.5
1971-02-13,4,116.1
1971-02-14,16,117.7
1971-02-15,29,120.1
1971-02-16,28,133.0
1971-02-17,13,135.9
1971-02-18,12,133.5
1971-02-19,9,141.8
1971-02-20,8,139.3
1971-02-21,7,139.2
1971-02-22,3,146.8
1971-02-23,13,146.3
1971-02-24,13,150.7
1971-02-25,43,149.4
1971-02-26,31,146.1
1971-02-27,10,142.7
1971-02-28,6,139.2
1971-03-01,4,131.6
1971-03-02,4,128.0
1971-03-03,9,123.8
1971-03-04,14,117.9
1971-03-05,5,115.5
1971-03-06,4,110.8
1971-03-07,4,106.8
1971-03-08,15,105.5
1971-03-09,6,106.0
1971-03-10,15,108.4
1971-03-11,7,110.9
1971-03-12,20,116.7
1971-03-13,39,113.9
1971-03-14,29,112.9
1971-03-15,22,111.5
1971-03-16,14,115.7
1971-03-17,9,117.3
1971-03-18,6,115.2
1971-03-19,16,110.0
1971-03-20,13,107.2
1971-03-21,3,113.4
1971-03-22,3,113.2
1971-03-23,3,108.9
1971-03-24,14,108.5
1971-03-25,12,108.8
1971-03-26,15,108.2
1971-03-27,9,108.9
1971-03-28,2,106.5
1971-03-29,2,103.7
1971-03-30,9,101.1
1971-03-31,26,103.1
1971-04-01,12,100.6
1971-04-02,7,107.7
1971-04-03,16,109.0
1971-04-04,27,107.6
1971-04-05,11,108.2
1971-04-06,14,107.1
1971-04-07,6,113.0
1971-04-08,6,109.8
1971-04-09,53,108.6
1971-04-10,30,109.4
1971-04-11,27,123.5
1971-04-12,10,129.1
1971-04-13,8,138.8
1971-04-14,39,140.2
1971-04-15,36,138.2
1971-04-16,15,138.6
1971-04-17,8,138.8
1971-04-18,11,136.0
1971-04-19,8,137.2
1971-04-20,4,135.4
1971-04-21,22,127.6
1971-04-22,14,119.2
1971-04-23,10,116.2
1971-04-24,3,107.8
1971-04-25,1,104.7
1971-04-26,5,103.5
1971-04-27,8,100.3
1971-04-28,21,96.2
1971-04-29,9,94.4
1971-04-30,8,93.4
1971-05-01,7,93.8
1971-05-02,17,98.0
1971-05-03,8,104.4
1971-05-04,8,110.7
1971-05-05,8,115.8
1971-05-06,50,123.4
1971-05-07,36,128.7
1971-05-08,13,130.2
1971-05-09,12,135.7
1971-05-10,11,133.1
1971-05-11,4,132.6
1971-05-12,4,127.5
1971-05-13,4,122.4
1971-05-14,14,119.7
1971-05-15,12,115.5
1971-05-16,5,113.5
1971-05-17,73,110.3
1971-05-18,39,108.6
1971-05-19,10,107.2
1971-05-20,5,103.5
1971-05-21,5,99.5
1971-05-22,5,91.1
1971-05-23,11,87.4
1971-05-24,7,86.6
1971-05-25,6,90.0
1971-05-26,9,91.2
1971-05-27,2,101.2
1971-05-28,4,104.2
1971-05-29,6,105.5
1971-05-30,19,107.3
1971-05-31,4,108.6
1971-06-01,22,107.0
1971-06-02,31,105.2
1971-06-03,25,104.8
1971-06-04,9,104.3
1971-06-05,6,103.2
1971-06-06,5,102.0
1971-06-07,3,98.6
1971-06-08,7,98.9
1971-06-09,3,97.9
1971-06-10,4,94.6
1971-06-11,6,93.1
1971-06-12,3,90.5
1971-06-13,8,90.8
1971-06-14,5,91.1
1971-06-15,5,88.5
1971-06-16,6,88.0
1971-06-17,10,90.2
1971-06-18,6,92.4
1971-06-19,2,91.6
1971-06-20,4,91.2
1971-06-21,4,92.2
1971-06-22,5,95.3
1971-06-23,7,91.9
1971-06-24,5,101.9
1971-06-25,32,106.6
1971-06-26,12,112.1
1971-06-27,4,118.5
1971-06-28,9,126.8
1971-06-29,23,136.5
1971-06-30,10,143.9
1971-07-01,10,140.3
1971-07-02,14,134.8
1971-07-03,7,126.2
1971-07-04,7,130.3
1971-07-05,7,130.2
1971-07-06,9,122.8
1971-07-07,3,118.5
1971-07-08,8,112.9
1971-07-09,6,104.2
1971-07-10,2,104.9
1971-07-11,6,105.1
1971-07-12,7,106.1
1971-07-13,9,107.6
1971-07-14,8,110.3
1971-07-15,8,121.6
1971-07-16,6,121.3
1971-07-17,4,117.6
1971-07-18,7,117.1
1971-07-19,7,122.8
1971-07-20,4,115.0
1971-07-21,21,110.1
1971-07-22,8,112.1
1971-07-23,8,117.5
1971-07-24,5,130.3
1971-07-25,3,117.6
1971-07-26,17,118.5
1971-07-27,9,115.4
1971-07-28,6,113.2
1971-07-29,6,110.9
1971-07-30,8,112.8
1971-07-31,9,109.9
1971-08-01,6,106.5
1971-08-02,17,106.0
1971-08-03,4,103.3
1971-08-04,7,103.4
1971-08-05,14,103.9
1971-08-06,2,102.0
1971-08-07,5,99.8
1971-08-08,11,105.6
1971-08-09,9,109.0
1971-08-10,11,106.8
1971-08-11,15,101.9
1971-08-12,10,99.4
1971-08-13,6,99.3
1971-08-14,4,98.1
1971-08-15,5,94.8
1971-08-16,8,96.4
1971-08-17,11,101.1
1971-08-18,14,107.8
1971-08-19,4,123.2
1971-08-20,4,137.8
1971-08-21,8,146.9
1971-08-22,9,147.8
1971-08-23,12,145.4
1971-08-24,7,154.2
1971-08-25,7,140.4
1971-08-26,10,135.9
1971-08-27,3,132.5
1971-08-28,6,121.2
1971-08-29,6,109.8
1971-08-30,6,101.4
1971-08-31,32,94.5
1971-09-01,10,88.7
1971-09-02,2,88.5
1971-09-03,5,91.0
1971-09-04,9,91.1
1971-09-05,14,93.7
1971-09-06,12,100.2
1971-09-07,20,105.7
1971-09-08,12,102.0
1971-09-09,7,96.9
1971-09-10,6,90.5
1971-09-11,6,88.2
1971-09-12,8,90.4
1971-09-13,17,97.6
1971-09-14,9,106.7
1971-09-15,9,112.3
1971-09-16,11,111.3
1971-09-17,13,115.3
1971-09-18,47,115.6
1971-09-19,9,112.1
1971-09-20,16,109.4
1971-09-21,5,108.3
1971-09-22,4,109.5
1971-09-23,2,107.3
1971-09-24,6,105.7
1971-09-25,27,108.7
1971-09-26,21,111.3
1971-09-27,38,116.1
1971-09-28,10,116.1
1971-09-29,6,114.5
1971-09-30,23,116.6
1971-10-01,21,114.4
1971-10-02,21,114.1
1971-10-03,20,113.3
1971-10-04,13,109.1
1971-10-05,16,106.1
1971-10-06,20,102.5
1971-10-07,16,98.4
1971-10-08,23,98.3
1971-10-09,37,99.8
1971-10-10,8,95.7
1971-10-11,10,94.9
1971-10-12,9,95.3
1971-10-13,14,91.5
1971-10-14,9,90.4
1971-10-15,8,90.3
1971-10-16,4,89.9
1971-10-17,3,95.4
1971-10-18,2,99.9
1971-10-19,2,110.7
1971-10-20,4,116.6
1971-10-21,5,120.4
1971-10-22,9,123.4
1971-10-23,6,125.2
1971-10-24,13,127.1
1971-10-25,6,125.8
1971-10-26,2,120.7
1971-10-27,4,117.6
1971-10-28,17,112.0
1971-10-29,27,106.6
1971-10-30,14,109.0
1971-10-31,5,107.8
1971-11-01,6,111.2
1971-11-02,3,113.5
1971-11-03,3,117.1
1971-11-04,6,114.8
1971-11-05,5,118.0
1971-11-06,3,111.5
1971-11-07,7,106.5
1971-11-08,8,102.7
1971-11-09,4,103.6
1971-11-10,5,104.8
1971-11-11,16,106.7
1971-11-12,9,104.8
1971-11-13,3,105.5
1971-11-14,1,105.3
1971-11-15,2,103.4
1971-11-16,2,107.1
1971-11-17,1,107.9
1971-11-18,7,106.6
1971-11-19,7,110.2
1971-11-20,6,115.8
1971-11-21,11,117.7
1971-11-22,31,121.8
1971-11-23,45,123.5
1971-11-24,36,124.8
1971-11-25,43,124.9
1971-11-26,19,132.2
1971-11-27,8,131.7
1971-11-28,10,129.1
1971-11-29,5,120.5
1971-11-30,5,117.4
1971-12-01,6,120.3
1971-12-02,5,112.5
1971-12-03,12,113.0
1971-12-04,8,109.4
1971-12-05,5,115.0
1971-12-06,3,115.1
1971-12-07,1,116.5
1971-12-08,3,118.2
1971-12-09,7,124.9
1971-12-10,3,126.2
1971-12-11,6,126.1
1971-12-12,9,128.0
1971-12-13,13,122.5
1971-12-14,3,122.3
1971-12-15,3,121.1
1971-12-16,8,121.5
1971-12-17,67,135.5
1971-12-18,22,139.1
1971-12-19,11,138.8
1971-12-20,3,139.7
1971-12-21,10,140.2
1971-12-22,19,143.8
1971-12-23,12,137.4
1971-12-24,7,133.8
1971-12-25,6,131.1
1971-12-26,12,124.3
1971-12-27,4,124.3
1971-12-28,4,117.1
1971-12-29,15,116.5
1971-12-30,16,116.2
1971-12-31,7,110.4
1972-01-01,7,108.3
1972-01-02,8,106.6
1972-01-03,6,103.0
1972-01-04,10,101.2
1972-01-05,6,102.5
1972-01-06,2,106.6
1972-01-07,4,102.9
1972-01-08,4,102.2
1972-01-09,5,97.5
1972-01-10,7,95.5
1972-01-11,15,99.1
1972-01-12,6,103.0
1972-01-13,4,102.4
1972-01-14,3,109.4
1972-01-15,19,119.3
1972-01-16,29,117.3
1972-01-17,20,117.7
1972-01-18,19,114.6
1972-01-19,11,119.7
1972-01-20,8,127.1
1972-01-21,22,132.1
1972-01-22,25,127.1
1972-01-23,32,140.7
1972-01-24,10,141.6
1972-01-25,17,136.0
1972-01-26,22,127.8
1972-01-27,15,122.6
1972-01-28,23,123.2
1972-01-29,14,119.7
1972-01-30,9,116.4
1972-01-31,7,115.2
1972-02-01,7,109.9
1972-02-02,13,109.7
1972-02-03,9,107.9
1972-02-04,9,106.6
1972-02-05,6,105.6
1972-02-06,6,101.4
1972-02-07,8,105.0
1972-02-08,7,107.2
1972-02-09,4,109.3
1972-02-10,10,116.6
1972-02-11,7,121.6
1972-02-12,4,127.2
1972-02-13,22,129.5
1972-02-14,15,140.2
1972-02-15,13,149.5
1972-02-16,8,157.0
1972-02-17,22,172.3
1972-02-18,12,188.7
1972-02-19,14,195.1
1972-02-20,12,207.1
1972-02-21,9,193.9
1972-02-22,4,184.5
1972-02-23,6,179.4
1972-02-24,33,167.7
1972-02-25,16,155.0
1972-02-26,6,152.3
1972-02-27,4,143.0
1972-02-28,6,135.8
1972-02-29,2,132.9
1972-03-01,8,127.8
1972-03-02,10,131.9
1972-03-03,16,133.4
1972-03-04,8,139.3
1972-03-05,5,143.1
1972-03-06,26,145.9
1972-03-07,45,145.5
1972-03-08,12,143.6
1972-03-09,10,139.4
1972-03-10,3,134.2
1972-03-11,7,136.7
1972-03-12,3,130.1
1972-03-13,7,130.9
1972-03-14,4,131.1
1972-03-15,5,136.8
1972-03-16,20,134.3
1972-03-17,16,135.2
1972-03-18,11,133.1
1972-03-19,5,132.1
1972-03-20,5,136.3
1972-03-21,5,136.8
1972-03-22,10,132.1
1972-03-23,8,140.8
1972-03-24,20,127.4
1972-03-25,8,117.0
1972-03-26,10,110.9
1972-03-27,19,104.5
1972-03-28,11,101.4
1972-03-29,22,96.8
1972-03-30,27,98.5
1972-03-31,15,95.9
1972-04-01,17,96.1
1972-04-02,11,97.4
1972-04-03,4,98.1
1972-04-04,17,100.9
1972-04-05,17,105.2
1972-04-06,8,117.9
1972-04-07,8,121.1
1972-04-08,6,123.4
1972-04-09,3,130.1
1972-04-10,5,129.8
1972-04-11,6,129.2
1972-04-12,10,127.7
1972-04-13,12,127.6
1972-04-14,7,124.3
1972-04-15,6,125.1
1972-04-16,6,123.4
1972-04-17,6,119.3
1972-04-18,24,114.7
1972-04-19,10,114.4
1972-04-20,8,110.2
1972-04-21,19,105.8
1972-04-22,10,108.2
1972-04-23,8,107.2
1972-04-24,5,108.9
1972-04-25,3,110.3
1972-04-26,3,108.5
1972-04-27,7,107.5
1972-04-28,22,101.8
1972-04-29,42,97.1
1972-04-30,17,95.6
1972-05-01,18,93.5
1972-05-02,18,93.4
1972-05-03,7,96.1
1972-05-04,5,101.0
1972-05-05,6,106.8
1972-05-06,9,115.5
1972-05-07,3,118.6
1972-05-08,4,126.4
1972-05-09,14,130.5
1972-05-10,9,135.6
1972-05-11,7,138.0
1972-05-12,9,145.5
1972-05-13,8,158.3
1972-05-14,7,159.3
1972-05-15,38,161.1
1972-05-16,18,158.2
1972-05-17,9,165.5
1972-05-18,10,161.6
1972-05-19,4,153.0
1972-05-20,4,148.7
1972-05-21,4,144.6
1972-05-22,5,139.8
1972-05-23,7,131.8
1972-05-24,5,132.1
1972-05-25,5,124.1
1972-05-26,8,113.2
1972-05-27,8,111.3
1972-05-28,22,107.9
1972-05-29,10,113.0
1972-05-30,14,113.6
1972-05-31,12,119.2
1972-06-01,6,124.6
1972-06-02,6,126.3
1972-06-03,12,133.6
1972-06-04,13,145.3
1972-06-05,11,160.0
1972-06-06,7,154.5
1972-06-07,8,148.3
1972-06-08,6,145.8
1972-06-09,4,144.6
1972-06-10,4,135.3
1972-06-11,4,139.6
1972-06-12,3,145.2
1972-06-13,4,134.6
1972-06-14,10,132.3
1972-06-15,11,135.2
1972-06-16,8,138.3
1972-06-17,62,145.0
1972-06-18,126,144.2
1972-06-19,19,138.6
1972-06-20,9,137.9
1972-06-21,5,134.6
1972-06-22,12,130.8
1972-06-23,11,126.5
1972-06-24,14,124.4
1972-06-25,6,121.5
1972-06-26,10,116.8
1972-06-27,17,117.9
1972-06-28,13,123.1
1972-06-29,11,128.0
1972-06-30,3,130.1
1972-07-01,5,128.6
1972-07-02,7,132.5
1972-07-03,7,135.3
1972-07-04,4,141.9
1972-07-05,3,145.3
1972-07-06,4,141.3
1972-07-07,10,138.5
1972-07-08,10,132.2
1972-07-09,6,122.9
1972-07-10,7,117.7
1972-07-11,6,119.5
1972-07-12,7,115.5
1972-07-13,3,116.1
1972-07-14,3,115.7
1972-07-15,6,113.8
1972-07-16,8,111.4
1972-07-17,8,110.9
1972-07-18,5,105.4
1972-07-19,8,105.5
1972-07-20,5,107.4
1972-07-21,3,108.2
1972-07-22,10,108.1
1972-07-23,10,106.2
1972-07-24,17,106.1
1972-07-25,33,108.9
1972-07-26,17,116.9
1972-07-27,9,123.4
1972-07-28,5,129.3
1972-07-29,4,134.9
1972-07-30,4,137.0
1972-07-31,6,145.7
1972-08-01,10,151.7
1972-08-02,5,146.0
1972-08-03,5,142.8
1972-08-04,132,141.9
1972-08-05,182,142.4
1972-08-06,87,139.4
1972-08-07,20,135.2
1972-08-08,9,121.9
1972-08-09,74,120.4
1972-08-10,18,115.5
1972-08-11,17,110.3
1972-08-12,7,104.8
1972-08-13,5,99.1
1972-08-14,9,95.4
1972-08-15,10,95.1
1972-08-16,6,98.1
1972-08-17,6,103.8
1972-08-18,13,106.9
1972-08-19,14,113.5
1972-08-20,15,115.1
1972-08-21,15,116.8
1972-08-22,8,124.4
1972-08-23,3,120.3
1972-08-24,2,120.0
1972-08-25,5,125.0
1972-08-26,18,134.6
1972-08-27,25,141.1
1972-08-28,8,144.3
1972-08-29,8,160.1
1972-08-30,6,160.3
1972-08-31,7,151.3
1972-09-01,5,141.7
1972-09-02,6,137.2
1972-09-03,5,127.2
1972-09-04,6,120.0
1972-09-05,5,115.2
1972-09-06,10,117.3
1972-09-07,5,108.8
1972-09-08,9,114.2
1972-09-09,8,111.3
1972-09-10,15,105.7
1972-09-11,11,101.4
1972-09-12,5,99.3
1972-09-13,53,93.4
1972-09-14,54,98.2
1972-09-15,24,102.3
1972-09-16,19,102.0
1972-09-17,26,99.3
1972-09-18,14,101.7
1972-09-19,6,105.3
1972-09-20,4,112.3
1972-09-21,2,112.5
1972-09-22,4,118.6
1972-09-23,13,124.3
1972-09-24,16,126.0
1972-09-25,6,125.7
1972-09-26,7,121.9
1972-09-27,8,117.8
1972-09-28,8,115.9
1972-09-29,25,114.9
1972-09-30,8,118.1
1972-10-01,7,114.5
1972-10-02,5,108.3
1972-10-03,4,107.2
1972-10-04,7,103.3
1972-10-05,2,100.6
1972-10-06,2,98.5
1972-10-07,8,96.2
1972-10-08,4,97.4
1972-10-09,4,100.8
1972-10-10,6,95.0
1972-10-11,19,93.9
1972-10-12,21,95.1
1972-10-13,21,95.0
1972-10-14,26,97.5
1972-10-15,8,102.7
1972-10-16,12,106.9
1972-10-17,2,112.9
1972-10-18,11,111.9
1972-10-19,34,118.0
1972-10-20,14,123.3
1972-10-21,16,134.0
1972-10-22,13,143.1
1972-10-23,18,152.7
1972-10-24,11,158.2
1972-10-25,6,173.9
1972-10-26,8,172.1
1972-10-27,7,169.8
1972-10-28,11,161.2
1972-10-29,21,
1972-10-30,20,146.7
1972-10-31,29,142.2
1972-11-01,98,131.9
1972-11-02,42,123.8
1972-11-03,13,115.8
1972-11-04,6,107.6
1972-11-05,3,104.4
1972-11-06,7,94.9
1972-11-07,7,87.3
1972-11-08,7,84.1
1972-11-09,7,83.9
1972-11-10,4,86.4
1972-11-11,7,90.1
1972-11-12,6,90.6
1972-11-13,4,88.6
1972-11-14,4,86.9
1972-11-15,17,88.4
1972-11-16,31,91.6
1972-11-17,12,93.7
1972-11-18,9,96.8
1972-11-19,11,102.2
1972-11-20,27,112.1
1972-11-21,9,112.0
1972-11-22,13,113.7
1972-11-23,11,118.3
1972-11-24,5,118.5
1972-11-25,8,115.7
1972-11-26,14,111.5
1972-11-27,11,105.1
1972-11-28,12,100.2
1972-11-29,9,95.3
1972-11-30,4,97.8
1972-12-01,6,93.7
1972-12-02,5,92.0
1972-12-03,6,87.7
1972-12-04,4,84.8
1972-12-05,2,82.8
1972-12-06,3,80.1
1972-12-07,10,89.8
1972-12-08,6,94.4
1972-12-09,4,97.6
1972-12-10,2,100.2
1972-12-11,3,108.5
1972-12-12,8,112.4
1972-12-13,30,114.8
1972-12-14,9,118.5
1972-12-15,29,119.8
1972-12-16,33,113.8
1972-12-17,13,115.6
1972-12-18,8,116.1
1972-12-19,7,116.9
1972-12-20,4,115.1
1972-12-21,2,117.1
1972-12-22,14,111.5
1972-12-23,30,109.8
1972-12-24,13,104.6
1972-12-25,4,106.8
1972-12-26,5,101.0
1972-12-27,2,100.9
1972-12-28,4,95.0
1972-12-29,15,96.0
1972-12-30,19,95.1
1972-12-31,13,97.5
1973-01-01,11,97.1
1973-01-02,2,101.6
1973-01-03,2,108.7
1973-01-04,11,113.0
1973-01-05,21,117.2
1973-01-06,20,118.9
1973-01-07,8,116.1
1973-01-08,15,106.7
1973-01-09,16,107.2
1973-01-10,28,107.3
1973-01-11,24,106.3
1973-01-12,25,107.0
1973-01-13,16,104.3
1973-01-14,8,99.5
1973-01-15,9,97.8
1973-01-16,8,96.9
1973-01-17,5,97.3
1973-01-18,3,98.5
1973-01-19,10,97.9
1973-01-20,29,101.5
1973-01-21,22,101.1
1973-01-22,5,101.6
1973-01-23,13,100.3
1973-01-24,22,100.0
1973-01-25,20,98.7
1973-01-26,20,98.3
1973-01-27,33,96.3
1973-01-28,33,94.5
1973-01-29,22,94.2
1973-01-30,15,92.5
1973-01-31,6,90.3
1973-02-01,17,91.2
1973-02-02,14,91.2
1973-02-03,16,95.9
1973-02-04,7,96.8
1973-02-05,9,97.0
1973-02-06,15,98.0
1973-02-07,14,101.2
1973-02-08,25,103.3
1973-02-09,20,103.7
1973-02-10,11,104.8
1973-02-11,8,103.9
1973-02-12,9,107.4
1973-02-13,4,107.4
1973-02-14,7,108.3
1973-02-15,8,107.4
1973-02-16,10,101.1
1973-02-17,16,96.5
1973-02-18,11,92.8
1973-02-19,10,91.0
1973-02-20,9,91.4
1973-02-21,49,91.9
1973-02-22,46,91.7
1973-02-23,48,93.4
1973-02-24,54,95.6
1973-02-25,31,99.2
1973-02-26,34,97.6
1973-02-27,44,100.1
1973-02-28,20,102.9
1973-03-01,22,101.3
1973-03-02,40,103.4
1973-03-03,14,99.5
1973-03-04,4,98.2
1973-03-05,6,96.3
1973-03-06,28,100.4
1973-03-07,8,93.6
1973-03-08,7,100.3
1973-03-09,11,106.2
1973-03-10,8,107.0
1973-03-11,8,114.9
1973-03-12,14,115.9
1973-03-13,5,120.3
1973-03-14,4,115.3
1973-03-15,3,108.3
1973-03-16,12,108.0
1973-03-17,6,102.5
1973-03-18,20,95.8
1973-03-19,82,97.5
1973-03-20,80,91.7
1973-03-21,58,88.0
1973-03-22,53,90.9
1973-03-23,50,87.6
1973-03-24,49,89.9
1973-03-25,50,90.5
1973-03-26,32,89.0
1973-03-27,28,92.4
1973-03-28,22,94.5
1973-03-29,16,99.3
1973-03-30,15,103.0
1973-03-31,33,110.5
1973-04-01,91,115.1
1973-04-02,54,118.2
1973-04-03,26,129.4
1973-04-04,9,122.2
1973-04-05,7,117.6
1973-04-06,4,112.5
1973-04-07,4,110.1
1973-04-08,8,120.6
1973-04-09,7,120.1
1973-04-10,4,115.0
1973-04-11,24,109.8
1973-04-12,3,102.9
1973-04-13,46,98.8
1973-04-14,57,92.1
1973-04-15,9,88.9
1973-04-16,60,84.4
1973-04-17,51,81.4
1973-04-18,46,80.2
1973-04-19,42,82.1
1973-04-20,46,85.5
1973-04-21,42,94.3
1973-04-22,44,103.9
1973-04-23,25,108.0
1973-04-24,14,107.7
1973-04-25,14,107.9
1973-04-26,28,108.7
1973-04-27,26,110.1
1973-04-28,26,111.0
1973-04-29,59,107.9
1973-04-30,18,104.6
1973-05-01,17,110.1
1973-05-02,12,113.2
1973-05-03,9,115.3
1973-05-04,8,114.0
1973-05-05,5,113.0
1973-05-06,13,107.8
1973-05-07,16,101.5
1973-05-08,17,98.1
1973-05-09,12,93.3
1973-05-10,7,89.1
1973-05-11,6,85.3
1973-05-12,7,85.0
1973-05-13,20,83.4
1973-05-14,80,87.4
1973-05-15,37,88.2
1973-05-16,33,87.5
1973-05-17,26,89.3
1973-05-18,22,93.2
1973-05-19,22,97.1
1973-05-20,24,102.2
1973-05-21,48,99.7
1973-05-22,21,100.6
1973-05-23,14,97.1
1973-05-24,4,101.9
1973-05-25,5,102.0
1973-05-26,8,98.4
1973-05-27,10,97.3
1973-05-28,8,91.6
1973-05-29,3,90.8
1973-05-30,2,88.3
1973-05-31,4,84.8
1973-06-01,3,82.8
1973-06-02,20,80.8
1973-06-03,14,79.2
1973-06-04,19,78.7
1973-06-05,10,80.1
1973-06-06,8,82.6
1973-06-07,4,82.8
1973-06-08,6,84.9
1973-06-09,9,86.2
1973-06-10,33,88.3
1973-06-11,34,90.1
1973-06-12,30,90.8
1973-06-13,24,93.3
1973-06-14,18,94.7
1973-06-15,13,95.2
1973-06-16,11,92.2
1973-06-17,18,87.0
1973-06-18,30,88.5
1973-06-19,38,96.0
1973-06-20,18,102.0
1973-06-21,6,105.3
1973-06-22,3,105.9
1973-06-23,10,105.3
1973-06-24,34,102.7
1973-06-25,6,98.1
1973-06-26,4,97.0
1973-06-27,4,91.7
1973-06-28,21,92.1
1973-06-29,41,92.0
1973-06-30,29,91.0
1973-07-01,19,87.9
1973-07-02,11,90.0
1973-07-03,7,90.4
1973-07-04,4,91.8
1973-07-05,4,94.7
1973-07-06,3,96.1
1973-07-07,3,96.6
1973-07-08,13,94.4
1973-07-09,8,95.4
1973-07-10,6,97.2
1973-07-11,6,90.9
1973-07-12,6,82.7
1973-07-13,8,77.7
1973-07-14,8,77.0
1973-07-15,32,76.2
1973-07-16,15,77.0
1973-07-17,6,75.6
1973-07-18,6,80.9
1973-07-19,10,79.0
1973-07-20,9,77.0
1973-07-21,5,76.9
1973-07-22,6,75.2
1973-07-23,14,76.2
1973-07-24,6,79.1
1973-07-25,9,81.2
1973-07-26,36,82.4
1973-07-27,29,82.9
1973-07-28,14,81.7
1973-07-29,18,86.8
1973-07-30,19,83.5
1973-07-31,26,84.1
1973-08-01,12,84.4
1973-08-02,16,84.3
1973-08-03,7,82.5
1973-08-04,8,83.8
1973-08-05,9,82.7
1973-08-06,13,86.3
1973-08-07,8,88.3
1973-08-08,9,85.1
1973-08-09,5,84.7
1973-08-10,4,81.2
1973-08-11,4,76.8
1973-08-12,5,74.3
1973-08-13,10,72.8
1973-08-14,8,72.2
1973-08-15,4,70.8
1973-08-16,3,72.3
1973-08-17,2,73.2
1973-08-18,4,73.5
1973-08-19,6,73.6
1973-08-20,9,75.0
1973-08-21,6,78.6
1973-08-22,12,78.6
1973-08-23,22,80.0
1973-08-24,46,83.5
1973-08-25,29,87.0
1973-08-26,18,89.3
1973-08-27,26,93.1
1973-08-28,28,95.6
1973-08-29,20,98.8
1973-08-30,13,99.4
1973-08-31,9,107.6
1973-09-01,5,112.9
1973-09-02,6,126.9
1973-09-03,6,134.2
1973-09-04,12,132.7
1973-09-05,15,133.0
1973-09-06,9,128.8
1973-09-07,8,119.9
1973-09-08,8,114.0
1973-09-09,44,111.5
1973-09-10,27,105.2
1973-09-11,12,95.6
1973-09-12,7,88.4
1973-09-13,8,83.5
1973-09-14,4,81.8
1973-09-15,12,81.7
1973-09-16,14,83.0
1973-09-17,10,81.0
1973-09-18,7,83.8
1973-09-19,3,85.8
1973-09-20,12,91.3
1973-09-21,15,94.1
1973-09-22,17,98.8
1973-09-23,63,103.2
1973-09-24,28,105.6
1973-09-25,27,112.1
1973-09-26,25,114.9
1973-09-27,8,115.4
1973-09-28,4,117.6
1973-09-29,4,116.2
1973-09-30,4,116.2
1973-10-01,5,108.8
1973-10-02,31,106.0
1973-10-03,48,103.4
1973-10-04,12,94.9
1973-10-05,10,90.6
1973-10-06,12,86.0
1973-10-07,6,82.3
1973-10-08,6,80.3
1973-10-09,10,79.3
1973-10-10,21,77.2
1973-10-11,11,75.2
1973-10-12,15,72.3
1973-10-13,17,70.9
1973-10-14,7,73.1
1973-10-15,6,76.2
1973-10-16,30,76.1
1973-10-17,27,80.1
1973-10-18,22,78.9
1973-10-19,20,77.3
1973-10-20,20,74.1
1973-10-21,37,80.7
1973-10-22,20,85.9
1973-10-23,6,90.8
1973-10-24,7,98.7
1973-10-25,5,102.2
1973-10-26,3,102.2
1973-10-27,4,103.0
1973-10-28,20,102.0
1973-10-29,86,100.5
1973-10-30,28,98.8
1973-10-31,19,91.9
1973-11-01,4,88.3
1973-11-02,7,85.3
1973-11-03,5,82.4
1973-11-04,18,78.7
1973-11-05,14,75.2
1973-11-06,9,74.5
1973-11-07,28,73.4
1973-11-08,11,71.8
1973-11-09,12,71.8
1973-11-10,8,72.1
1973-11-11,6,72.7
1973-11-12,4,72.2
1973-11-13,10,74.2
1973-11-14,8,75.4
1973-11-15,8,76.7
1973-11-16,10,77.9
1973-11-17,17,77.1
1973-11-18,19,77.3
1973-11-19,4,77.3
1973-11-20,6,78.7
1973-11-21,23,82.7
1973-11-22,7,86.9
1973-11-23,8,88.7
1973-11-24,26,89.3
1973-11-25,42,90.3
1973-11-26,18,94.2
1973-11-27,14,91.3
1973-11-28,6,93.2
1973-11-29,5,97.5
1973-11-30,4,98.5
1973-12-01,4,89.4
1973-12-02,2,88.8
1973-12-03,5,85.2
1973-12-04,29,80.9
1973-12-05,17,75.8
1973-12-06,10,73.0
1973-12-07,8,72.6
1973-12-08,7,73.1
1973-12-09,21,73.4
1973-12-10,8,74.5
1973-12-11,8,74.2
1973-12-12,4,74.8
1973-12-13,4,75.4
1973-12-14,6,76.2
1973-12-15,8,79.1
1973-12-16,4,82.3
1973-12-17,6,84.8
1973-12-18,3,87.7
1973-12-19,13,90.7
1973-12-20,29,92.9
1973-12-21,34,100.8
1973-12-22,25,99.9
1973-12-23,18,99.3
1973-12-24,4,101.4
1973-12-25,3,100.9
1973-12-26,4,96.1
1973-12-27,6,91.6
1973-12-28,11,84.5
1973-12-29,19,79.0
1973-12-30,15,76.6
1973-12-31,17,74.5
1974-01-01,17,73.9
1974-01-02,9,75.7
1974-01-03,11,75.8
1974-01-04,13,75.0
1974-01-05,14,74.6
1974-01-06,12,77.3
1974-01-07,2,78.6
1974-01-08,10,82.4
1974-01-09,7,87.8
1974-01-10,14,92.2
1974-01-11,6,94.1
1974-01-12,5,97.8
1974-01-13,5,98.0
1974-01-14,8,99.0
1974-01-15,15,94.9
1974-01-16,15,93.0
1974-01-17,16,92.2
1974-01-18,24,90.0
1974-01-19,9,88.6
1974-01-20,14,87.2
1974-01-21,16,82.3
1974-01-22,5,86.2
1974-01-23,4,83.6
1974-01-24,4,80.3
1974-01-25,50,76.5
1974-01-26,38,73.8
1974-01-27,34,72.9
1974-01-28,18,73.0
1974-01-29,22,72.9
1974-01-30,21,73.0
1974-01-31,19,73.4
1974-02-01,13,73.9
1974-02-02,12,75.3
1974-02-03,8,75.3
1974-02-04,7,75.0
1974-02-05,8,76.1
1974-02-06,7,77.6
1974-02-07,10,79.5
1974-02-08,5,81.0
1974-02-09,4,83.0
1974-02-10,14,82.7
1974-02-11,30,79.6
1974-02-12,40,78.5
1974-02-13,20,79.3
1974-02-14,12,78.3
1974-02-15,4,85.8
1974-02-16,7,86.8
1974-02-17,11,88.0
1974-02-18,1,89.6
1974-02-19,4,84.6
1974-02-20,12,84.0
1974-02-21,23,84.1
1974-02-22,14,84.1
1974-02-23,44,86.0
1974-02-24,29,82.6
1974-02-25,34,80.2
1974-02-26,28,77.8
1974-02-27,26,77.9
1974-02-28,27,77.3
1974-03-01,20,77.8
1974-03-02,18,77.8
1974-03-03,20,78.4
1974-03-04,10,80.3
1974-03-05,18,79.9
1974-03-06,20,78.7
1974-03-07,13,77.2
1974-03-08,17,78.1
1974-03-09,33,81.3
1974-03-10,30,87.2
1974-03-11,32,87.0
1974-03-12,15,87.2
1974-03-13,10,85.5
1974-03-14,16,82.8
1974-03-15,3,83.8
1974-03-16,42,82.6
1974-03-17,9,83.5
1974-03-18,3,80.9
1974-03-19,2,80.6
1974-03-20,23,80.2
1974-03-21,68,79.7
1974-03-22,39,80.6
1974-03-23,42,80.3
1974-03-24,34,77.1
1974-03-25,28,74.7
1974-03-26,20,72.9
1974-03-27,22,72.1
1974-03-28,18,70.6
1974-03-29,34,71.7
1974-03-30,20,72.2
1974-03-31,24,73.0
1974-04-01,17,72.2
1974-04-02,15,71.4
1974-04-03,39,71.6
1974-04-04,35,73.2
1974-04-05,18,76.2
1974-04-06,26,79.8
1974-04-07,18,80.0
1974-04-08,13,80.9
1974-04-09,16,87.5
1974-04-10,28,93.1
1974-04-11,19,99.3
1974-04-12,3,105.1
1974-04-13,7,102.2
1974-04-14,5,115.6
1974-04-15,4,122.0
1974-04-16,4,114.2
1974-04-17,6,101.0
1974-04-18,48,97.1
1974-04-19,39,86.7
1974-04-20,46,81.5
1974-04-21,35,78.7
1974-04-22,31,74.5
1974-04-23,29,73.1
1974-04-24,19,74.1
1974-04-25,20,75.6
1974-04-26,21,73.9
1974-04-27,19,74.3
1974-04-28,23,76.8
1974-04-29,19,80.4
1974-04-30,16,90.3
1974-05-01,9,96.9
1974-05-02,18,111.3
1974-05-03,24,113.6
1974-05-04,34,116.0
1974-05-05,35,117.6
1974-05-06,6,120.8
1974-05-07,15,117.1
1974-05-08,13,113.6
1974-05-09,11,107.9
1974-05-10,3,103.0
1974-05-11,5,102.3
1974-05-12,5,95.1
1974-05-13,4,91.6
1974-05-14,10,86.3
1974-05-15,30,83.1
1974-05-16,26,78.5
1974-05-17,38,74.1
1974-05-18,24,73.4
1974-05-19,18,71.3
1974-05-20,18,70.8
1974-05-21,18,70.1
1974-05-22,22,70.4
1974-05-23,25,69.7
1974-05-24,39,69.8
1974-05-25,14,70.6
1974-05-26,11,77.5
1974-05-27,14,82.9
1974-05-28,10,85.1
1974-05-29,7,87.0
1974-05-30,17,88.8
1974-05-31,30,92.5
1974-06-01,28,95.1
1974-06-02,18,97.3
1974-06-03,19,96.1
1974-06-04,9,95.4
1974-06-05,6,93.7
1974-06-06,6,92.2
1974-06-07,3,90.1
1974-06-08,6,92.2
1974-06-09,7,92.2
1974-06-10,15,94.1
1974-06-11,32,92.4
1974-06-12,29,88.9
1974-06-13,21,87.0
1974-06-14,18,85.4
1974-06-15,37,82.1
1974-06-16,16,83.5
1974-06-17,15,84.5
1974-06-18,10,81.7
1974-06-19,13,80.2
1974-06-20,18,81.1
1974-06-21,7,78.8
1974-06-22,8,79.7
1974-06-23,7,77.6
1974-06-24,8,76.6
1974-06-25,10,76.3
1974-06-26,40,77.0
1974-06-27,54,79.7
1974-06-28,26,80.3
1974-06-29,19,86.5
1974-06-30,15,90.0
1974-07-01,10,101.9
1974-07-02,12,109.0
1974-07-03,9,114.6
1974-07-04,31,123.6
1974-07-05,74,121.5
1974-07-06,130,117.5
1974-07-07,15,107.3
1974-07-08,36,101.3
1974-07-09,15,92.4
1974-07-10,20,85.3
1974-07-11,14,80.4
1974-07-12,23,80.6
1974-07-13,12,80.6
1974-07-14,23,80.6
1974-07-15,10,82.8
1974-07-16,10,88.4
1974-07-17,8,88.1
1974-07-18,6,83.7
1974-07-19,6,84.3
1974-07-20,11,83.9
1974-07-21,9,87.3
1974-07-22,8,92.3
1974-07-23,82,95.4
1974-07-24,51,89.2
1974-07-25,22,86.7
1974-07-26,20,90.2
1974-07-27,24,85.3
1974-07-28,18,82.0
1974-07-29,13,82.6
1974-07-30,8,83.3
1974-07-31,6,84.9
1974-08-01,6,82.6
1974-08-02,22,82.7
1974-08-03,35,80.6
1974-08-04,24,83.4
1974-08-05,21,84.1
1974-08-06,20,85.5
1974-08-07,22,83.5
1974-08-08,16,87.0
1974-08-09,16,85.1
1974-08-10,16,86.0
1974-08-11,10,91.9
1974-08-12,5,96.8
1974-08-13,6,92.8
1974-08-14,5,90.8
1974-08-15,4,89.8
1974-08-16,6,94.2
1974-08-17,6,96.4
1974-08-18,10,92.8
1974-08-19,40,86.7
1974-08-20,46,80.7
1974-08-21,39,79.4
1974-08-22,37,78.8
1974-08-23,36,79.3
1974-08-24,26,75.7
1974-08-25,13,74.1
1974-08-26,7,72.3
1974-08-27,18,71.2
1974-08-28,20,70.4
1974-08-29,31,71.0
1974-08-30,17,72.8
1974-08-31,21,74.2
1974-09-01,24,76.4
1974-09-02,32,78.0
1974-09-03,16,77.9
1974-09-04,20,79.6
1974-09-05,19,80.2
1974-09-06,14,80.9
1974-09-07,12,84.1
1974-09-08,7,92.0
1974-09-09,5,94.7
1974-09-10,6,100.6
1974-09-11,4,103.3
1974-09-12,6,104.2
1974-09-13,16,105.4
1974-09-14,9,102.8
1974-09-15,73,102.5
1974-09-16,88,100.9
1974-09-17,3,99.3
1974-09-18,19,99.1
1974-09-19,34,90.9
1974-09-20,35,85.2
1974-09-21,43,82.0
1974-09-22,24,80.4
1974-09-23,16,74.1
1974-09-24,26,72.4
1974-09-25,30,72.4
1974-09-26,38,75.0
1974-09-27,25,76.7
1974-09-28,14,80.4
1974-09-29,16,90.4
1974-09-30,21,91.2
1974-10-01,28,92.9
1974-10-02,30,94.5
1974-10-03,12,93.3
1974-10-04,8,100.5
1974-10-05,10,113.3
1974-10-06,11,115.1
1974-10-07,6,114.6
1974-10-08,10,125.5
1974-10-09,39,129.3
1974-10-10,10,129.7
1974-10-11,6,138.1
1974-10-12,17,144.7
1974-10-13,86,127.2
1974-10-14,30,113.8
1974-10-15,50,104.3
1974-10-16,68,95.6
1974-10-17,47,84.4
1974-10-18,43,81.7
1974-10-19,29,75.8
1974-10-20,41,76.2
1974-10-21,10,74.6
1974-10-22,15,73.3
1974-10-23,5,74.7
1974-10-24,38,75.5
1974-10-25,22,77.8
1974-10-26,28,81.7
1974-10-27,25,81.1
1974-10-28,29,82.7
1974-10-29,18,82.8
1974-10-30,12,83.9
1974-10-31,8,88.0
1974-11-01,6,91.6
1974-11-02,5,93.5
1974-11-03,6,97.8
1974-11-04,3,101.2
1974-11-05,5,99.3
1974-11-06,10,94.0
1974-11-07,7,87.2
1974-11-08,21,83.6
1974-11-09,39,80.4
1974-11-10,10,80.0
1974-11-11,48,78.9
1974-11-12,70,80.8
1974-11-13,36,77.7
1974-11-14,38,79.4
1974-11-15,10,81.8
1974-11-16,16,84.4
1974-11-17,14,86.6
1974-11-18,8,90.6
1974-11-19,14,98.4
1974-11-20,22,98.0
1974-11-21,24,98.6
1974-11-22,18,101.2
1974-11-23,16,100.6
1974-11-24,26,98.5
1974-11-25,19,97.0
1974-11-26,17,94.7
1974-11-27,9,93.3
1974-11-28,6,89.0
1974-11-29,3,86.1
1974-11-30,2,84.4
1974-12-01,6,82.0
1974-12-02,15,81.0
1974-12-03,15,79.0
1974-12-04,9,76.9
1974-12-05,7,75.4
1974-12-06,4,74.0
1974-12-07,8,73.3
1974-12-08,13,71.8
1974-12-09,42,71.8
1974-12-10,20,72.6
1974-12-11,21,78.6
1974-12-12,18,80.4
1974-12-13,22,80.5
1974-12-14,13,80.7
1974-12-15,14,85.9
1974-12-16,8,91.2
1974-12-17,18,91.2
1974-12-18,28,93.3
1974-12-19,27,94.9
1974-12-20,21,90.2
1974-12-21,19,88.8
1974-12-22,14,87.2
1974-12-23,17,85.8
1974-12-24,14,82.8
1974-12-25,12,81.6
1974-12-26,12,78.4
1974-12-27,21,76.8
1974-12-28,12,76.2
1974-12-29,11,76.6
1974-12-30,6,77.0
1974-12-31,14,78.7
1975-01-01,7,80.8
1975-01-02,4,78.4
1975-01-03,7,79.7
1975-01-04,32,76.9
1975-01-05,27,76.2
1975-01-06,26,76.3
1975-01-07,44,78.3
1975-01-08,36,80.3
1975-01-09,7,82.6
1975-01-10,6,83.2
1975-01-11,4,84.0
1975-01-12,4,85.2
1975-01-13,32,83.1
1975-01-14,33,80.4
1975-01-15,15,80.0
1975-01-16,21,79.0
1975-01-17,29,77.2
1975-01-18,22,78.3
1975-01-19,10,76.6
1975-01-20,10,76.2
1975-01-21,6,77.0
1975-01-22,8,76.0
1975-01-23,12,75.0
1975-01-24,10,73.3
1975-01-25,5,72.5
1975-01-26,5,72.8
1975-01-27,14,72.3
1975-01-28,12,72.9
1975-01-29,6,72.6
1975-01-30,7,72.7
1975-01-31,16,72.2
1975-02-01,37,72.9
1975-02-02,23,74.5
1975-02-03,12,76.5
1975-02-04,10,77.6
1975-02-05,17,78.7
1975-02-06,8,83.4
1975-02-07,15,81.6
1975-02-08,8,81.0
1975-02-09,11,79.2
1975-02-10,38,78.7
1975-02-11,36,76.8
1975-02-12,35,76.9
1975-02-13,27,75.6
1975-02-14,25,73.8
1975-02-15,21,71.5
1975-02-16,30,73.2
1975-02-17,14,71.0
1975-02-18,15,69.9
1975-02-19,11,71.6
1975-02-20,8,71.1
1975-02-21,8,70.4
1975-02-22,7,69.8
1975-02-23,32,69.8
1975-02-24,17,70.1
1975-02-25,20,70.8
1975-02-26,9,70.2
1975-02-27,5,70.7
1975-02-28,12,69.9
1975-03-01,21,72.0
1975-03-02,10,73.7
1975-03-03,11,74.7
1975-03-04,9,74.0
1975-03-05,30,72.5
1975-03-06,20,73.5
1975-03-07,3,73.0
1975-03-08,2,73.5
1975-03-09,8,74.8
1975-03-10,80,74.3
1975-03-11,53,74.0
1975-03-12,37,75.1
1975-03-13,29,76.5
1975-03-14,29,75.8
1975-03-15,20,74.2
1975-03-16,27,76.8
1975-03-17,13,76.1
1975-03-18,17,74.9
1975-03-19,11,73.5
1975-03-20,14,72.5
1975-03-21,3,71.7
1975-03-22,6,69.8
1975-03-23,13,68.0
1975-03-24,14,67.8
1975-03-25,8,67.8
1975-03-26,17,68.9
1975-03-27,34,67.6
1975-03-28,38,68.0
1975-03-29,22,69.2
1975-03-30,10,69.1
1975-03-31,13,70.6
1975-04-01,7,70.3
1975-04-02,5,71.3
1975-04-03,6,72.2
1975-04-04,7,72.9
1975-04-05,10,73.6
1975-04-06,15,73.6
1975-04-07,25,74.2
1975-04-08,32,73.4
1975-04-09,52,73.2
1975-04-10,35,72.1
1975-04-11,34,71.9
1975-04-12,27,70.4
1975-04-13,29,70.3
1975-04-14,21,69.3
1975-04-15,7,69.2
1975-04-16,6,68.7
1975-04-17,5,69.0
1975-04-18,6,67.7
1975-04-19,5,66.9
1975-04-20,25,67.3
1975-04-21,23,67.5
1975-04-22,15,67.1
1975-04-23,25,68.0
1975-04-24,17,68.5
1975-04-25,8,70.8
1975-04-26,9,71.2
1975-04-27,5,73.4
1975-04-28,3,73.8
1975-04-29,2,72.1
1975-04-30,6,72.3
1975-05-01,6,75.1
1975-05-02,16,79.8
1975-05-03,19,78.3
1975-05-04,14,78.3
1975-05-05,34,77.0
1975-05-06,35,74.6
1975-05-07,22,72.2
1975-05-08,14,70.6
1975-05-09,16,69.3
1975-05-10,19,68.7
1975-05-11,2,68.4
1975-05-12,3,68.2
1975-05-13,6,67.7
1975-05-14,14,67.2
1975-05-15,3,66.5
1975-05-16,28,67.0
1975-05-17,14,66.8
1975-05-18,7,67.1
1975-05-19,15,67.3
1975-05-20,23,67.0
1975-05-21,12,68.0
1975-05-22,11,69.1
1975-05-23,8,68.8
1975-05-24,5,68.8
1975-05-25,14,68.4
1975-05-26,18,67.2
1975-05-27,10,68.6
1975-05-28,5,68.7
1975-05-29,11,69.1
1975-05-30,6,69.1
1975-05-31,4,69.2
1975-06-01,24,69.4
1975-06-02,28,70.9
1975-06-03,12,68.8
1975-06-04,11,68.4
1975-06-05,12,67.3
1975-06-06,11,66.2
1975-06-07,6,66.1
1975-06-08,4,65.5
1975-06-09,5,65.7
1975-06-10,4,66.7
1975-06-11,14,66.1
1975-06-12,27,66.3
1975-06-13,14,65.8
1975-06-14,8,66.4
1975-06-15,13,66.8
1975-06-16,17,69.2
1975-06-17,12,68.0
1975-06-18,12,68.0
1975-06-19,12,68.7
1975-06-20,6,70.2
1975-06-21,9,66.5
1975-06-22,5,67.7
1975-06-23,4,70.6
1975-06-24,3,73.5
1975-06-25,4,75.2
1975-06-26,5,77.2
1975-06-27,4,78.8
1975-06-28,4,78.0
1975-06-29,26,76.8
1975-06-30,22,76.2
1975-07-01,12,76.1
1975-07-02,6,74.3
1975-07-03,7,74.6
1975-07-04,6,74.3
1975-07-05,5,74.3
1975-07-06,6,73.6
1975-07-07,12,71.7
1975-07-08,37,71.6
1975-07-09,35,70.9
1975-07-10,17,70.6
1975-07-11,18,75.0
1975-07-12,5,80.1
1975-07-13,10,85.7
1975-07-14,13,86.2
1975-07-15,15,82.9
1975-07-16,12,80.9
1975-07-17,14,78.6
1975-07-18,15,80.2
1975-07-19,9,79.3
1975-07-20,6,80.6
1975-07-21,6,80.5
1975-07-22,6,80.1
1975-07-23,6,79.5
1975-07-24,6,76.8
1975-07-25,33,77.3
1975-07-26,19,77.5
1975-07-27,11,76.1
1975-07-28,10,74.2
1975-07-29,4,73.2
1975-07-30,5,76.5
1975-07-31,5,79.5
1975-08-01,9,88.9
1975-08-02,7,92.6
1975-08-03,5,94.2
1975-08-04,6,101.7
1975-08-05,29,104.9
1975-08-06,7,116.6
1975-08-07,5,119.8
1975-08-08,14,120.3
1975-08-09,15,112.7
1975-08-10,15,113.4
1975-08-11,7,104.5
1975-08-12,4,101.8
1975-08-13,5,95.5
1975-08-14,16,88.6
1975-08-15,18,83.8
1975-08-16,5,80.8
1975-08-17,9,77.1
1975-08-18,6,74.5
1975-08-19,4,74.9
1975-08-20,15,75.4
1975-08-21,17,78.2
1975-08-22,12,76.7
1975-08-23,10,75.1
1975-08-24,6,75.3
1975-08-25,9,78.9
1975-08-26,5,79.6
1975-08-27,6,81.9
1975-08-28,5,81.7
1975-08-29,27,83.0
1975-08-30,14,84.6
1975-08-31,6,85.1
1975-09-01,7,85.5
1975-09-02,6,86.3
1975-09-03,3,86.3
1975-09-04,3,91.2
1975-09-05,4,92.9
1975-09-06,13,92.5
1975-09-07,7,89.8
1975-09-08,6,87.2
1975-09-09,24,83.1
1975-09-10,26,81.4
1975-09-11,26,80.1
1975-09-12,19,77.2
1975-09-13,17,74.2
1975-09-14,13,73.2
1975-09-15,8,73.3
1975-09-16,6,73.5
1975-09-17,13,74.1
1975-09-18,14,75.5
1975-09-19,8,75.5
1975-09-20,7,75.9
1975-09-21,6,76.1
1975-09-22,4,74.8
1975-09-23,4,75.6
1975-09-24,2,76.3
1975-09-25,3,76.3
1975-09-26,14,76.3
1975-09-27,14,75.4
1975-09-28,8,75.8
1975-09-29,5,75.7
1975-09-30,2,75.6
1975-10-01,6,76.2
1975-10-02,2,78.0
1975-10-03,11,78.3
1975-10-04,9,76.3
1975-10-05,6,76.1
1975-10-06,25,75.2
1975-10-07,38,74.4
1975-10-08,45,74.1
1975-10-09,37,75.6
1975-10-10,24,74.5
1975-10-11,8,73.6
1975-10-12,12,75.1
1975-10-13,7,79.4
1975-10-14,9,80.4
1975-10-15,5,80.8
1975-10-16,10,79.1
1975-10-17,8,79.5
1975-10-18,4,79.8
1975-10-19,3,78.6
1975-10-20,5,77.8
1975-10-21,6,76.4
1975-10-22,6,74.9
1975-10-23,7,75.0
1975-10-24,4,73.5
1975-10-25,4,73.0
1975-10-26,5,72.8
1975-10-27,5,73.0
1975-10-28,9,72.6
1975-10-29,12,71.8
1975-10-30,9,71.2
1975-10-31,19,71.0
1975-11-01,7,71.5
1975-11-02,36,72.6
1975-11-03,65,74.2
1975-11-04,41,76.7
1975-11-05,22,80.3
1975-11-06,11,81.6
1975-11-07,10,82.0
1975-11-08,7,82.5
1975-11-09,37,80.3
1975-11-10,20,80.5
1975-11-11,13,80.2
1975-11-12,9,81.6
1975-11-13,4,80.9
1975-11-14,3,84.5
1975-11-15,4,85.6
1975-11-16,6,89.6
1975-11-17,17,91.0
1975-11-18,7,92.9
1975-11-19,8,95.3
1975-11-20,9,93.1
1975-11-21,18,88.7
1975-11-22,50,83.6
1975-11-23,8,79.2
1975-11-24,13,76.7
1975-11-25,15,75.7
1975-11-26,14,73.8
1975-11-27,5,72.7
1975-11-28,9,72.4
1975-11-29,29,72.9
1975-11-30,36,72.6
1975-12-01,32,74.2
1975-12-02,27,77.0
1975-12-03,12,76.5
1975-12-04,13,76.3
1975-12-05,8,79.7
1975-12-06,7,78.1
1975-12-07,4,76.0
1975-12-08,18,78.3
1975-12-09,16,75.6
1975-12-10,8,75.6
1975-12-11,5,76.7
1975-12-12,3,75.7
1975-12-13,3,75.1
1975-12-14,6,74.1
1975-12-15,9,74.1
1975-12-16,14,72.8
1975-12-17,9,72.8
1975-12-18,6,71.9
1975-12-19,6,71.4
1975-12-20,3,72.0
1975-12-21,9,71.3
1975-12-22,10,71.2
1975-12-23,7,72.0
1975-12-24,2,73.8
1975-12-25,18,73.4
1975-12-26,34,74.2
1975-12-27,31,75.0
1975-12-28,15,73.9
1975-12-29,15,75.0
1975-12-30,11,74.4
1975-12-31,7,74.6
1976-01-01,4,74.6
1976-01-02,4,73.6
1976-01-03,15,73.7
1976-01-04,10,74.3
1976-01-05,9,74.4
1976-01-06,13,74.1
1976-01-07,11,74.0
1976-01-08,5,73.3
1976-01-09,4,71.8
1976-01-10,47,72.9
1976-01-11,41,74.6
1976-01-12,14,79.5
1976-01-13,9,82.7
1976-01-14,12,84.9
1976-01-15,7,83.1
1976-01-16,11,80.7
1976-01-17,14,79.1
1976-01-18,10,79.2
1976-01-19,8,77.7
1976-01-20,11,77.1
1976-01-21,20,74.5
1976-01-22,24,73.2
1976-01-23,21,72.4
1976-01-24,22,70.7
1976-01-25,12,70.4
1976-01-26,5,70.4
1976-01-27,6,69.3
1976-01-28,5,69.2
1976-01-29,6,69.5
1976-01-30,9,71.0
1976-01-31,29,71.2
1976-02-01,24,70.6
1976-02-02,20,70.6
1976-02-03,16,70.4
1976-02-04,12,70.4
1976-02-05,8,69.5
1976-02-06,9,70.1
1976-02-07,22,71.2
1976-02-08,30,70.3
1976-02-09,25,70.2
1976-02-10,24,70.3
1976-02-11,13,70.2
1976-02-12,17,69.6
1976-02-13,22,71.5
1976-02-14,18,71.7
1976-02-15,8,71.4
1976-02-16,6,71.4
1976-02-17,14,71.6
1976-02-18,22,71.8
1976-02-19,25,71.7
1976-02-20,20,71.6
1976-02-21,15,70.3
1976-02-22,14,70.4
1976-02-23,4,70.7
1976-02-24,3,71.1
1976-02-25,4,69.8
1976-02-26,9,69.9
1976-02-27,29,69.8
1976-02-28,20,69.2
1976-02-29,35,68.6
1976-03-01,19,69.0
1976-03-02,33,69.3
1976-03-03,29,68.6
1976-03-04,12,68.5
1976-03-05,15,68.7
1976-03-06,33,68.6
1976-03-07,27,69.0
1976-03-08,43,68.9
1976-03-09,37,69.2
1976-03-10,33,69.4
1976-03-11,27,69.8
1976-03-12,26,69.8
1976-03-13,11,71.8
1976-03-14,14,70.9
1976-03-15,15,69.9
1976-03-16,18,73.3
1976-03-17,20,75.2
1976-03-18,13,79.8
1976-03-19,11,82.3
1976-03-20,8,85.7
1976-03-21,6,91.9
1976-03-22,3,83.6
1976-03-23,5,87.5
1976-03-24,4,82.7
1976-03-25,5,85.6
1976-03-26,145,84.5
1976-03-27,35,85.9
1976-03-28,15,87.4
1976-03-29,16,84.3
1976-03-30,12,82.6
1976-03-31,9,82.9
1976-04-01,118,79.7
1976-04-02,16,76.9
1976-04-03,44,76.2
1976-04-04,31,74.7
1976-04-05,27,73.0
1976-04-06,30,71.2
1976-04-07,28,70.2
1976-04-08,15,71.7
1976-04-09,16,73.9
1976-04-10,12,75.0
1976-04-11,12,76.8
1976-04-12,9,77.8
1976-04-13,13,79.2
1976-04-14,16,79.1
1976-04-15,4,78.7
1976-04-16,8,80.1
1976-04-17,5,79.9
1976-04-18,2,79.8
1976-04-19,5,79.1
1976-04-20,2,79.3
1976-04-21,5,77.3
1976-04-22,19,75.4
1976-04-23,8,74.9
1976-04-24,16,75.9
1976-04-25,9,74.9
1976-04-26,5,74.8
1976-04-27,11,73.6
1976-04-28,10,72.4
1976-04-29,17,78.5
1976-04-30,10,78.4
1976-05-01,10,76.4
1976-05-02,60,73.0
1976-05-03,97,70.7
1976-05-04,20,70.3
1976-05-05,14,69.8
1976-05-06,8,68.7
1976-05-07,10,69.0
1976-05-08,10,68.9
1976-05-09,4,69.3
1976-05-10,6,70.3
1976-05-11,11,71.1
1976-05-12,7,71.1
1976-05-13,6,72.1
1976-05-14,4,72.6
1976-05-15,5,75.2
1976-05-16,5,77.4
1976-05-17,4,74.8
1976-05-18,2,73.8
1976-05-19,12,72.1
1976-05-20,19,71.3
1976-05-21,10,72.2
1976-05-22,11,70.7
1976-05-23,15,70.1
1976-05-24,6,69.0
1976-05-25,9,68.0
1976-05-26,6,67.7
1976-05-27,5,67.8
1976-05-28,14,67.2
1976-05-29,22,66.1
1976-05-30,17,66.2
1976-05-31,9,66.8
1976-06-01,6,66.5
1976-06-02,6,66.0
1976-06-03,12,66.2
1976-06-04,20,66.5
1976-06-05,20,66.7
1976-06-06,7,67.3
1976-06-07,13,67.0
1976-06-08,8,68.6
1976-06-09,4,68.0
1976-06-10,6,68.9
1976-06-11,26,69.3
1976-06-12,7,69.5
1976-06-13,4,69.8
1976-06-14,3,71.4
1976-06-15,4,72.0
1976-06-16,5,74.7
1976-06-17,14,74.7
1976-06-18,21,75.4
1976-06-19,4,74.4
1976-06-20,5,74.4
1976-06-21,3,75.2
1976-06-22,3,76.4
1976-06-23,4,74.1
1976-06-24,16,72.8
1976-06-25,18,72.5
1976-06-26,7,71.9
1976-06-27,6,70.4
1976-06-28,5,69.4
1976-06-29,5,69.0
1976-06-30,29,68.0
1976-07-01,18,67.0
1976-07-02,9,66.8
1976-07-03,12,67.2
1976-07-04,14,66.3
1976-07-05,6,67.2
1976-07-06,6,67.3
1976-07-07,9,67.2
1976-07-08,13,67.4
1976-07-09,10,67.4
1976-07-10,6,67.8
1976-07-11,4,67.9
1976-07-12,5,67.6
1976-07-13,4,67.6
1976-07-14,6,68.4
1976-07-15,19,69.1
1976-07-16,16,67.6
1976-07-17,5,67.2
1976-07-18,6,68.3
1976-07-19,6,68.0
1976-07-20,4,67.2
1976-07-21,3,67.9
1976-07-22,4,67.9
1976-07-23,5,66.6
1976-07-24,4,67.2
1976-07-25,9,66.7
1976-07-26,4,66.4
1976-07-27,8,67.3
1976-07-28,16,67.3
1976-07-29,18,67.3
1976-07-30,19,68.6
1976-07-31,7,70.2
1976-08-01,8,73.7
1976-08-02,8,75.5
1976-08-03,10,79.9
1976-08-04,5,80.0
1976-08-05,6,81.8
1976-08-06,5,81.9
1976-08-07,5,81.4
1976-08-08,4,79.8
1976-08-09,12,80.5
1976-08-10,9,80.6
1976-08-11,5,78.3
1976-08-12,3,78.5
1976-08-13,3,76.7
1976-08-14,4,71.5
1976-08-15,2,71.0
1976-08-16,6,71.1
1976-08-17,5,75.9
1976-08-18,4,76.3
1976-08-19,6,74.3
1976-08-20,5,72.8
1976-08-21,8,71.6
1976-08-22,5,70.7
1976-08-23,30,69.3
1976-08-24,25,69.4
1976-08-25,24,69.1
1976-08-26,18,68.7
1976-08-27,13,70.0
1976-08-28,10,71.4
1976-08-29,6,71.9
1976-08-30,6,71.6
1976-08-31,5,72.4
1976-09-01,10,75.0
1976-09-02,24,74.0
1976-09-03,10,74.4
1976-09-04,14,74.6
1976-09-05,9,74.2
1976-09-06,7,71.9
1976-09-07,10,71.9
1976-09-08,7,71.8
1976-09-09,6,72.2
1976-09-10,5,74.8
1976-09-11,4,74.7
1976-09-12,8,74.7
1976-09-13,5,73.3
1976-09-14,10,73.7
1976-09-15,10,73.1
1976-09-16,6,75.0
1976-09-17,10,75.7
1976-09-18,33,73.6
1976-09-19,20,72.6
1976-09-20,51,71.6
1976-09-21,24,70.3
1976-09-22,17,70.0
1976-09-23,12,71.5
1976-09-24,7,72.1
1976-09-25,24,73.0
1976-09-26,13,72.4
1976-09-27,12,73.0
1976-09-28,5,73.3
1976-09-29,10,71.7
1976-09-30,9,72.4
1976-10-01,14,74.5
1976-10-02,21,73.8
1976-10-03,9,73.7
1976-10-04,6,73.1
1976-10-05,13,74.8
1976-10-06,11,74.8
1976-10-07,6,74.6
1976-10-08,6,74.7
1976-10-09,6,75.0
1976-10-10,6,75.1
1976-10-11,8,74.0
1976-10-12,14,73.6
1976-10-13,8,73.0
1976-10-14,7,74.8
1976-10-15,33,76.0
1976-10-16,29,77.5
1976-10-17,30,78.5
1976-10-18,19,77.9
1976-10-19,7,77.2
1976-10-20,7,76.5
1976-10-21,7,74.2
1976-10-22,5,76.2
1976-10-23,6,80.9
1976-10-24,6,81.0
1976-10-25,5,85.7
1976-10-26,4,81.4
1976-10-27,7,78.4
1976-10-28,5,74.8
1976-10-29,3,73.1
1976-10-30,16,73.1
1976-10-31,34,71.5
1976-11-01,10,72.0
1976-11-02,7,70.2
1976-11-03,6,70.9
1976-11-04,4,71.1
1976-11-05,3,72.1
1976-11-06,2,71.0
1976-11-07,3,70.8
1976-11-08,6,70.6
1976-11-09,8,72.1
1976-11-10,18,70.8
1976-11-11,23,71.9
1976-11-12,24,72.3
1976-11-13,31,70.9
1976-11-14,16,70.7
1976-11-15,9,72.7
1976-11-16,5,72.7
1976-11-17,7,74.5
1976-11-18,5,77.4
1976-11-19,9,76.4
1976-11-20,7,74.7
1976-11-21,4,75.0
1976-11-22,5,75.2
1976-11-23,4,74.4
1976-11-24,3,74.8
1976-11-25,11,74.6
1976-11-26,9,74.0
1976-11-27,8,75.7
1976-11-28,2,73.7
1976-11-29,6,71.6
1976-11-30,11,71.7
1976-12-01,7,72.2
1976-12-02,3,73.7
1976-12-03,4,73.3
1976-12-04,15,73.4
1976-12-05,6,72.2
1976-12-06,3,72.2
1976-12-07,10,71.9
1976-12-08,23,73.0
1976-12-09,16,76.6
1976-12-10,13,79.2
1976-12-11,13,80.8
1976-12-12,15,81.1
1976-12-13,8,80.6
1976-12-14,4,83.6
1976-12-15,2,82.4
1976-12-16,8,80.4
1976-12-17,10,78.0
1976-12-18,28,76.2
1976-12-19,7,75.3
1976-12-20,5,74.1
1976-12-21,4,74.2
1976-12-22,8,75.8
1976-12-23,5,76.2
1976-12-24,6,76.7
1976-12-25,9,78.2
1976-12-26,6,78.2
1976-12-27,6,77.8
1976-12-28,6,77.0
1976-12-29,45,77.4
1976-12-30,13,77.7
1976-12-31,12,79.0
1977-01-01,17,76.3
1977-01-02,5,79.1
1977-01-03,6,78.6
1977-01-04,10,78.1
1977-01-05,15,76.5
1977-01-06,10,74.9
1977-01-07,7,73.8
1977-01-08,6,72.0
1977-01-09,6,70.7
1977-01-10,3,71.1
1977-01-11,14,73.6
1977-01-12,12,77.5
1977-01-13,7,80.1
1977-01-14,18,77.0
1977-01-15,13,78.2
1977-01-16,7,80.1
1977-01-17,6,78.6
1977-01-18,10,77.9
1977-01-19,8,79.4
1977-01-20,12,77.7
1977-01-21,5,76.4
1977-01-22,7,79.3
1977-01-23,6,81.2
1977-01-24,8,79.9
1977-01-25,9,77.3
1977-01-26,4,78.4
1977-01-27,4,77.6
1977-01-28,13,79.5
1977-01-29,15,78.5
1977-01-30,30,78.7
1977-01-31,19,82.0
1977-02-01,7,84.1
1977-02-02,21,84.6
1977-02-03,11,83.3
1977-02-04,4,81.0
1977-02-05,9,80.0
1977-02-06,14,77.4
1977-02-07,18,76.7
1977-02-08,18,80.8
1977-02-09,25,85.4
1977-02-10,12,85.7
1977-02-11,13,86.9
1977-02-12,7,89.2
1977-02-13,12,90.8
1977-02-14,11,87.4
1977-02-15,8,86.6
1977-02-16,6,87.8
1977-02-17,9,91.8
1977-02-18,17,88.5
1977-02-19,6,84.8
1977-02-20,5,82.9
1977-02-21,7,80.4
1977-02-22,8,77.6
1977-02-23,18,77.5
1977-02-24,14,75.8
1977-02-25,11,75.8
1977-02-26,8,73.8
1977-02-27,3,73.4
1977-02-28,7,74.0
1977-03-01,11,73.9
1977-03-02,5,76.7
1977-03-03,4,76.1
1977-03-04,3,78.2
1977-03-05,4,78.9
1977-03-06,6,78.8
1977-03-07,5,78.4
1977-03-08,12,82.8
1977-03-09,38,81.4
1977-03-10,19,81.6
1977-03-11,18,79.9
1977-03-12,22,79.6
1977-03-13,13,78.8
1977-03-14,12,78.1
1977-03-15,5,75.6
1977-03-16,6,74.8
1977-03-17,9,74.8
1977-03-18,11,74.6
1977-03-19,5,74.6
1977-03-20,13,72.9
1977-03-21,10,73.3
1977-03-22,7,75.1
1977-03-23,14,75.2
1977-03-24,12,75.3
1977-03-25,12,74.4
1977-03-26,16,75.4
1977-03-27,8,74.8
1977-03-28,15,74.6
1977-03-29,14,75.6
1977-03-30,5,74.7
1977-03-31,4,74.2
1977-04-01,4,74.9
1977-04-02,5,76.4
1977-04-03,12,76.6
1977-04-04,24,76.7
1977-04-05,12,75.4
1977-04-06,49,75.9
1977-04-07,48,75.3
1977-04-08,27,74.1
1977-04-09,22,74.6
1977-04-10,13,76.2
1977-04-11,14,78.8
1977-04-12,8,79.8
1977-04-13,5,82.2
1977-04-14,12,82.9
1977-04-15,10,86.2
1977-04-16,17,83.1
1977-04-17,9,82.9
1977-04-18,8,80.1
1977-04-19,48,79.1
1977-04-20,28,79.6
1977-04-21,12,80.0
1977-04-22,6,79.2
1977-04-23,5,76.7
1977-04-24,11,75.6
1977-04-25,22,75.5
1977-04-26,4,74.4
1977-04-27,4,73.9
1977-04-28,4,73.2
1977-04-29,18,73.7
1977-04-30,8,75.5
1977-05-01,13,76.0
1977-05-02,66,77.3
1977-05-03,15,80.5
1977-05-04,19,80.0
1977-05-05,11,78.2
1977-05-06,10,77.1
1977-05-07,6,75.7
1977-05-08,3,76.4
1977-05-09,7,82.0
1977-05-10,9,79.2
1977-05-11,24,79.2
1977-05-12,19,78.1
1977-05-13,6,79.8
1977-05-14,8,83.0
1977-05-15,14,83.2
1977-05-16,22,83.2
1977-05-17,18,82.2
1977-05-18,11,81.0
1977-05-19,5,80.2
1977-05-20,10,79.4
1977-05-21,4,79.4
1977-05-22,7,80.9
1977-05-23,7,80.3
1977-05-24,8,77.2
1977-05-25,5,75.4
1977-05-26,2,74.8
1977-05-27,4,75.9
1977-05-28,7,77.0
1977-05-29,2,79.5
1977-05-30,5,87.5
1977-05-31,7,89.5
1977-06-01,9,86.4
1977-06-02,14,88.3
1977-06-03,6,90.4
1977-06-04,5,91.5
1977-06-05,7,87.6
1977-06-06,5,88.0
1977-06-07,6,89.3
1977-06-08,6,89.2
1977-06-09,6,88.2
1977-06-10,8,86.5
1977-06-11,4,84.6
1977-06-12,4,80.8
1977-06-13,6,81.6
1977-06-14,9,79.7
1977-06-15,3,79.7
1977-06-16,10,78.9
1977-06-17,8,79.8
1977-06-18,10,81.6
1977-06-19,10,82.5
1977-06-20,11,86.1
1977-06-21,6,89.4
1977-06-22,10,95.6
1977-06-23,10,96.2
1977-06-24,7,104.0
1977-06-25,5,110.2
1977-06-26,6,116.7
1977-06-27,7,112.1
1977-06-28,12,109.7
1977-06-29,7,108.2
1977-06-30,9,103.4
1977-07-01,15,98.6
1977-07-02,11,97.4
1977-07-03,9,94.2
1977-07-04,8,90.9
1977-07-05,5,85.1
1977-07-06,28,87.2
1977-07-07,15,82.4
1977-07-08,14,79.4
1977-07-09,16,76.4
1977-07-10,14,74.4
1977-07-11,10,73.7
1977-07-12,4,73.4
1977-07-13,9,75.3
1977-07-14,18,74.3
1977-07-15,12,73.6
1977-07-16,27,74.4
1977-07-17,14,74.1
1977-07-18,7,74.4
1977-07-19,23,74.4
1977-07-20,29,77.5
1977-07-21,10,79.2
1977-07-22,11,80.5
1977-07-23,6,82.4
1977-07-24,7,81.4
1977-07-25,5,83.3
1977-07-26,3,83.3
1977-07-27,3,82.8
1977-07-28,4,84.9
1977-07-29,61,84.1
1977-07-30,17,81.6
1977-07-31,8,78.1
1977-08-01,6,80.6
1977-08-02,4,80.4
1977-08-03,7,79.9
1977-08-04,9,80.6
1977-08-05,40,84.0
1977-08-06,21,85.7
1977-08-07,17,84.5
1977-08-08,12,82.8
1977-08-09,20,83.6
1977-08-10,12,84.9
1977-08-11,28,85.3
1977-08-12,11,84.2
1977-08-13,11,86.7
1977-08-14,12,85.3
1977-08-15,11,84.7
1977-08-16,9,85.2
1977-08-17,29,85.0
1977-08-18,13,86.4
1977-08-19,24,85.0
1977-08-20,8,86.6
1977-08-21,5,88.8
1977-08-22,5,87.6
1977-08-23,6,84.1
1977-08-24,10,84.1
1977-08-25,27,85.8
1977-08-26,13,84.6
1977-08-27,14,83.6
1977-08-28,7,80.8
1977-08-29,6,84.4
1977-08-30,5,83.9
1977-08-31,4,83.1
1977-09-01,4,81.6
1977-09-02,6,82.7
1977-09-03,8,85.7
1977-09-04,6,82.8
1977-09-05,3,84.3
1977-09-06,4,83.6
1977-09-07,6,88.0
1977-09-08,8,90.2
1977-09-09,11,94.6
1977-09-10,13,98.4
1977-09-11,19,103.3
1977-09-12,6,106.4
1977-09-13,28,111.5
1977-09-14,10,116.7
1977-09-15,9,119.4
1977-09-16,7,119.1
1977-09-17,10,119.4
1977-09-18,6,119.4
1977-09-19,42,113.6
1977-09-20,44,107.9
1977-09-21,64,104.1
1977-09-22,63,101.7
1977-09-23,21,98.6
1977-09-24,12,100.0
1977-09-25,10,98.3
1977-09-26,18,98.9
1977-09-27,24,99.6
1977-09-28,9,99.6
1977-09-29,3,99.1
1977-09-30,4,97.4
1977-10-01,4,93.6
1977-10-02,5,93.1
1977-10-03,10,97.3
1977-10-04,7,98.8
1977-10-05,8,104.0
1977-10-06,8,103.6
1977-10-07,3,105.6
1977-10-08,6,104.0
1977-10-09,2,101.0
1977-10-10,4,96.7
1977-10-11,12,95.7
1977-10-12,28,101.2
1977-10-13,14,99.0
1977-10-14,13,99.4
1977-10-15,19,98.8
1977-10-16,8,97.5
1977-10-17,12,95.6
1977-10-18,22,96.2
1977-10-19,28,105.8
1977-10-20,7,100.5
1977-10-21,5,99.5
1977-10-22,22,94.8
1977-10-23,6,88.2
1977-10-24,6,89.3
1977-10-25,4,89.2
1977-10-26,6,89.7
1977-10-27,62,89.7
1977-10-28,47,91.5
1977-10-29,9,91.6
1977-10-30,9,96.2
1977-10-31,6,97.4
1977-11-01,5,95.8
1977-11-02,6,95.1
1977-11-03,4,91.9
1977-11-04,8,90.9
1977-11-05,10,92.2
1977-11-06,7,92.8
1977-11-07,5,91.9
1977-11-08,3,92.0
1977-11-09,3,92.9
1977-11-10,9,95.0
1977-11-11,6,96.8
1977-11-12,18,93.4
1977-11-13,26,96.0
1977-11-14,42,100.0
1977-11-15,25,100.1
1977-11-16,14,98.1
1977-11-17,8,102.8
1977-11-18,6,104.4
1977-11-19,6,101.6
1977-11-20,4,98.1
1977-11-21,5,95.1
1977-11-22,3,91.6
1977-11-23,2,90.3
1977-11-24,2,89.0
1977-11-25,15,87.0
1977-11-26,19,86.3
1977-11-27,12,86.1
1977-11-28,5,88.0
1977-11-29,6,88.0
1977-11-30,12,87.8
1977-12-01,6,90.9
1977-12-02,69,93.8
1977-12-03,9,96.5
1977-12-04,14,98.8
1977-12-05,18,99.8
1977-12-06,5,105.0
1977-12-07,3,108.8
1977-12-08,2,110.0
1977-12-09,3,116.1
1977-12-10,4,118.2
1977-12-11,38,110.8
1977-12-12,21,114.5
1977-12-13,16,103.8
1977-12-14,8,96.7
1977-12-15,5,95.5
1977-12-16,9,95.6
1977-12-17,12,94.1
1977-12-18,3,96.7
1977-12-19,3,94.0
1977-12-20,4,91.6
1977-12-21,6,90.7
1977-12-22,6,92.9
1977-12-23,4,94.3
1977-12-24,5,97.1
1977-12-25,5,99.6
1977-12-26,11,102.7
1977-12-27,6,101.7
1977-12-28,10,102.3
1977-12-29,8,109.2
1977-12-30,5,118.6
1977-12-31,6,124.3
1978-01-01,7,131.2
1978-01-02,8,138.5
1978-01-03,13,134.6
1978-01-04,89,129.1
1978-01-05,31,123.3
1978-01-06,34,122.7
1978-01-07,13,115.4
1978-01-08,19,106.3
1978-01-09,23,100.3
1978-01-10,21,96.7
1978-01-11,7,96.3
1978-01-12,4,95.2
1978-01-13,8,93.4
1978-01-14,3,91.6
1978-01-15,2,92.7
1978-01-16,14,89.3
1978-01-17,9,86.6
1978-01-18,12,87.5
1978-01-19,6,88.2
1978-01-20,3,89.9
1978-01-21,1,94.4
1978-01-22,3,100.0
1978-01-23,2,102.8
1978-01-24,6,103.6
1978-01-25,12,106.6
1978-01-26,12,116.3
1978-01-27,5,120.0
1978-01-28,9,131.6
1978-01-29,36,136.3
1978-01-30,36,139.1
1978-01-31,23,137.3
1978-02-01,15,143.3
1978-02-02,14,157.2
1978-02-03,14,161.3
1978-02-04,11,158.4
1978-02-05,17,163.6
1978-02-06,14,160.6
1978-02-07,7,161.7
1978-02-08,10,161.4
1978-02-09,16,159.5
1978-02-10,7,152.7
1978-02-11,5,158.3
1978-02-12,10,163.2
1978-02-13,8,155.1
1978-02-14,11,152.2
1978-02-15,48,140.3
1978-02-16,11,133.4
1978-02-17,10,129.0
1978-02-18,10,127.8
1978-02-19,12,121.9
1978-02-20,12,124.9
1978-02-21,12,124.9
1978-02-22,22,130.6
1978-02-23,6,134.6
1978-02-24,5,138.5
1978-02-25,12,142.1
1978-02-26,37,137.6
1978-02-27,42,140.2
1978-02-28,46,138.0
1978-03-01,33,138.8
1978-03-02,27,143.5
1978-03-03,15,149.1
1978-03-04,3,150.8
1978-03-05,6,157.0
1978-03-06,7,165.3
1978-03-07,9,167.7
1978-03-08,20,171.1
1978-03-09,14,186.3
1978-03-10,12,181.5
1978-03-11,7,177.5
1978-03-12,3,171.9
1978-03-13,12,162.9
1978-03-14,10,162.3
1978-03-15,17,155.9
1978-03-16,24,144.7
1978-03-17,25,136.8
1978-03-18,24,133.5
1978-03-19,15,129.1
1978-03-20,9,126.3
1978-03-21,7,119.0
1978-03-22,13,117.8
1978-03-23,15,117.1
1978-03-24,6,118.2
1978-03-25,3,118.8
1978-03-26,49,113.0
1978-03-27,70,114.6
1978-03-28,17,113.0
1978-03-29,14,111.4
1978-03-30,16,115.6
1978-03-31,8,124.7
1978-04-01,12,130.1
1978-04-02,15,129.9
1978-04-03,41,134.5
1978-04-04,55,143.2
1978-04-05,21,146.6
1978-04-06,9,145.0
1978-04-07,5,146.6
1978-04-08,5,148.2
1978-04-09,6,155.6
1978-04-10,36,154.8
1978-04-11,64,162.0
1978-04-12,29,155.4
1978-04-13,24,144.7
1978-04-14,51,138.3
1978-04-15,19,140.4
1978-04-16,8,136.6
1978-04-17,7,132.3
1978-04-18,19,132.9
1978-04-19,38,138.3
1978-04-20,23,136.7
1978-04-21,9,137.0
1978-04-22,8,144.8
1978-04-23,22,161.1
1978-04-24,48,157.9
1978-04-25,17,157.2
1978-04-26,18,164.6
1978-04-27,16,170.4
1978-04-28,12,174.2
1978-04-29,6,182.5
1978-04-30,58,179.4
1978-05-01,88,178.5
1978-05-02,94,180.1
1978-05-03,83,179.2
1978-05-04,96,175.4
1978-05-05,7,170.8
1978-05-06,5,170.0
1978-05-07,7,159.6
1978-05-08,16,140.7
1978-05-09,85,132.6
1978-05-10,10,127.0
1978-05-11,30,131.2
1978-05-12,18,135.4
1978-05-13,11,137.3
1978-05-14,9,140.6
1978-05-15,5,143.0
1978-05-16,7,144.5
1978-05-17,8,140.6
1978-05-18,5,132.4
1978-05-19,4,130.5
1978-05-20,8,129.2
1978-05-21,26,129.5
1978-05-22,24,132.4
1978-05-23,24,139.3
1978-05-24,26,142.8
1978-05-25,10,143.9
1978-05-26,7,148.8
1978-05-27,5,146.6
1978-05-28,7,143.2
1978-05-29,8,144.6
1978-05-30,18,143.2
1978-05-31,12,148.4
1978-06-01,9,144.9
1978-06-02,82,142.9
1978-06-03,31,127.1
1978-06-04,26,115.3
1978-06-05,38,113.5
1978-06-06,8,106.6
1978-06-07,11,107.4
1978-06-08,10,106.1
1978-06-09,4,103.3
1978-06-10,24,105.1
1978-06-11,17,109.8
1978-06-12,10,112.9
1978-06-13,7,116.6
1978-06-14,4,122.5
1978-06-15,6,128.4
1978-06-16,6,135.2
1978-06-17,9,144.4
1978-06-18,11,148.6
1978-06-19,17,156.8
1978-06-20,11,168.6
1978-06-21,33,179.5
1978-06-22,15,184.2
1978-06-23,18,190.4
1978-06-24,19,188.6
1978-06-25,24,177.6
1978-06-26,46,176.4
1978-06-27,15,173.6
1978-06-28,12,168.4
1978-06-29,32,161.9
1978-06-30,31,149.5
1978-07-01,6,138.2
1978-07-02,5,123.4
1978-07-03,11,112.7
1978-07-04,80,113.5
1978-07-05,53,115.0
1978-07-06,13,115.4
1978-07-07,14,124.7
1978-07-08,14,131.4
1978-07-09,8,142.3
1978-07-10,10,150.9
1978-07-11,6,157.8
1978-07-12,4,168.6
1978-07-13,20,160.2
1978-07-14,48,157.9
1978-07-15,6,164.1
1978-07-16,6,158.2
1978-07-17,6,154.4
1978-07-18,18,149.2
1978-07-19,11,143.9
1978-07-20,5,138.3
1978-07-21,6,135.9
1978-07-22,8,123.1
1978-07-23,8,119.6
1978-07-24,6,114.8
1978-07-25,8,110.2
1978-07-26,5,108.7
1978-07-27,4,107.5
1978-07-28,6,106.6
1978-07-29,4,105.9
1978-07-30,3,105.9
1978-07-31,2,105.6
1978-08-01,4,102.9
1978-08-02,4,102.9
1978-08-03,16,106.4
1978-08-04,30,109.1
1978-08-05,22,114.3
1978-08-06,16,119.1
1978-08-07,7,124.7
1978-08-08,6,127.0
1978-08-09,5,124.6
1978-08-10,6,124.1
1978-08-11,11,118.5
1978-08-12,21,121.2
1978-08-13,13,131.5
1978-08-14,6,129.3
1978-08-15,3,126.7
1978-08-16,4,120.6
1978-08-17,9,116.4
1978-08-18,24,112.8
1978-08-19,11,109.0
1978-08-20,3,105.0
1978-08-21,6,102.4
1978-08-22,6,103.6
1978-08-23,4,101.9
1978-08-24,4,103.1
1978-08-25,9,102.0
1978-08-26,4,98.6
1978-08-27,29,105.1
1978-08-28,124,105.6
1978-08-29,40,113.9
1978-08-30,31,121.8
1978-08-31,45,131.4
1978-09-01,21,157.0
1978-09-02,20,168.7
1978-09-03,11,164.2
1978-09-04,8,171.5
1978-09-05,7,176.6
1978-09-06,14,178.2
1978-09-07,6,174.9
1978-09-08,24,164.6
1978-09-09,31,155.4
1978-09-10,12,147.7
1978-09-11,12,139.7
1978-09-12,13,136.7
1978-09-13,6,136.2
1978-09-14,5,141.7
1978-09-15,3,150.9
1978-09-16,6,159.7
1978-09-17,8,160.2
1978-09-18,3,167.8
1978-09-19,2,167.3
1978-09-20,5,167.3
1978-09-21,9,171.1
1978-09-22,12,170.3
1978-09-23,11,164.3
1978-09-24,10,158.0
1978-09-25,36,156.4
1978-09-26,36,147.8
1978-09-27,51,145.6
1978-09-28,50,147.2
1978-09-29,109,147.7
1978-09-30,11,142.2
1978-10-01,13,138.7
1978-10-02,12,137.7
1978-10-03,8,131.6
1978-10-04,17,132.0
1978-10-05,8,138.7
1978-10-06,4,137.5
1978-10-07,4,141.7
1978-10-08,5,150.4
1978-10-09,11,156.3
1978-10-10,15,162.8
1978-10-11,5,172.3
1978-10-12,14,177.9
1978-10-13,8,179.4
1978-10-14,5,181.0
1978-10-15,5,183.1
1978-10-16,4,177.9
1978-10-17,5,172.7
1978-10-18,32,170.8
1978-10-19,22,171.8
1978-10-20,9,172.6
1978-10-21,13,168.4
1978-10-22,10,163.0
1978-10-23,6,163.0
1978-10-24,5,158.6
1978-10-25,7,158.0
1978-10-26,18,156.3
1978-10-27,23,152.7
1978-10-28,14,150.4
1978-10-29,16,151.9
1978-10-30,25,148.6
1978-10-31,20,146.2
1978-11-01,13,154.3
1978-11-02,10,161.6
1978-11-03,12,172.7
1978-11-04,5,180.5
1978-11-05,6,184.3
1978-11-06,2,175.4
1978-11-07,9,177.8
1978-11-08,14,171.3
1978-11-09,8,168.1
1978-11-10,16,169.7
1978-11-11,10,167.0
1978-11-12,53,153.6
1978-11-13,22,148.4
1978-11-14,11,139.2
1978-11-15,8,136.8
1978-11-16,6,131.7
1978-11-17,6,131.1
1978-11-18,5,130.4
1978-11-19,13,132.1
1978-11-20,22,138.2
1978-11-21,16,129.1
1978-11-22,28,130.4
1978-11-23,12,125.0
1978-11-24,18,126.8
1978-11-25,60,128.0
1978-11-26,33,136.2
1978-11-27,17,148.4
1978-11-28,5,158.4
1978-11-29,4,166.7
1978-11-30,5,172.6
1978-12-01,11,171.4
1978-12-02,3,172.4
1978-12-03,5,169.1
1978-12-04,12,170.2
1978-12-05,10,174.6
1978-12-06,5,169.4
1978-12-07,2,184.0
1978-12-08,3,195.8
1978-12-09,3,195.5
1978-12-10,1,211.0
1978-12-11,1,217.2
1978-12-12,4,224.3
1978-12-13,7,217.3
1978-12-14,28,203.3
1978-12-15,28,198.9
1978-12-16,14,186.5
1978-12-17,9,183.6
1978-12-18,48,166.8
1978-12-19,24,158.0
1978-12-20,26,142.7
1978-12-21,12,136.5
1978-12-22,19,137.1
1978-12-23,7,138.0
1978-12-24,6,139.8
1978-12-25,21,142.7
1978-12-26,8,149.1
1978-12-27,14,153.8
1978-12-28,14,169.7
1978-12-29,20,171.9
1978-12-30,27,187.9
1978-12-31,18,201.8
1979-01-01,10,200.7
1979-01-02,19,206.9
1979-01-03,19,210.4
1979-01-04,45,199.3
1979-01-05,23,201.6
1979-01-06,18,197.4
1979-01-07,32,192.6
1979-01-08,8,206.9
1979-01-09,15,199.2
1979-01-10,4,192.6
1979-01-11,4,185.6
1979-01-12,10,180.5
1979-01-13,5,200.5
1979-01-14,8,206.8
1979-01-15,15,198.7
1979-01-16,12,196.2
1979-01-17,7,181.5
1979-01-18,11,183.5
1979-01-19,19,194.0
1979-01-20,12,203.7
1979-01-21,11,217.3
1979-01-22,14,234.2
1979-01-23,27,232.3
1979-01-24,23,215.2
1979-01-25,34,212.7
1979-01-26,28,199.1
1979-01-27,23,211.8
1979-01-28,13,216.1
1979-01-29,13,215.8
1979-01-30,16,200.1
1979-01-31,13,199.5
1979-02-01,6,191.4
1979-02-02,10,191.1
1979-02-03,9,193.0
1979-02-04,19,193.1
1979-02-05,9,203.1
1979-02-06,16,212.4
1979-02-07,6,209.0
1979-02-08,9,213.0
1979-02-09,9,204.2
1979-02-10,6,203.7
1979-02-11,12,207.6
1979-02-12,17,200.6
1979-02-13,3,200.4
1979-02-14,2,209.4
1979-02-15,11,210.3
1979-02-16,7,214.3
1979-02-17,5,218.3
1979-02-18,22,243.3
1979-02-19,15,243.4
1979-02-20,6,235.3
1979-02-21,59,230.2
1979-02-22,33,228.3
1979-02-23,31,200.2
1979-02-24,17,186.7
1979-02-25,14,170.9
1979-02-26,22,169.4
1979-02-27,24,165.9
1979-02-28,17,166.8
1979-03-01,12,171.6
1979-03-02,20,173.7
1979-03-03,13,176.3
1979-03-04,27,184.4
1979-03-05,13,183.0
1979-03-06,30,185.2
1979-03-07,7,185.9
1979-03-08,7,181.4
1979-03-09,14,184.0
1979-03-10,54,183.0
1979-03-11,18,184.1
1979-03-12,6,191.0
1979-03-13,7,188.6
1979-03-14,3,191.5
1979-03-15,8,183.3
1979-03-16,11,185.4
1979-03-17,21,179.5
1979-03-18,7,190.3
1979-03-19,11,179.0
1979-03-20,6,185.6
1979-03-21,4,183.5
1979-03-22,45,182.4
1979-03-23,12,189.6
1979-03-24,15,189.4
1979-03-25,21,189.1
1979-03-26,26,201.0
1979-03-27,18,188.7
1979-03-28,39,189.2
1979-03-29,68,192.0
1979-03-30,16,187.0
1979-03-31,19,201.8
1979-04-01,33,202.8
1979-04-02,36,203.6
1979-04-03,54,194.2
1979-04-04,47,183.3
1979-04-05,52,179.1
1979-04-06,12,175.9
1979-04-07,12,166.4
1979-04-08,12,168.5
1979-04-09,9,169.1
1979-04-10,12,172.3
1979-04-11,6,169.2
1979-04-12,15,173.6
1979-04-13,11,174.8
1979-04-14,15,169.9
1979-04-15,18,166.9
1979-04-16,16,170.5
1979-04-17,11,166.7
1979-04-18,6,157.3
1979-04-19,6,158.0
1979-04-20,2,154.6
1979-04-21,21,159.9
1979-04-22,45,158.0
1979-04-23,23,160.5
1979-04-24,14,160.0
1979-04-25,126,170.5
1979-04-26,12,179.7
1979-04-27,27,192.4
1979-04-28,31,189.4
1979-04-29,47,183.0
1979-04-30,26,182.5
1979-05-01,18,177.6
1979-05-02,14,176.4
1979-05-03,6,161.6
1979-05-04,7,173.1
1979-05-05,7,166.6
1979-05-06,6,168.1
1979-05-07,11,174.7
1979-05-08,8,179.0
1979-05-09,14,177.9
1979-05-10,7,171.3
1979-05-11,19,175.1
1979-05-12,9,180.4
1979-05-13,8,182.8
1979-05-14,11,178.1
1979-05-15,11,178.0
1979-05-16,5,172.4
1979-05-17,3,183.5
1979-05-18,11,167.3
1979-05-19,24,157.7
1979-05-20,13,152.0
1979-05-21,13,151.9
1979-05-22,36,152.7
1979-05-23,11,152.0
1979-05-24,27,155.2
1979-05-25,34,149.4
1979-05-26,25,145.2
1979-05-27,17,145.5
1979-05-28,11,145.3
1979-05-29,30,146.1
1979-05-30,10,154.1
1979-05-31,6,170.1
1979-06-01,5,184.2
1979-06-02,6,201.0
1979-06-03,4,210.0
1979-06-04,6,222.4
1979-06-05,4,223.5
1979-06-06,34,231.2
1979-06-07,26,231.2
1979-06-08,14,235.6
1979-06-09,15,240.0
1979-06-10,14,232.7
1979-06-11,10,222.7
1979-06-12,7,202.0
1979-06-13,8,187.7
1979-06-14,7,179.9
1979-06-15,10,170.5
1979-06-16,16,162.3
1979-06-17,14,153.2
1979-06-18,6,147.7
1979-06-19,6,141.5
1979-06-20,8,146.7
1979-06-21,15,144.1
1979-06-22,24,136.6
1979-06-23,19,134.6
1979-06-24,10,136.7
1979-06-25,9,143.1
1979-06-26,20,148.6
1979-06-27,10,153.3
1979-06-28,4,153.9
1979-06-29,7,161.4
1979-06-30,10,170.9
1979-07-01,7,180.2
1979-07-02,4,194.3
1979-07-03,14,206.4
1979-07-04,9,210.9
1979-07-05,9,197.8
1979-07-06,22,204.4
1979-07-07,27,200.4
1979-07-08,9,199.9
1979-07-09,6,191.4
1979-07-10,6,179.8
1979-07-11,4,172.7
1979-07-12,11,164.7
1979-07-13,16,156.2
1979-07-14,14,149.8
1979-07-15,15,146.3
1979-07-16,11,139.0
1979-07-17,14,138.1
1979-07-18,15,136.7
1979-07-19,11,139.0
1979-07-20,18,141.9
1979-07-21,9,139.2
1979-07-22,6,150.9
1979-07-23,6,158.0
1979-07-24,5,163.4
1979-07-25,3,159.4
1979-07-26,17,160.5
1979-07-27,23,154.3
1979-07-28,10,153.3
1979-07-29,24,152.0
1979-07-30,9,155.5
1979-07-31,3,148.0
1979-08-01,16,144.8
1979-08-02,11,139.7
1979-08-03,10,140.9
1979-08-04,16,137.7
1979-08-05,8,137.6
1979-08-06,18,145.3
1979-08-07,10,147.0
1979-08-08,7,148.5
1979-08-09,6,153.0
1979-08-10,7,148.1
1979-08-11,10,150.3
1979-08-12,18,141.0
1979-08-13,76,151.9
1979-08-14,7,154.2
1979-08-15,4,163.4
1979-08-16,5,160.8
1979-08-17,8,161.8
1979-08-18,11,175.6
1979-08-19,35,182.0
1979-08-20,42,199.4
1979-08-21,22,202.9
1979-08-22,12,218.2
1979-08-23,5,213.9
1979-08-24,13,220.4
1979-08-25,22,224.4
1979-08-26,15,218.7
1979-08-27,12,208.4
1979-08-28,10,210.0
1979-08-29,77,193.7
1979-08-30,15,184.3
1979-08-31,12,176.5
1979-09-01,10,172.7
1979-09-02,5,176.9
1979-09-03,9,177.8
1979-09-04,10,172.4
1979-09-05,17,174.3
1979-09-06,15,177.6
1979-09-07,6,183.5
1979-09-08,6,180.9
1979-09-09,5,184.8
1979-09-10,9,182.1
1979-09-11,14,179.2
1979-09-12,8,179.4
1979-09-13,8,183.7
1979-09-14,10,190.1
1979-09-15,8,191.7
1979-09-16,14,194.2
1979-09-17,11,200.7
1979-09-18,64,213.8
1979-09-19,6,216.2
1979-09-20,22,212.2
1979-09-21,23,216.7
1979-09-22,6,215.0
1979-09-23,7,222.6
1979-09-24,15,229.3
1979-09-25,19,234.3
1979-09-26,19,228.8
1979-09-27,15,227.8
1979-09-28,16,232.9
1979-09-29,15,224.3
1979-09-30,18,231.2
1979-10-01,10,212.4
1979-10-02,7,211.3
1979-10-03,13,204.5
1979-10-04,9,197.7
1979-10-05,6,192.8
1979-10-06,36,195.7
1979-10-07,32,197.2
1979-10-08,37,200.7
1979-10-09,23,210.1
1979-10-10,17,209.3
1979-10-11,10,212.7
1979-10-12,8,217.3
1979-10-13,12,240.3
1979-10-14,6,237.6
1979-10-15,8,232.1
1979-10-16,8,233.9
1979-10-17,4,227.6
1979-10-18,3,238.7
1979-10-19,5,239.2
1979-10-20,6,238.8
1979-10-21,10,232.2
1979-10-22,14,224.1
1979-10-23,6,217.1
1979-10-24,12,228.1
1979-10-25,14,217.8
1979-10-26,8,205.4
1979-10-27,6,214.0
1979-10-28,9,212.8
1979-10-29,11,217.8
1979-10-30,5,216.7
1979-10-31,5,218.2
1979-11-01,16,214.8
1979-11-02,12,212.9
1979-11-03,10,210.9
1979-11-04,10,217.9
1979-11-05,2,239.6
1979-11-06,3,278.2
1979-11-07,12,292.2
1979-11-08,14,316.1
1979-11-09,19,320.5
1979-11-10,6,374.5
1979-11-11,10,332.3
1979-11-12,7,300.7
1979-11-13,35,278.5
1979-11-14,13,261.9
1979-11-15,3,245.1
1979-11-16,12,235.8
1979-11-17,8,237.3
1979-11-18,4,237.4
1979-11-19,7,220.1
1979-11-20,10,211.0
1979-11-21,6,194.5
1979-11-22,2,187.2
1979-11-23,4,187.9
1979-11-24,24,179.9
1979-11-25,15,170.2
1979-11-26,4,165.9
1979-11-27,4,160.0
1979-11-28,2,154.3
1979-11-29,4,158.3
1979-11-30,15,156.6
1979-12-01,9,166.6
1979-12-02,11,177.0
1979-12-03,9,200.9
1979-12-04,16,227.6
1979-12-05,7,230.1
1979-12-06,6,230.1
1979-12-07,4,229.5
1979-12-08,10,236.0
1979-12-09,7,239.6
1979-12-10,5,237.4
1979-12-11,5,238.0
1979-12-12,4,239.7
1979-12-13,4,239.1
1979-12-14,4,245.9
1979-12-15,9,239.2
1979-12-16,10,223.5
1979-12-17,13,208.9
1979-12-18,7,193.6
1979-12-19,6,189.1
1979-12-20,4,186.8
1979-12-21,4,182.5
1979-12-22,15,181.1
1979-12-23,3,174.4
1979-12-24,7,165.7
1979-12-25,2,167.5
1979-12-26,10,165.2
1979-12-27,12,158.8
1979-12-28,16,168.7
1979-12-29,32,179.9
1979-12-30,20,191.8
1979-12-31,9,195.3
1980-01-01,24,195.6
1980-01-02,12,206.7
1980-01-03,18,219.1
1980-01-04,16,219.7
1980-01-05,12,214.8
1980-01-06,8,229.7
1980-01-07,5,235.8
1980-01-08,6,235.9
1980-01-09,3,249.1
1980-01-10,3,261.6
1980-01-11,11,264.4
1980-01-12,4,253.5
1980-01-13,23,229.2
1980-01-14,9,210.8
1980-01-15,6,206.8
1980-01-16,9,194.8
1980-01-17,13,193.1
1980-01-18,4,183.4
1980-01-19,4,169.8
1980-01-20,6,161.7
1980-01-21,6,158.5
1980-01-22,5,163.3
1980-01-23,5,172.0
1980-01-24,5,176.6
1980-01-25,7,176.8
1980-01-26,6,184.5
1980-01-27,24,196.5
1980-01-28,27,200.0
1980-01-29,26,203.1
1980-01-30,10,204.0
1980-01-31,5,220.3
1980-02-01,10,218.9
1980-02-02,9,224.4
1980-02-03,3,232.4
1980-02-04,4,238.4
1980-02-05,3,225.2
1980-02-06,33,228.1
1980-02-07,12,230.1
1980-02-08,17,224.8
1980-02-09,11,214.0
1980-02-10,4,210.1
1980-02-11,4,219.4
1980-02-12,3,219.4
1980-02-13,2,223.5
1980-02-14,18,206.2
1980-02-15,33,206.4
1980-02-16,40,205.1
1980-02-17,6,187.3
1980-02-18,10,184.2
1980-02-19,10,181.5
1980-02-20,6,178.6
1980-02-21,4,173.4
1980-02-22,4,171.1
1980-02-23,9,163.5
1980-02-24,6,160.6
1980-02-25,13,169.1
1980-02-26,14,172.4
1980-02-27,14,176.6
1980-02-28,10,175.0
1980-02-29,7,179.9
1980-03-01,3,178.9
1980-03-02,3,175.9
1980-03-03,5,173.1
1980-03-04,5,175.5
1980-03-05,7,174.6
1980-03-06,9,172.0
1980-03-07,7,168.8
1980-03-08,6,167.2
1980-03-09,7,163.6
1980-03-10,4,155.9
1980-03-11,4,149.7
1980-03-12,1,140.3
1980-03-13,7,146.4
1980-03-14,5,142.8
1980-03-15,2,140.8
1980-03-16,4,138.7
1980-03-17,5,144.3
1980-03-18,4,148.7
1980-03-19,10,163.6
1980-03-20,4,163.4
1980-03-21,18,163.5
1980-03-22,16,163.6
1980-03-23,6,173.4
1980-03-24,4,173.4
1980-03-25,6,183.4
1980-03-26,30,185.9
1980-03-27,7,196.1
1980-03-28,7,204.1
1980-03-29,8,200.5
1980-03-30,11,194.7
1980-03-31,21,187.6
1980-04-01,4,182.1
1980-04-02,3,181.3
1980-04-03,7,176.1
1980-04-04,11,184.1
1980-04-05,7,209.5
1980-04-06,28,237.9
1980-04-07,18,235.6
1980-04-08,17,241.0
1980-04-09,20,244.0
1980-04-10,22,248.0
1980-04-11,30,248.7
1980-04-12,28,244.4
1980-04-13,18,231.4
1980-04-14,10,225.0
1980-04-15,20,204.7
1980-04-16,12,191.1
1980-04-17,11,190.4
1980-04-18,4,199.6
1980-04-19,5,212.6
1980-04-20,6,213.7
1980-04-21,5,205.6
1980-04-22,9,197.0
1980-04-23,6,184.2
1980-04-24,7,184.1
1980-04-25,9,183.7
1980-04-26,5,184.2
1980-04-27,5,197.8
1980-04-28,4,200.9
1980-04-29,6,200.5
1980-04-30,8,197.9
1980-05-01,8,215.1
1980-05-02,4,219.5
1980-05-03,3,217.5
1980-05-04,4,219.4
1980-05-05,7,218.0
1980-05-06,12,199.9
1980-05-07,9,199.6
1980-05-08,7,196.5
1980-05-09,18,190.0
1980-05-10,8,187.4
1980-05-11,38,187.6
1980-05-12,23,185.6
1980-05-13,14,188.9
1980-05-14,17,198.5
1980-05-15,6,195.5
1980-05-16,3,198.3
1980-05-17,3,202.8
1980-05-18,4,209.3
1980-05-19,8,228.7
1980-05-20,5,239.0
1980-05-21,4,246.4
1980-05-22,6,269.9
1980-05-23,11,282.2
1980-05-24,12,282.8
1980-05-25,34,285.4
1980-05-26,7,276.7
1980-05-27,7,273.8
1980-05-28,4,273.4
1980-05-29,6,245.4
1980-05-30,10,216.6
1980-05-31,16,195.1
1980-06-01,22,185.8
1980-06-02,7,178.8
1980-06-03,9,173.8
1980-06-04,5,176.4
1980-06-05,4,173.2
1980-06-06,16,167.4
1980-06-07,27,160.9
1980-06-08,23,167.4
1980-06-09,14,169.1
1980-06-10,33,170.8
1980-06-11,59,177.4
1980-06-12,32,183.6
1980-06-13,27,180.7
1980-06-14,10,182.9
1980-06-15,5,180.6
1980-06-16,9,187.3
1980-06-17,3,191.3
1980-06-18,3,201.0
1980-06-19,8,212.8
1980-06-20,6,220.6
1980-06-21,6,220.7
1980-06-22,6,242.0
1980-06-23,6,243.5
1980-06-24,13,238.0
1980-06-25,8,231.2
1980-06-26,15,218.9
1980-06-27,3,205.6
1980-06-28,3,193.1
1980-06-29,5,182.6
1980-06-30,8,177.4
1980-07-01,5,154.7
1980-07-02,3,149.8
1980-07-03,4,142.8
1980-07-04,7,141.9
1980-07-05,15,147.5
1980-07-06,10,145.2
1980-07-07,13,147.5
1980-07-08,14,147.8
1980-07-09,8,150.1
1980-07-10,4,157.0
1980-07-11,10,167.6
1980-07-12,5,172.3
1980-07-13,9,190.5
1980-07-14,9,203.0
1980-07-15,6,211.4
1980-07-16,6,227.9
1980-07-17,6,242.2
1980-07-18,30,241.8
1980-07-19,16,247.0
1980-07-20,9,249.8
1980-07-21,14,246.1
1980-07-22,5,241.0
1980-07-23,4,227.8
1980-07-24,7,215.3
1980-07-25,46,200.0
1980-07-26,26,191.3
1980-07-27,15,182.7
1980-07-28,14,164.4
1980-07-29,6,150.6
1980-07-30,8,139.0
1980-07-31,6,132.5
1980-08-01,4,128.1
1980-08-02,7,128.0
1980-08-03,20,129.3
1980-08-04,8,127.2
1980-08-05,4,128.9
1980-08-06,21,139.2
1980-08-07,10,138.4
1980-08-08,4,142.4
1980-08-09,9,152.2
1980-08-10,9,168.9
1980-08-11,8,179.3
1980-08-12,8,184.6
1980-08-13,6,188.4
1980-08-14,6,186.8
1980-08-15,5,187.0
1980-08-16,26,190.9
1980-08-17,10,192.9
1980-08-18,18,199.3
1980-08-19,28,196.7
1980-08-20,10,188.5
1980-08-21,8,189.7
1980-08-22,10,174.3
1980-08-23,5,170.4
1980-08-24,4,160.8
1980-08-25,5,150.5
1980-08-26,12,151.4
1980-08-27,22,156.0
1980-08-28,4,165.0
1980-08-29,4,175.0
1980-08-30,6,187.8
1980-08-31,7,195.0
1980-09-01,7,209.4
1980-09-02,4,220.5
1980-09-03,12,228.2
1980-09-04,12,221.3
1980-09-05,10,212.2
1980-09-06,9,207.6
1980-09-07,10,209.9
1980-09-08,8,197.9
1980-09-09,12,187.1
1980-09-10,4,186.1
1980-09-11,6,185.7
1980-09-12,18,176.6
1980-09-13,16,169.7
1980-09-14,8,161.3
1980-09-15,8,152.1
1980-09-16,8,157.9
1980-09-17,14,156.4
1980-09-18,4,153.0
1980-09-19,6,158.7
1980-09-20,7,166.2
1980-09-21,2,158.3
1980-09-22,8,177.4
1980-09-23,5,187.4
1980-09-24,4,190.2
1980-09-25,7,182.9
1980-09-26,5,183.4
1980-09-27,6,182.5
1980-09-28,6,184.5
1980-09-29,9,177.7
1980-09-30,5,173.6
1980-10-01,2,170.8
1980-10-02,5,167.7
1980-10-03,5,173.9
1980-10-04,26,175.2
1980-10-05,22,182.6
1980-10-06,14,185.5
1980-10-07,12,198.9
1980-10-08,12,212.5
1980-10-09,16,224.1
1980-10-10,22,233.4
1980-10-11,40,241.7
1980-10-12,11,248.8
1980-10-13,5,254.6
1980-10-14,11,252.4
1980-10-15,15,238.4
1980-10-16,3,216.4
1980-10-17,5,202.5
1980-10-18,21,202.2
1980-10-19,11,204.9
1980-10-20,4,202.3
1980-10-21,7,206.1
1980-10-22,23,207.4
1980-10-23,44,198.1
1980-10-24,14,194.6
1980-10-25,24,185.1
1980-10-26,13,182.5
1980-10-27,3,179.5
1980-10-28,2,180.5
1980-10-29,3,189.0
1980-10-30,10,204.7
1980-10-31,30,214.7
1980-11-01,16,229.7
1980-11-02,11,238.0
1980-11-03,5,245.5
1980-11-04,12,254.2
1980-11-05,5,267.9
1980-11-06,6,278.9
1980-11-07,6,277.7
1980-11-08,6,271.4
1980-11-09,9,260.3
1980-11-10,14,262.4
1980-11-11,24,261.2
1980-11-12,12,238.2
1980-11-13,6,231.7
1980-11-14,10,223.5
1980-11-15,22,209.8
1980-11-16,16,195.4
1980-11-17,11,185.9
1980-11-18,16,179.0
1980-11-19,17,176.6
1980-11-20,17,165.6
1980-11-21,13,165.8
1980-11-22,8,175.8
1980-11-23,10,171.5
1980-11-24,12,179.6
1980-11-25,16,181.1
1980-11-26,21,194.7
1980-11-27,19,190.4
1980-11-28,23,196.7
1980-11-29,16,211.8
1980-11-30,24,222.5
1980-12-01,19,229.4
1980-12-02,7,219.4
1980-12-03,21,203.8
1980-12-04,8,205.4
1980-12-05,4,192.0
1980-12-06,4,176.1
1980-12-07,6,181.9
1980-12-08,9,174.5
1980-12-09,10,180.5
1980-12-10,10,186.1
1980-12-11,16,210.0
1980-12-12,16,248.2
1980-12-13,6,252.0
1980-12-14,8,261.3
1980-12-15,10,274.7
1980-12-16,16,282.0
1980-12-17,5,263.2
1980-12-18,15,263.5
1980-12-19,79,246.4
1980-12-20,21,243.7
1980-12-21,26,232.2
1980-12-22,11,238.8
1980-12-23,5,233.7
1980-12-24,3,231.2
1980-12-25,8,228.2
1980-12-26,6,227.6
1980-12-27,10,277.8
1980-12-28,4,239.4
1980-12-29,9,224.6
1980-12-30,13,217.1
1980-12-31,15,205.8
1981-01-01,13,196.2
1981-01-02,9,187.6
1981-01-03,9,179.0
1981-01-04,14,172.5
1981-01-05,9,167.3
1981-01-06,9,162.8
1981-01-07,6,174.4
1981-01-08,11,175.0
1981-01-09,6,172.7
1981-01-10,9,170.2
1981-01-11,19,166.0
1981-01-12,4,161.9
1981-01-13,6,163.5
1981-01-14,6,159.2
1981-01-15,7,154.9
1981-01-16,12,157.5
1981-01-17,8,160.4
1981-01-18,4,166.3
1981-01-19,3,170.9
1981-01-20,4,165.2
1981-01-21,2,161.8
1981-01-22,9,161.4
1981-01-23,8,161.8
1981-01-24,8,162.3
1981-01-25,7,174.6
1981-01-26,8,180.2
1981-01-27,8,181.2
1981-01-28,16,203.3
1981-01-29,15,210.5
1981-01-30,7,215.6
1981-01-31,22,215.3
1981-02-01,14,213.5
1981-02-02,22,216.4
1981-02-03,13,211.5
1981-02-04,9,203.2
1981-02-05,25,193.2
1981-02-06,48,190.7
1981-02-07,20,185.5
1981-02-08,14,184.1
1981-02-09,22,181.6
1981-02-10,3,190.1
1981-02-11,10,191.4
1981-02-12,11,195.7
1981-02-13,7,202.9
1981-02-14,3,205.4
1981-02-15,10,198.5
1981-02-16,10,191.5
1981-02-17,6,192.7
1981-02-18,6,194.7
1981-02-19,6,183.0
1981-02-20,9,192.5
1981-02-21,5,194.2
1981-02-22,6,204.0
1981-02-23,12,222.6
1981-02-24,20,236.5
1981-02-25,24,238.6
1981-02-26,29,243.4
1981-02-27,21,240.0
1981-02-28,11,229.3
1981-03-01,28,228.5
1981-03-02,25,234.6
1981-03-03,8,243.0
1981-03-04,12,249.6
1981-03-05,81,231.0
1981-03-06,11,215.9
1981-03-07,20,204.5
1981-03-08,10,203.4
1981-03-09,4,205.8
1981-03-10,8,205.8
1981-03-11,7,202.3
1981-03-12,11,191.1
1981-03-13,28,204.6
1981-03-14,45,211.2
1981-03-15,19,208.6
1981-03-16,14,196.9
1981-03-17,18,183.3
1981-03-18,19,181.6
1981-03-19,10,176.5
1981-03-20,9,184.2
1981-03-21,8,190.8
1981-03-22,4,190.7
1981-03-23,4,189.1
1981-03-24,4,192.6
1981-03-25,36,200.3
1981-03-26,28,199.4
1981-03-27,14,198.4
1981-03-28,12,204.3
1981-03-29,18,213.0
1981-03-30,16,208.6
1981-03-31,26,214.4
1981-04-01,23,211.0
1981-04-02,10,211.4
1981-04-03,14,221.2
1981-04-04,11,219.5
1981-04-05,4,226.0
1981-04-06,10,235.2
1981-04-07,9,241.8
1981-04-08,11,268.0
1981-04-09,8,286.8
1981-04-10,8,267.7
1981-04-11,39,270.7
1981-04-12,96,250.6
1981-04-13,121,253.4
1981-04-14,27,255.0
1981-04-15,8,253.1
1981-04-16,13,245.8
1981-04-17,19,240.8
1981-04-18,14,227.2
1981-04-19,45,213.0
1981-04-20,53,198.9
1981-04-21,41,194.2
1981-04-22,33,189.4
1981-04-23,31,202.7
1981-04-24,22,200.6
1981-04-25,19,201.4
1981-04-26,62,196.2
1981-04-27,43,192.0
1981-04-28,13,175.7
1981-04-29,19,174.3
1981-04-30,7,172.7
1981-05-01,16,185.0
1981-05-02,7,190.4
1981-05-03,5,203.0
1981-05-04,4,217.5
1981-05-05,4,233.3
1981-05-06,5,227.1
1981-05-07,5,229.8
1981-05-08,11,218.3
1981-05-09,39,214.5
1981-05-10,32,213.4
1981-05-11,61,223.6
1981-05-12,13,218.8
1981-05-13,10,216.7
1981-05-14,18,227.5
1981-05-15,54,219.1
1981-05-16,59,214.0
1981-05-17,13,202.9
1981-05-18,57,189.8
1981-05-19,18,182.2
1981-05-20,43,175.8
1981-05-21,12,176.0
1981-05-22,6,165.2
1981-05-23,19,155.6
1981-05-24,18,165.5
1981-05-25,33,172.7
1981-05-26,8,169.2
1981-05-27,6,172.3
1981-05-28,12,176.5
1981-05-29,6,166.0
1981-05-30,6,160.1
1981-05-31,8,151.8
1981-06-01,7,145.4
1981-06-02,7,140.2
1981-06-03,16,131.1
1981-06-04,5,130.0
1981-06-05,6,132.0
1981-06-06,14,136.5
1981-06-07,50,142.4
1981-06-08,16,142.4
1981-06-09,4,148.2
1981-06-10,4,152.4
1981-06-11,6,150.1
1981-06-12,4,147.4
1981-06-13,5,147.9
1981-06-14,4,154.2
1981-06-15,11,159.6
1981-06-16,21,163.9
1981-06-17,10,165.9
1981-06-18,10,164.7
1981-06-19,10,160.6
1981-06-20,10,154.7
1981-06-21,7,148.7
1981-06-22,5,160.8
1981-06-23,5,165.7
1981-06-24,13,169.0
1981-06-25,15,177.7
1981-06-26,14,187.5
1981-06-27,10,187.0
1981-06-28,9,185.3
1981-06-29,33,181.3
1981-06-30,14,173.1
1981-07-01,17,169.6
1981-07-02,22,163.3
1981-07-03,9,157.9
1981-07-04,9,160.4
1981-07-05,12,147.5
1981-07-06,19,143.8
1981-07-07,14,144.9
1981-07-08,8,147.4
1981-07-09,6,145.1
1981-07-10,4,151.4
1981-07-11,13,161.9
1981-07-12,20,162.3
1981-07-13,9,168.6
1981-07-14,7,178.3
1981-07-15,4,188.3
1981-07-16,8,198.7
1981-07-17,29,194.4
1981-07-18,10,198.2
1981-07-19,9,213.3
1981-07-20,12,227.2
1981-07-21,6,221.0
1981-07-22,24,228.6
1981-07-23,37,246.8
1981-07-24,13,253.5
1981-07-25,134,251.6
1981-07-26,78,264.6
1981-07-27,24,248.1
1981-07-28,8,216.9
1981-07-29,5,206.9
1981-07-30,9,198.1
1981-07-31,12,191.8
1981-08-01,18,178.5
1981-08-02,15,177.3
1981-08-03,18,186.8
1981-08-04,11,185.2
1981-08-05,15,173.8
1981-08-06,14,174.5
1981-08-07,10,168.3
1981-08-08,4,173.5
1981-08-09,7,175.6
1981-08-10,16,177.2
1981-08-11,15,201.0
1981-08-12,9,203.5
1981-08-13,9,203.4
1981-08-14,8,202.9
1981-08-15,13,219.4
1981-08-16,8,216.4
1981-08-17,25,223.1
1981-08-18,23,238.1
1981-08-19,10,248.6
1981-08-20,8,263.5
1981-08-21,14,261.1
1981-08-22,13,256.3
1981-08-23,56,249.3
1981-08-24,28,253.3
1981-08-25,16,249.3
1981-08-26,8,267.3
1981-08-27,25,275.8
1981-08-28,18,269.9
1981-08-29,18,254.0
1981-08-30,17,260.2
1981-08-31,15,251.2
1981-09-01,5,243.9
1981-09-02,18,238.5
1981-09-03,9,225.2
1981-09-04,11,229.5
1981-09-05,17,244.8
1981-09-06,8,259.1
1981-09-07,5,258.6
1981-09-08,10,262.4
1981-09-09,11,253.0
1981-09-10,9,244.2
1981-09-11,21,237.7
1981-09-12,10,231.2
1981-09-13,12,227.2
1981-09-14,10,225.8
1981-09-15,10,227.9
1981-09-16,7,225.0
1981-09-17,4,216.0
1981-09-18,18,214.6
1981-09-19,38,208.6
1981-09-20,9,198.5
1981-09-21,7,189.7
1981-09-22,13,181.7
1981-09-23,4,182.5
1981-09-24,7,181.1
1981-09-25,13,181.1
1981-09-26,32,187.9
1981-09-27,21,202.0
1981-09-28,6,200.1
1981-09-29,14,203.9
1981-09-30,15,203.2
1981-10-01,9,210.2
1981-10-02,22,204.6
1981-10-03,36,196.3
1981-10-04,17,191.1
1981-10-05,7,193.6
1981-10-06,6,200.5
1981-10-07,32,204.3
1981-10-08,25,201.1
1981-10-09,21,206.0
1981-10-10,27,214.0
1981-10-11,46,220.9
1981-10-12,12,237.8
1981-10-13,17,257.5
1981-10-14,73,277.0
1981-10-15,20,288.8
1981-10-16,8,304.5
1981-10-17,18,305.0
1981-10-18,6,298.9
1981-10-19,23,280.8
1981-10-20,67,260.1
1981-10-21,33,240.4
1981-10-22,72,220.8
1981-10-23,27,210.3
1981-10-24,18,203.3
1981-10-25,18,188.3
1981-10-26,10,174.1
1981-10-27,10,173.5
1981-10-28,19,184.8
1981-10-29,12,190.2
1981-10-30,12,204.4
1981-10-31,4,210.3
1981-11-01,7,225.9
1981-11-02,5,245.2
1981-11-03,8,259.5
1981-11-04,6,267.6
1981-11-05,11,258.5
1981-11-06,9,249.1
1981-11-07,19,245.8
1981-11-08,27,239.2
1981-11-09,4,237.1
1981-11-10,13,235.7
1981-11-11,31,221.4
1981-11-12,39,228.3
1981-11-13,5,220.5
1981-11-14,27,211.8
1981-11-15,20,195.5
1981-11-16,17,185.3
1981-11-17,32,176.8
1981-11-18,26,164.6
1981-11-19,14,160.9
1981-11-20,13,155.7
1981-11-21,15,157.7
1981-11-22,11,156.6
1981-11-23,20,155.8
1981-11-24,9,154.4
1981-11-25,27,163.3
1981-11-26,9,183.1
1981-11-27,4,195.6
1981-11-28,6,212.1
1981-11-29,4,232.8
1981-11-30,1,238.3
1981-12-01,6,237.3
1981-12-02,9,236.9
1981-12-03,8,245.7
1981-12-04,10,248.9
1981-12-05,9,267.8
1981-12-06,4,269.9
1981-12-07,3,284.1
1981-12-08,15,296.7
1981-12-09,10,301.4
1981-12-10,9,287.3
1981-12-11,6,275.2
1981-12-12,23,262.3
1981-12-13,12,225.9
1981-12-14,6,199.2
1981-12-15,6,178.1
1981-12-16,4,162.6
1981-12-17,7,149.0
1981-12-18,14,140.8
1981-12-19,10,134.0
1981-12-20,6,138.3
1981-12-21,6,146.9
1981-12-22,3,150.7
1981-12-23,6,158.2
1981-12-24,10,161.4
1981-12-25,8,167.6
1981-12-26,6,171.9
1981-12-27,6,182.8
1981-12-28,12,189.2
1981-12-29,32,189.9
1981-12-30,30,192.0
1981-12-31,18,189.0
1982-01-01,9,186.0
1982-01-02,9,183.2
1982-01-03,20,182.1
1982-01-04,12,176.2
1982-01-05,4,171.1
1982-01-06,10,172.5
1982-01-07,12,172.6
1982-01-08,9,162.3
1982-01-09,4,170.0
1982-01-10,4,150.7
1982-01-11,5,141.0
1982-01-12,2,136.9
1982-01-13,4,131.8
1982-01-14,3,135.0
1982-01-15,12,141.0
1982-01-16,17,151.6
1982-01-17,10,157.6
1982-01-18,13,173.1
1982-01-19,3,175.0
1982-01-20,6,172.5
1982-01-21,14,168.7
1982-01-22,27,157.8
1982-01-23,22,152.7
1982-01-24,21,153.9
1982-01-25,9,174.7
1982-01-26,7,188.5
1982-01-27,13,203.3
1982-01-28,17,242.0
1982-01-29,11,275.3
1982-01-30,27,293.3
1982-01-31,34,297.7
1982-02-01,41,293.3
1982-02-02,60,288.1
1982-02-03,35,281.1
1982-02-04,49,260.1
1982-02-05,37,252.3
1982-02-06,39,252.3
1982-02-07,26,246.6
1982-02-08,18,251.9
1982-02-09,15,238.1
1982-02-10,35,219.4
1982-02-11,45,216.7
1982-02-12,41,209.4
1982-02-13,54,199.9
1982-02-14,42,190.0
1982-02-15,18,184.9
1982-02-16,6,174.7
1982-02-17,30,166.5
1982-02-18,34,169.6
1982-02-19,36,174.9
1982-02-20,26,175.2
1982-02-21,21,168.9
1982-02-22,51,167.4
1982-02-23,29,176.8
1982-02-24,24,189.9
1982-02-25,42,187.9
1982-02-26,43,208.2
1982-02-27,12,226.4
1982-02-28,10,228.3
1982-03-01,68,235.5
1982-03-02,107,232.2
1982-03-03,13,234.1
1982-03-04,12,242.2
1982-03-05,16,249.4
1982-03-06,3,233.5
1982-03-07,3,231.8
1982-03-08,11,210.0
1982-03-09,20,194.9
1982-03-10,16,181.3
1982-03-11,10,180.5
1982-03-12,8,183.4
1982-03-13,13,187.8
1982-03-14,11,203.5
1982-03-15,7,209.9
1982-03-16,4,230.0
1982-03-17,14,232.7
1982-03-18,20,228.9
1982-03-19,10,221.5
1982-03-20,12,218.7
1982-03-21,23,213.9
1982-03-22,38,215.2
1982-03-23,8,203.6
1982-03-24,12,190.1
1982-03-25,20,190.9
1982-03-26,11,193.6
1982-03-27,9,196.2
1982-03-28,6,201.2
1982-03-29,13,198.6
1982-03-30,15,194.9
1982-03-31,20,184.5
1982-04-01,20,172.4
1982-04-02,42,172.2
1982-04-03,48,169.9
1982-04-04,22,158.0
1982-04-05,21,159.7
1982-04-06,18,164.9
1982-04-07,5,163.7
1982-04-08,12,161.6
1982-04-09,10,166.8
1982-04-10,61,176.4
1982-04-11,47,177.8
1982-04-12,15,176.6
1982-04-13,11,169.9
1982-04-14,6,157.0
1982-04-15,10,151.1
1982-04-16,12,147.2
1982-04-17,19,144.7
1982-04-18,12,145.7
1982-04-19,8,143.8
1982-04-20,20,142.8
1982-04-21,32,143.8
1982-04-22,18,155.2
1982-04-23,9,173.3
1982-04-24,15,178.9
1982-04-25,52,180.4
1982-04-26,7,176.0
1982-04-27,24,165.0
1982-04-28,21,158.8
1982-04-29,31,153.3
1982-04-30,30,147.6
1982-05-01,22,149.3
1982-05-02,30,145.1
1982-05-03,45,145.2
1982-05-04,19,142.3
1982-05-05,14,146.1
1982-05-06,6,150.3
1982-05-07,4,148.2
1982-05-08,5,148.0
1982-05-09,8,137.2
1982-05-10,5,128.1
1982-05-11,9,129.7
1982-05-12,6,129.6
1982-05-13,6,127.1
1982-05-14,8,129.4
1982-05-15,20,129.3
1982-05-16,10,135.9
1982-05-17,12,139.0
1982-05-18,20,143.4
1982-05-19,12,152.2
1982-05-20,8,152.0
1982-05-21,8,161.4
1982-05-22,4,154.9
1982-05-23,2,151.8
1982-05-24,4,141.1
1982-05-25,8,142.0
1982-05-26,24,153.8
1982-05-27,54,167.0
1982-05-28,56,166.8
1982-05-29,35,166.2
1982-05-30,35,138.9
1982-05-31,31,133.0
1982-06-01,20,130.4
1982-06-02,18,131.3
1982-06-03,9,137.5
1982-06-04,7,153.7
1982-06-05,6,152.0
1982-06-06,14,145.2
1982-06-07,14,154.0
1982-06-08,9,162.4
1982-06-09,16,172.1
1982-06-10,51,190.1
1982-06-11,32,217.5
1982-06-12,59,231.1
1982-06-13,62,232.8
1982-06-14,24,233.3
1982-06-15,26,228.5
1982-06-16,10,204.1
1982-06-17,6,199.6
1982-06-18,7,194.3
1982-06-19,24,200.9
1982-06-20,18,200.5
1982-06-21,9,204.0
1982-06-22,20,190.9
1982-06-23,20,181.3
1982-06-24,21,162.8
1982-06-25,17,154.0
1982-06-26,16,137.6
1982-06-27,32,123.4
1982-06-28,27,119.1
1982-06-29,19,108.0
1982-06-30,39,104.9
1982-07-01,18,103.0
1982-07-02,10,103.4
1982-07-03,6,105.8
1982-07-04,2,107.8
1982-07-05,4,110.3
1982-07-06,15,117.3
1982-07-07,20,124.0
1982-07-08,15,145.4
1982-07-09,10,170.8
1982-07-10,10,196.8
1982-07-11,36,219.0
1982-07-12,48,232.0
1982-07-13,144,244.5
1982-07-14,153,260.6
1982-07-15,36,265.2
1982-07-16,50,260.8
1982-07-17,24,264.6
1982-07-18,24,239.3
1982-07-19,28,227.2
1982-07-20,24,190.2
1982-07-21,11,168.3
1982-07-22,16,144.9
1982-07-23,12,124.5
1982-07-24,50,114.1
1982-07-25,22,104.8
1982-07-26,27,98.9
1982-07-27,27,94.9
1982-07-28,21,93.5
1982-07-29,22,94.6
1982-07-30,23,109.0
1982-07-31,24,111.1
1982-08-01,12,119.8
1982-08-02,55,134.2
1982-08-03,26,149.0
1982-08-04,15,162.6
1982-08-05,18,175.8
1982-08-06,25,195.5
1982-08-07,107,213.6
1982-08-08,6,211.6
1982-08-09,23,206.7
1982-08-10,27,204.0
1982-08-11,28,199.6
1982-08-12,22,190.1
1982-08-13,10,178.3
1982-08-14,7,172.3
1982-08-15,3,168.6
1982-08-16,6,157.5
1982-08-17,16,161.1
1982-08-18,16,162.3
1982-08-19,10,155.5
1982-08-20,12,141.3
1982-08-21,15,135.5
1982-08-22,24,135.7
1982-08-23,17,138.2
1982-08-24,18,139.8
1982-08-25,20,155.1
1982-08-26,20,163.0
1982-08-27,11,176.7
1982-08-28,12,177.8
1982-08-29,38,179.8
1982-08-30,28,171.2
1982-08-31,16,171.7
1982-09-01,9,181.0
1982-09-02,12,165.7
1982-09-03,21,168.1
1982-09-04,32,185.0
1982-09-05,39,176.6
1982-09-06,199,169.4
1982-09-07,88,174.2
1982-09-08,12,175.9
1982-09-09,50,176.7
1982-09-10,10,163.3
1982-09-11,13,156.3
1982-09-12,14,150.5
1982-09-13,15,149.4
1982-09-14,14,145.5
1982-09-15,12,147.4
1982-09-16,12,145.7
1982-09-17,11,145.5
1982-09-18,30,141.9
1982-09-19,28,141.3
1982-09-20,24,145.7
1982-09-21,76,144.2
1982-09-22,135,145.2
1982-09-23,26,151.5
1982-09-24,22,164.4
1982-09-25,13,169.5
1982-09-26,84,186.4
1982-09-27,42,190.6
1982-09-28,14,196.1
1982-09-29,9,204.0
1982-09-30,12,201.8
1982-10-01,28,204.8
1982-10-02,24,209.2
1982-10-03,10,196.8
1982-10-04,10,182.3
1982-10-05,9,163.9
1982-10-06,19,152.1
1982-10-07,35,140.3
1982-10-08,21,137.2
1982-10-09,6,137.8
1982-10-10,15,135.2
1982-10-11,14,137.9
1982-10-12,15,136.9
1982-10-13,34,144.6
1982-10-14,30,141.1
1982-10-15,8,134.9
1982-10-16,14,130.7
1982-10-17,21,131.0
1982-10-18,23,133.9
1982-10-19,17,137.8
1982-10-20,14,147.5
1982-10-21,11,162.9
1982-10-22,8,169.9
1982-10-23,5,179.1
1982-10-24,5,193.0
1982-10-25,15,199.2
1982-10-26,30,195.9
1982-10-27,16,190.2
1982-10-28,10,183.8
1982-10-29,35,173.3
1982-10-30,27,169.1
1982-10-31,34,167.6
1982-11-01,36,162.0
1982-11-02,32,157.0
1982-11-03,21,149.8
1982-11-04,8,145.9
1982-11-05,9,138.8
1982-11-06,11,144.7
1982-11-07,4,144.9
1982-11-08,12,147.6
1982-11-09,8,150.4
1982-11-10,11,156.0
1982-11-11,20,157.2
1982-11-12,16,168.4
1982-11-13,18,164.7
1982-11-14,12,162.9
1982-11-15,13,160.5
1982-11-16,9,167.0
1982-11-17,6,161.7
1982-11-18,12,174.2
1982-11-19,10,186.8
1982-11-20,6,193.9
1982-11-21,25,205.8
1982-11-22,30,237.0
1982-11-23,36,201.1
1982-11-24,83,177.5
1982-11-25,54,169.2
1982-11-26,26,173.3
1982-11-27,17,163.0
1982-11-28,28,164.7
1982-11-29,32,165.9
1982-11-30,13,169.5
1982-12-01,2,172.6
1982-12-02,4,171.1
1982-12-03,9,187.0
1982-12-04,13,200.3
1982-12-05,11,201.8
1982-12-06,3,216.7
1982-12-07,29,251.9
1982-12-08,27,249.2
1982-12-09,18,266.6
1982-12-10,46,282.0
1982-12-11,20,267.6
1982-12-12,14,259.1
1982-12-13,6,246.6
1982-12-14,8,243.1
1982-12-15,11,229.0
1982-12-16,13,220.2
1982-12-17,62,207.1
1982-12-18,41,192.7
1982-12-19,34,182.6
1982-12-20,46,164.5
1982-12-21,37,154.3
1982-12-22,42,155.1
1982-12-23,26,162.4
1982-12-24,19,172.5
1982-12-25,14,176.4
1982-12-26,9,174.5
1982-12-27,18,171.9
1982-12-28,21,162.4
1982-12-29,20,152.3
1982-12-30,15,147.4
1982-12-31,7,139.0
1983-01-01,11,135.9
1983-01-02,7,135.9
1983-01-03,11,140.8
1983-01-04,9,142.9
1983-01-05,6,159.9
1983-01-06,3,167.1
1983-01-07,4,168.9
1983-01-08,9,161.2
1983-01-09,20,155.1
1983-01-10,78,149.1
1983-01-11,11,144.1
1983-01-12,18,140.3
1983-01-13,8,139.7
1983-01-14,8,141.9
1983-01-15,22,145.8
1983-01-16,25,144.8
1983-01-17,25,142.6
1983-01-18,32,139.3
1983-01-19,17,131.6
1983-01-20,14,124.5
1983-01-21,12,119.9
1983-01-22,8,117.1
1983-01-23,10,119.1
1983-01-24,22,117.7
1983-01-25,16,126.6
1983-01-26,12,136.8
1983-01-27,10,137.7
1983-01-28,10,144.9
1983-01-29,16,153.5
1983-01-30,19,159.6
1983-01-31,13,166.7
1983-02-01,11,167.5
1983-02-02,5,161.2
1983-02-03,7,149.8
1983-02-04,59,161.3
1983-02-05,143,158.7
1983-02-06,47,156.7
1983-02-07,43,146.1
1983-02-08,18,137.0
1983-02-09,18,125.3
1983-02-10,23,116.4
1983-02-11,24,109.8
1983-02-12,33,102.5
1983-02-13,35,97.9
1983-02-14,28,94.1
1983-02-15,25,90.8
1983-02-16,30,91.9
1983-02-17,16,94.2
1983-02-18,14,99.5
1983-02-19,10,96.8
1983-02-20,41,99.5
1983-02-21,36,103.9
1983-02-22,21,108.6
1983-02-23,17,114.4
1983-02-24,14,116.8
1983-02-25,6,122.8
1983-02-26,5,128.8
1983-02-27,7,141.0
1983-02-28,8,140.3
1983-03-01,21,148.1
1983-03-02,86,141.1
1983-03-03,36,143.4
1983-03-04,26,146.0
1983-03-05,28,149.0
1983-03-06,12,141.4
1983-03-07,7,134.3
1983-03-08,6,129.9
1983-03-09,8,123.7
1983-03-10,7,116.6
1983-03-11,24,104.4
1983-03-12,53,100.7
1983-03-13,24,97.0
1983-03-14,26,97.0
1983-03-15,15,101.7
1983-03-16,11,108.9
1983-03-17,11,115.7
1983-03-18,20,118.8
1983-03-19,28,119.3
1983-03-20,32,121.7
1983-03-21,12,119.6
1983-03-22,9,118.0
1983-03-23,9,116.9
1983-03-24,10,117.8
1983-03-25,50,114.8
1983-03-26,13,115.2
1983-03-27,3,110.0
1983-03-28,37,105.2
1983-03-29,40,99.2
1983-03-30,27,100.9
1983-03-31,28,98.9
1983-04-01,20,100.8
1983-04-02,16,101.3
1983-04-03,15,101.4
1983-04-04,16,100.7
1983-04-05,17,98.6
1983-04-06,35,99.3
1983-04-07,34,102.0
1983-04-08,25,103.8
1983-04-09,19,105.8
1983-04-10,22,102.9
1983-04-11,8,103.9
1983-04-12,11,107.2
1983-04-13,36,108.4
1983-04-14,45,111.0
1983-04-15,59,102.9
1983-04-16,33,104.4
1983-04-17,19,112.6
1983-04-18,11,119.6
1983-04-19,9,123.9
1983-04-20,13,126.1
1983-04-21,12,132.0
1983-04-22,17,138.2
1983-04-23,17,138.9
1983-04-24,61,141.0
1983-04-25,32,143.9
1983-04-26,28,144.9
1983-04-27,14,147.5
1983-04-28,12,154.2
1983-04-29,39,146.2
1983-04-30,26,145.0
1983-05-01,24,139.8
1983-05-02,14,143.1
1983-05-03,10,137.1
1983-05-04,26,130.7
1983-05-05,24,128.5
1983-05-06,14,123.6
1983-05-07,8,115.2
1983-05-08,11,124.6
1983-05-09,6,129.7
1983-05-10,8,140.7
1983-05-11,50,156.2
1983-05-12,52,157.1
1983-05-13,37,151.2
1983-05-14,23,150.2
1983-05-15,20,142.6
1983-05-16,9,131.0
1983-05-17,64,128.7
1983-05-18,12,134.4
1983-05-19,5,143.4
1983-05-20,10,148.2
1983-05-21,29,146.1
1983-05-22,51,148.3
1983-05-23,38,140.1
1983-05-24,77,136.9
1983-05-25,11,135.3
1983-05-26,10,128.8
1983-05-27,11,127.1
1983-05-28,5,129.6
1983-05-29,5,135.2
1983-05-30,9,131.7
1983-05-31,11,134.2
1983-06-01,12,127.6
1983-06-02,7,135.1
1983-06-03,6,135.4
1983-06-04,3,145.0
1983-06-05,6,163.0
1983-06-06,10,185.8
1983-06-07,6,174.3
1983-06-08,12,168.6
1983-06-09,19,154.7
1983-06-10,37,146.0
1983-06-11,10,135.0
1983-06-12,16,130.5
1983-06-13,70,124.3
1983-06-14,12,122.5
1983-06-15,16,124.7
1983-06-16,8,124.8
1983-06-17,17,126.6
1983-06-18,37,126.3
1983-06-19,20,129.5
1983-06-20,17,132.5
1983-06-21,20,139.4
1983-06-22,20,144.1
1983-06-23,17,145.0
1983-06-24,6,137.2
1983-06-25,5,136.9
1983-06-26,13,139.4
1983-06-27,8,132.6
1983-06-28,12,125.1
1983-06-29,13,124.7
1983-06-30,7,122.6
1983-07-01,6,120.0
1983-07-02,9,121.3
1983-07-03,8,127.2
1983-07-04,8,132.7
1983-07-05,6,127.8
1983-07-06,14,128.0
1983-07-07,14,128.3
1983-07-08,10,123.7
1983-07-09,12,119.1
1983-07-10,5,119.1
1983-07-11,4,121.6
1983-07-12,16,120.7
1983-07-13,19,119.6
1983-07-14,6,120.4
1983-07-15,5,120.6
1983-07-16,21,117.4
1983-07-17,26,116.2
1983-07-18,20,112.7
1983-07-19,9,115.7
1983-07-20,7,121.1
1983-07-21,6,124.1
1983-07-22,10,134.6
1983-07-23,23,128.8
1983-07-24,40,132.1
1983-07-25,12,132.5
1983-07-26,7,124.9
1983-07-27,10,119.4
1983-07-28,11,123.3
1983-07-29,15,134.3
1983-07-30,18,140.0
1983-07-31,7,148.6
1983-08-01,5,146.7
1983-08-02,33,141.2
1983-08-03,17,135.3
1983-08-04,5,132.7
1983-08-05,2,132.7
1983-08-06,6,138.0
1983-08-07,18,138.0
1983-08-08,62,137.2
1983-08-09,11,139.0
1983-08-10,5,147.6
1983-08-11,6,147.3
1983-08-12,26,152.6
1983-08-13,25,143.6
1983-08-14,9,138.0
1983-08-15,10,132.4
1983-08-16,4,128.9
1983-08-17,6,123.7
1983-08-18,2,119.2
1983-08-19,9,114.9
1983-08-20,11,115.9
1983-08-21,25,111.6
1983-08-22,15,108.3
1983-08-23,32,108.4
1983-08-24,23,106.4
1983-08-25,36,102.0
1983-08-26,26,103.6
1983-08-27,5,101.6
1983-08-28,8,100.8
1983-08-29,17,103.6
1983-08-30,18,102.1
1983-08-31,29,102.3
1983-09-01,17,108.5
1983-09-02,6,108.9
1983-09-03,6,104.6
1983-09-04,3,108.7
1983-09-05,3,115.7
1983-09-06,5,118.8
1983-09-07,22,116.8
1983-09-08,15,116.7
1983-09-09,16,113.7
1983-09-10,12,108.2
1983-09-11,12,109.1
1983-09-12,13,103.6
1983-09-13,7,103.1
1983-09-14,6,103.9
1983-09-15,21,105.1
1983-09-16,26,105.1
1983-09-17,25,104.1
1983-09-18,11,101.6
1983-09-19,54,100.3
1983-09-20,22,99.6
1983-09-21,11,102.2
1983-09-22,13,105.3
1983-09-23,4,111.8
1983-09-24,9,111.1
1983-09-25,33,110.0
1983-09-26,28,114.0
1983-09-27,13,119.3
1983-09-28,10,114.3
1983-09-29,8,114.2
1983-09-30,3,112.7
1983-10-01,11,117.3
1983-10-02,23,120.3
1983-10-03,18,123.0
1983-10-04,43,125.1
1983-10-05,8,126.6
1983-10-06,22,132.8
1983-10-07,11,134.0
1983-10-08,16,131.4
1983-10-09,5,130.8
1983-10-10,7,134.0
1983-10-11,6,138.9
1983-10-12,4,134.2
1983-10-13,30,134.2
1983-10-14,22,132.2
1983-10-15,19,127.8
1983-10-16,13,118.0
1983-10-17,48,111.7
1983-10-18,51,104.4
1983-10-19,8,106.0
1983-10-20,6,100.0
1983-10-21,16,90.1
1983-10-22,19,88.1
1983-10-23,21,88.7
1983-10-24,22,89.6
1983-10-25,6,90.3
1983-10-26,3,90.2
1983-10-27,2,90.1
1983-10-28,10,91.6
1983-10-29,34,92.0
1983-10-30,19,93.9
1983-10-31,10,97.7
1983-11-01,19,99.8
1983-11-02,35,99.2
1983-11-03,20,98.5
1983-11-04,7,104.9
1983-11-05,3,106.9
1983-11-06,3,
1983-11-07,12,110.5
1983-11-08,27,105.5
1983-11-09,43,101.1
1983-11-10,29,102.9
1983-11-11,40,98.7
1983-11-12,44,91.5
1983-11-13,24,93.9
1983-11-14,28,93.0
1983-11-15,23,92.9
1983-11-16,30,92.6
1983-11-17,38,87.6
1983-11-18,27,86.4
1983-11-19,18,84.3
1983-11-20,26,82.3
1983-11-21,9,81.3
1983-11-22,6,82.2
1983-11-23,2,80.2
1983-11-24,12,80.9
1983-11-25,16,81.3
1983-11-26,22,82.5
1983-11-27,7,86.7
1983-11-28,15,89.0
1983-11-29,23,91.9
1983-11-30,22,92.6
1983-12-01,13,93.1
1983-12-02,8,91.5
1983-12-03,4,91.1
1983-12-04,4,94.6
1983-12-05,16,94.7
1983-12-06,28,100.0
1983-12-07,27,101.6
1983-12-08,11,101.3
1983-12-09,3,111.5
1983-12-10,22,111.3
1983-12-11,33,105.0
1983-12-12,23,104.3
1983-12-13,24,104.0
1983-12-14,24,99.6
1983-12-15,17,95.1
1983-12-16,6,96.6
1983-12-17,6,95.0
1983-12-18,7,93.1
1983-12-19,9,89.1
1983-12-20,5,86.4
1983-12-21,4,85.0
1983-12-22,12,85.6
1983-12-23,11,85.8
1983-12-24,15,85.9
1983-12-25,11,85.2
1983-12-26,16,85.7
1983-12-27,15,86.3
1983-12-28,13,83.5
1983-12-29,9,83.9
1983-12-30,33,84.1
1983-12-31,27,86.7
1984-01-01,28,87.2
1984-01-02,20,90.4
1984-01-03,20,92.6
1984-01-04,30,94.1
1984-01-05,26,91.2
1984-01-06,14,88.5
1984-01-07,5,89.5
1984-01-08,3,95.5
1984-01-09,4,97.6
1984-01-10,14,98.5
1984-01-11,10,100.1
1984-01-12,5,104.5
1984-01-13,9,105.6
1984-01-14,6,102.6
1984-01-15,6,101.1
1984-01-16,6,99.8
1984-01-17,7,98.3
1984-01-18,6,98.1
1984-01-19,19,96.5
1984-01-20,9,105.6
1984-01-21,12,106.7
1984-01-22,12,114.0
1984-01-23,6,116.9
1984-01-24,5,130.4
1984-01-25,10,151.5
1984-01-26,16,170.1
1984-01-27,8,177.6
1984-01-28,22,174.1
1984-01-29,21,180.0
1984-01-30,32,166.5
1984-01-31,23,174.4
1984-02-01,16,159.2
1984-02-02,20,146.2
1984-02-03,19,135.3
1984-02-04,54,129.6
1984-02-05,14,117.5
1984-02-06,8,115.0
1984-02-07,9,116.8
1984-02-08,7,130.7
1984-02-09,9,143.8
1984-02-10,21,140.3
1984-02-11,21,144.9
1984-02-12,12,139.4
1984-02-13,36,131.7
1984-02-14,43,123.4
1984-02-15,19,116.3
1984-02-16,7,117.3
1984-02-17,9,119.4
1984-02-18,17,125.1
1984-02-19,7,131.4
1984-02-20,13,137.6
1984-02-21,14,147.0
1984-02-22,8,161.6
1984-02-23,15,169.7
1984-02-24,10,176.6
1984-02-25,7,172.9
1984-02-26,16,167.6
1984-02-27,34,157.3
1984-02-28,8,151.7
1984-02-29,10,150.8
1984-03-01,32,146.2
1984-03-02,38,140.6
1984-03-03,35,124.6
1984-03-04,9,116.3
1984-03-05,4,111.1
1984-03-06,31,111.2
1984-03-07,26,106.6
1984-03-08,29,105.3
1984-03-09,13,103.9
1984-03-10,17,100.1
1984-03-11,9,99.9
1984-03-12,11,103.5
1984-03-13,19,116.1
1984-03-14,6,122.4
1984-03-15,9,135.9
1984-03-16,16,125.3
1984-03-17,22,130.4
1984-03-18,18,126.9
1984-03-19,12,127.5
1984-03-20,4,127.3
1984-03-21,7,123.3
1984-03-22,21,123.6
1984-03-23,18,115.8
1984-03-24,10,113.7
1984-03-25,34,112.2
1984-03-26,16,120.7
1984-03-27,23,129.6
1984-03-28,60,136.3
1984-03-29,52,138.5
1984-03-30,29,144.1
1984-03-31,25,144.0
1984-04-01,34,135.8
1984-04-02,46,134.7
1984-04-03,42,128.8
1984-04-04,84,129.4
1984-04-05,57,118.6
1984-04-06,12,111.9
1984-04-07,25,107.6
1984-04-08,58,100.4
1984-04-09,37,94.6
1984-04-10,8,93.5
1984-04-11,13,96.8
1984-04-12,15,106.7
1984-04-13,15,113.0
1984-04-14,18,118.1
1984-04-15,10,118.9
1984-04-16,4,116.4
1984-04-17,8,121.9
1984-04-18,7,118.8
1984-04-19,12,111.5
1984-04-20,20,122.9
1984-04-21,11,126.4
1984-04-22,5,129.4
1984-04-23,6,135.1
1984-04-24,6,141.2
1984-04-25,33,150.6
1984-04-26,103,171.8
1984-04-27,26,181.2
1984-04-28,17,180.1
1984-04-29,18,175.6
1984-04-30,9,168.3
1984-05-01,22,151.3
1984-05-02,13,137.1
1984-05-03,12,121.0
1984-05-04,13,111.6
1984-05-05,27,112.9
1984-05-06,10,106.2
1984-05-07,4,116.1
1984-05-08,5,119.6
1984-05-09,19,135.7
1984-05-10,27,147.9
1984-05-11,10,145.0
1984-05-12,12,145.2
1984-05-13,9,148.3
1984-05-14,12,143.7
1984-05-15,9,136.6
1984-05-16,7,134.2
1984-05-17,32,127.2
1984-05-18,12,128.8
1984-05-19,22,134.4
1984-05-20,30,134.8
1984-05-21,44,141.8
1984-05-22,32,126.9
1984-05-23,30,126.7
1984-05-24,30,123.7
1984-05-25,16,122.5
1984-05-26,14,117.8
1984-05-27,7,117.1
1984-05-28,8,115.4
1984-05-29,9,117.7
1984-05-30,17,116.4
1984-05-31,7,112.7
1984-06-01,7,112.8
1984-06-02,12,108.2
1984-06-03,32,106.5
1984-06-04,26,103.8
1984-06-05,19,101.6
1984-06-06,12,96.0
1984-06-07,10,94.5
1984-06-08,10,91.8
1984-06-09,20,90.8
1984-06-10,15,89.5
1984-06-11,11,90.4
1984-06-12,7,90.2
1984-06-13,6,95.5
1984-06-14,4,106.8
1984-06-15,24,112.9
1984-06-16,42,106.9
1984-06-17,11,106.1
1984-06-18,27,105.4
1984-06-19,29,104.4
1984-06-20,16,103.2
1984-06-21,3,100.1
1984-06-22,6,101.3
1984-06-23,11,101.9
1984-06-24,22,100.3
1984-06-25,10,101.3
1984-06-26,8,96.8
1984-06-27,10,98.2
1984-06-28,21,96.2
1984-06-29,12,97.0
1984-06-30,12,97.8
1984-07-01,14,98.4
1984-07-02,12,100.2
1984-07-03,12,101.4
1984-07-04,12,102.2
1984-07-05,12,101.0
1984-07-06,10,97.0
1984-07-07,7,96.8
1984-07-08,10,97.8
1984-07-09,9,101.1
1984-07-10,14,98.0
1984-07-11,11,93.6
1984-07-12,13,91.7
1984-07-13,62,89.6
1984-07-14,40,89.3
1984-07-15,25,89.3
1984-07-16,25,87.2
1984-07-17,43,84.5
1984-07-18,19,82.8
1984-07-19,14,82.0
1984-07-20,12,82.1
1984-07-21,8,84.0
1984-07-22,9,83.6
1984-07-23,8,84.6
1984-07-24,12,84.1
1984-07-25,8,83.2
1984-07-26,6,80.8
1984-07-27,14,80.5
1984-07-28,18,80.0
1984-07-29,12,79.8
1984-07-30,8,79.7
1984-07-31,17,80.6
1984-08-01,75,81.6
1984-08-02,24,83.8
1984-08-03,14,85.8
1984-08-04,14,83.3
1984-08-05,7,83.3
1984-08-06,4,87.4
1984-08-07,4,89.9
1984-08-08,14,91.4
1984-08-09,17,91.8
1984-08-10,8,92.9
1984-08-11,11,88.4
1984-08-12,15,85.7
1984-08-13,8,84.3
1984-08-14,20,81.9
1984-08-15,22,80.5
1984-08-16,15,81.1
1984-08-17,11,79.0
1984-08-18,6,77.2
1984-08-19,14,74.4
1984-08-20,10,73.8
1984-08-21,3,75.5
1984-08-22,1,74.0
1984-08-23,8,74.4
1984-08-24,23,79.8
1984-08-25,18,81.2
1984-08-26,10,85.9
1984-08-27,36,88.5
1984-08-28,36,86.9
1984-08-29,21,88.5
1984-08-30,16,90.1
1984-08-31,12,91.4
1984-09-01,11,92.4
1984-09-02,12,91.6
1984-09-03,12,92.9
1984-09-04,59,90.4
1984-09-05,63,88.4
1984-09-06,12,84.5
1984-09-07,6,83.9
1984-09-08,11,82.2
1984-09-09,12,79.5
1984-09-10,25,78.0
1984-09-11,17,76.8
1984-09-12,13,75.5
1984-09-13,11,74.0
1984-09-14,14,73.5
1984-09-15,10,72.5
1984-09-16,8,72.6
1984-09-17,6,73.9
1984-09-18,3,73.1
1984-09-19,36,73.9
1984-09-20,21,73.5
1984-09-21,10,74.5
1984-09-22,22,75.4
1984-09-23,112,75.6
1984-09-24,52,75.7
1984-09-25,43,74.2
1984-09-26,42,73.9
1984-09-27,25,73.2
1984-09-28,16,72.8
1984-09-29,12,71.5
1984-09-30,11,72.2
1984-10-01,7,71.9
1984-10-02,10,74.7
1984-10-03,20,75.1
1984-10-04,6,75.2
1984-10-05,7,74.0
1984-10-06,21,73.3
1984-10-07,43,73.6
1984-10-08,24,74.7
1984-10-09,20,73.7
1984-10-10,29,74.3
1984-10-11,28,74.6
1984-10-12,32,74.2
1984-10-13,17,75.1
1984-10-14,15,73.6
1984-10-15,14,76.9
1984-10-16,19,77.1
1984-10-17,3,76.7
1984-10-18,43,77.1
1984-10-19,75,74.8
1984-10-20,63,74.2
1984-10-21,47,73.9
1984-10-22,46,75.3
1984-10-23,27,73.4
1984-10-24,39,71.6
1984-10-25,22,71.1
1984-10-26,14,70.2
1984-10-27,8,69.5
1984-10-28,8,70.2
1984-10-29,7,69.2
1984-10-30,7,69.8
1984-10-31,6,70.9
1984-11-01,27,70.6
1984-11-02,12,71.2
1984-11-03,18,73.2
1984-11-04,18,73.4
1984-11-05,13,72.9
1984-11-06,14,72.3
1984-11-07,20,71.4
1984-11-08,20,71.9
1984-11-09,12,74.1
1984-11-10,18,77.3
1984-11-11,20,74.6
1984-11-12,8,74.4
1984-11-13,10,73.1
1984-11-14,14,73.5
1984-11-15,52,74.5
1984-11-16,112,72.3
1984-11-17,35,72.7
1984-11-18,22,73.4
1984-11-19,21,74.1
1984-11-20,20,76.6
1984-11-21,22,80.2
1984-11-22,14,80.2
1984-11-23,10,81.3
1984-11-24,10,83.3
1984-11-25,10,85.3
1984-11-26,8,84.7
1984-11-27,7,84.8
1984-11-28,6,83.3
1984-11-29,13,79.2
1984-11-30,36,78.6
1984-12-01,15,79.2
1984-12-02,27,79.0
1984-12-03,22,80.2
1984-12-04,28,78.2
1984-12-05,20,75.6
1984-12-06,22,75.2
1984-12-07,18,75.0
1984-12-08,8,76.4
1984-12-09,6,76.8
1984-12-10,9,78.0
1984-12-11,19,81.4
1984-12-12,17,80.3
1984-12-13,27,78.6
1984-12-14,8,78.2
1984-12-15,24,77.3
1984-12-16,33,76.7
1984-12-17,28,75.0
1984-12-18,15,72.5
1984-12-19,8,73.3
1984-12-20,6,72.2
1984-12-21,13,72.0
1984-12-22,9,73.0
1984-12-23,16,73.7
1984-12-24,4,74.2
1984-12-25,5,74.7
1984-12-26,26,74.8
1984-12-27,17,74.5
1984-12-28,31,74.7
1984-12-29,26,74.6
1984-12-30,21,73.8
1984-12-31,24,72.4
1985-01-01,33,70.7
1985-01-02,17,70.1
1985-01-03,13,70.0
1985-01-04,7,70.1
1985-01-05,6,69.3
1985-01-06,5,70.2
1985-01-07,5,70.4
1985-01-08,19,69.7
1985-01-09,46,70.4
1985-01-10,29,69.7
1985-01-11,20,70.0
1985-01-12,19,70.7
1985-01-13,14,75.1
1985-01-14,9,74.8
1985-01-15,9,74.9
1985-01-16,8,77.2
1985-01-17,9,78.3
1985-01-18,6,76.5
1985-01-19,7,77.9
1985-01-20,6,84.4
1985-01-21,12,87.7
1985-01-22,11,88.0
1985-01-23,36,85.1
1985-01-24,7,80.7
1985-01-25,9,76.3
1985-01-26,6,73.3
1985-01-27,11,71.7
1985-01-28,58,71.8
1985-01-29,24,70.8
1985-01-30,17,70.4
1985-01-31,15,72.0
1985-02-01,15,74.4
1985-02-02,11,76.0
1985-02-03,8,75.8
1985-02-04,3,72.9
1985-02-05,21,73.3
1985-02-06,46,72.6
1985-02-07,20,72.3
1985-02-08,24,74.5
1985-02-09,19,75.2
1985-02-10,24,75.6
1985-02-11,13,75.2
1985-02-12,11,74.2
1985-02-13,11,72.6
1985-02-14,16,72.4
1985-02-15,9,72.0
1985-02-16,7,71.5
1985-02-17,12,72.6
1985-02-18,4,75.1
1985-02-19,7,77.9
1985-02-20,10,76.7
1985-02-21,8,75.9
1985-02-22,7,74.9
1985-02-23,7,73.2
1985-02-24,18,72.0
1985-02-25,12,71.5
1985-02-26,5,71.1
1985-02-27,19,70.2
1985-02-28,60,71.1
1985-03-01,16,70.6
1985-03-02,22,70.3
1985-03-03,14,70.2
1985-03-04,10,69.7
1985-03-05,42,68.6
1985-03-06,24,69.1
1985-03-07,22,69.0
1985-03-08,27,69.7
1985-03-09,4,69.7
1985-03-10,10,68.9
1985-03-11,6,70.5
1985-03-12,7,70.1
1985-03-13,4,70.3
1985-03-14,7,70.3
1985-03-15,14,70.4
1985-03-16,11,70.8
1985-03-17,8,72.8
1985-03-18,11,75.3
1985-03-19,9,74.8
1985-03-20,5,74.8
1985-03-21,5,76.6
1985-03-22,4,76.4
1985-03-23,5,77.8
1985-03-24,6,80.1
1985-03-25,5,78.9
1985-03-26,8,80.0
1985-03-27,10,77.7
1985-03-28,14,77.9
1985-03-29,6,76.9
1985-03-30,7,76.0
1985-03-31,10,76.6
1985-04-01,23,72.3
1985-04-02,16,72.7
1985-04-03,20,72.5
1985-04-04,17,71.8
1985-04-05,7,71.1
1985-04-06,5,70.4
1985-04-07,7,70.2
1985-04-08,15,69.7
1985-04-09,38,69.2
1985-04-10,11,69.4
1985-04-11,11,68.7
1985-04-12,5,69.3
1985-04-13,6,69.4
1985-04-14,10,70.2
1985-04-15,4,69.5
1985-04-16,8,68.9
1985-04-17,5,69.6
1985-04-18,4,71.1
1985-04-19,21,71.1
1985-04-20,53,71.6
1985-04-21,103,77.1
1985-04-22,11,88.8
1985-04-23,12,92.3
1985-04-24,17,87.9
1985-04-25,21,94.1
1985-04-26,30,87.2
1985-04-27,33,79.5
1985-04-28,61,77.0
1985-04-29,17,82.0
1985-04-30,42,79.6
1985-05-01,10,79.3
1985-05-02,38,75.3
1985-05-03,6,71.4
1985-05-04,10,69.6
1985-05-05,7,70.1
1985-05-06,10,73.7
1985-05-07,8,77.6
1985-05-08,8,82.1
1985-05-09,8,87.9
1985-05-10,4,89.9
1985-05-11,5,88.1
1985-05-12,12,90.2
1985-05-13,11,90.0
1985-05-14,8,88.7
1985-05-15,15,90.0
1985-05-16,11,93.4
1985-05-17,8,90.2
1985-05-18,9,90.5
1985-05-19,9,87.5
1985-05-20,5,84.7
1985-05-21,8,82.3
1985-05-22,5,80.7
1985-05-23,4,78.0
1985-05-24,5,76.3
1985-05-25,8,75.2
1985-05-26,9,73.5
1985-05-27,5,72.6
1985-05-28,5,70.8
1985-05-29,4,70.5
1985-05-30,3,69.5
1985-05-31,7,67.7
1985-06-01,18,67.5
1985-06-02,6,70.4
1985-06-03,4,72.5
1985-06-04,5,75.3
1985-06-05,5,81.8
1985-06-06,25,84.9
1985-06-07,30,85.8
1985-06-08,16,86.3
1985-06-09,22,87.1
1985-06-10,30,88.9
1985-06-11,11,88.5
1985-06-12,10,87.1
1985-06-13,4,86.4
1985-06-14,4,82.7
1985-06-15,5,81.2
1985-06-16,3,78.4
1985-06-17,7,74.9
1985-06-18,4,71.4
1985-06-19,3,69.9
1985-06-20,13,69.6
1985-06-21,7,69.2
1985-06-22,6,69.3
1985-06-23,7,69.5
1985-06-24,5,68.5
1985-06-25,12,68.7
1985-06-26,21,67.7
1985-06-27,13,67.9
1985-06-28,18,68.7
1985-06-29,13,69.9
1985-06-30,10,72.3
1985-07-01,14,74.4
1985-07-02,3,76.5
1985-07-03,6,78.6
1985-07-04,33,77.8
1985-07-05,16,80.6
1985-07-06,21,84.6
1985-07-07,19,94.5
1985-07-08,16,93.5
1985-07-09,8,97.6
1985-07-10,8,101.2
1985-07-11,10,94.1
1985-07-12,48,89.9
1985-07-13,20,82.8
1985-07-14,16,74.0
1985-07-15,7,70.7
1985-07-16,5,69.6
1985-07-17,20,69.6
1985-07-18,13,69.5
1985-07-19,8,69.4
1985-07-20,8,69.4
1985-07-21,5,69.0
1985-07-22,4,68.8
1985-07-23,13,68.9
1985-07-24,12,68.8
1985-07-25,12,73.3
1985-07-26,16,75.0
1985-07-27,15,76.8
1985-07-28,13,78.8
1985-07-29,5,81.0
1985-07-30,11,81.3
1985-07-31,36,80.0
1985-08-01,18,78.2
1985-08-02,11,78.1
1985-08-03,6,76.9
1985-08-04,6,77.1
1985-08-05,4,76.3
1985-08-06,3,75.7
1985-08-07,4,77.3
1985-08-08,6,76.4
1985-08-09,5,72.9
1985-08-10,7,70.9
1985-08-11,5,66.6
1985-08-12,27,67.9
1985-08-13,41,67.2
1985-08-14,11,67.5
1985-08-15,12,67.3
1985-08-16,9,66.5
1985-08-17,9,66.2
1985-08-18,12,66.9
1985-08-19,12,67.5
1985-08-20,12,68.9
1985-08-21,10,68.8
1985-08-22,28,71.1
1985-08-23,17,71.3
1985-08-24,7,70.5
1985-08-25,18,70.9
1985-08-26,14,70.8
1985-08-27,15,71.6
1985-08-28,13,71.7
1985-08-29,17,71.7
1985-08-30,10,72.5
1985-08-31,32,72.7
1985-09-01,6,71.7
1985-09-02,4,71.5
1985-09-03,4,71.9
1985-09-04,2,72.3
1985-09-05,3,71.1
1985-09-06,9,71.4
1985-09-07,9,69.8
1985-09-08,10,69.3
1985-09-09,12,69.6
1985-09-10,12,69.3
1985-09-11,9,68.3
1985-09-12,5,67.6
1985-09-13,5,69.8
1985-09-14,29,69.5
1985-09-15,18,70.3
1985-09-16,33,69.5
1985-09-17,13,69.3
1985-09-18,5,69.8
1985-09-19,35,70.1
1985-09-20,29,69.2
1985-09-21,23,69.0
1985-09-22,13,69.3
1985-09-23,9,68.7
1985-09-24,17,68.6
1985-09-25,18,68.4
1985-09-26,19,68.1
1985-09-27,17,67.4
1985-09-28,6,67.5
1985-09-29,4,68.1
1985-09-30,5,68.1
1985-10-01,3,68.2
1985-10-02,5,67.4
1985-10-03,11,68.6
1985-10-04,12,68.3
1985-10-05,66,67.0
1985-10-06,41,66.1
1985-10-07,27,66.0
1985-10-08,16,65.9
1985-10-09,6,66.2
1985-10-10,6,66.9
1985-10-11,16,68.0
1985-10-12,12,67.2
1985-10-13,20,67.0
1985-10-14,8,70.2
1985-10-15,18,72.1
1985-10-16,17,73.7
1985-10-17,15,76.0
1985-10-18,22,76.1
1985-10-19,14,78.3
1985-10-20,6,80.1
1985-10-21,16,85.5
1985-10-22,17,95.3
1985-10-23,13,94.1
1985-10-24,8,93.5
1985-10-25,9,89.6
1985-10-26,4,84.0
1985-10-27,4,79.5
1985-10-28,4,77.7
1985-10-29,11,74.6
1985-10-30,3,71.5
1985-10-31,6,70.6
1985-11-01,15,70.1
1985-11-02,32,69.9
1985-11-03,28,69.1
1985-11-04,16,68.8
1985-11-05,10,69.7
1985-11-06,13,71.3
1985-11-07,7,73.1
1985-11-08,6,75.1
1985-11-09,14,74.3
1985-11-10,19,74.0
1985-11-11,10,76.2
1985-11-12,4,76.3
1985-11-13,24,75.9
1985-11-14,17,78.5
1985-11-15,16,84.0
1985-11-16,10,80.6
1985-11-17,14,79.2
1985-11-18,15,79.1
1985-11-19,14,77.5
1985-11-20,3,77.6
1985-11-21,5,75.5
1985-11-22,8,75.0
1985-11-23,4,74.7
1985-11-24,4,73.8
1985-11-25,6,72.2
1985-11-26,6,71.4
1985-11-27,20,71.7
1985-11-28,8,70.9
1985-11-29,37,71.0
1985-11-30,52,70.8
1985-12-01,15,69.8
1985-12-02,14,70.4
1985-12-03,9,70.5
1985-12-04,12,70.3
1985-12-05,8,71.8
1985-12-06,7,73.2
1985-12-07,5,74.1
1985-12-08,3,75.3
1985-12-09,5,77.5
1985-12-10,17,77.9
1985-12-11,11,79.0
1985-12-12,7,79.8
1985-12-13,30,78.0
1985-12-14,11,78.8
1985-12-15,10,82.8
1985-12-16,6,86.5
1985-12-17,8,82.9
1985-12-18,12,81.0
1985-12-19,41,80.1
1985-12-20,11,77.9
1985-12-21,5,77.6
1985-12-22,6,75.9
1985-12-23,4,73.6
1985-12-24,10,72.3
1985-12-25,6,69.6
1985-12-26,8,68.6
1985-12-27,12,68.5
1985-12-28,35,68.5
1985-12-29,7,68.3
1985-12-30,46,68.6
1985-12-31,22,68.9
1986-01-01,25,69.3
1986-01-02,18,69.9
1986-01-03,10,70.7
1986-01-04,5,71.9
1986-01-05,4,73.1
1986-01-06,20,74.7
1986-01-07,32,74.0
1986-01-08,11,73.6
1986-01-09,14,75.2
1986-01-10,11,74.7
1986-01-11,4,74.4
1986-01-12,5,73.6
1986-01-13,3,76.8
1986-01-14,4,79.0
1986-01-15,5,77.7
1986-01-16,3,78.0
1986-01-17,6,76.9
1986-01-18,7,75.5
1986-01-19,4,72.5
1986-01-20,15,71.5
1986-01-21,27,70.1
1986-01-22,11,69.5
1986-01-23,17,69.1
1986-01-24,12,69.0
1986-01-25,26,70.2
1986-01-26,12,69.9
1986-01-27,37,69.3
1986-01-28,30,72.2
1986-01-29,19,73.4
1986-01-30,14,76.0
1986-01-31,8,78.9
1986-02-01,5,84.2
1986-02-02,6,89.0
1986-02-03,6,98.9
1986-02-04,5,100.6
1986-02-05,7,102.7
1986-02-06,11,101.9
1986-02-07,82,99.4
1986-02-08,202,96.9
1986-02-09,100,95.1
1986-02-10,10,95.9
1986-02-11,20,97.6
1986-02-12,18,90.8
1986-02-13,15,88.6
1986-02-14,19,88.4
1986-02-15,5,81.6
1986-02-16,5,72.9
1986-02-17,9,70.0
1986-02-18,14,70.3
1986-02-19,9,69.7
1986-02-20,17,69.6
1986-02-21,26,67.5
1986-02-22,30,69.2
1986-02-23,35,69.2
1986-02-24,19,70.1
1986-02-25,18,71.5
1986-02-26,26,73.5
1986-02-27,20,76.7
1986-02-28,25,78.5
1986-03-01,18,85.6
1986-03-02,12,90.7
1986-03-03,12,92.7
1986-03-04,8,92.9
1986-03-05,8,92.0
1986-03-06,32,91.1
1986-03-07,33,88.9
1986-03-08,23,86.3
1986-03-09,5,85.5
1986-03-10,2,82.7
1986-03-11,2,80.3
1986-03-12,7,77.8
1986-03-13,21,75.2
1986-03-14,8,72.7
1986-03-15,8,70.5
1986-03-16,6,69.6
1986-03-17,6,69.6
1986-03-18,8,69.5
1986-03-19,9,69.4
1986-03-20,3,69.0
1986-03-21,17,69.0
1986-03-22,22,69.6
1986-03-23,11,70.2
1986-03-24,21,69.9
1986-03-25,27,69.9
1986-03-26,12,71.1
1986-03-27,18,70.5
1986-03-28,14,70.6
1986-03-29,8,71.7
1986-03-30,5,71.6
1986-03-31,7,71.6
1986-04-01,8,71.9
1986-04-02,5,70.7
1986-04-03,14,70.9
1986-04-04,4,71.6
1986-04-05,9,71.8
1986-04-06,4,71.8
1986-04-07,5,71.8
1986-04-08,5,71.6
1986-04-09,13,71.8
1986-04-10,19,72.2
1986-04-11,6,72.0
1986-04-12,10,72.7
1986-04-13,5,73.8
1986-04-14,4,75.5
1986-04-15,7,75.5
1986-04-16,8,75.3
1986-04-17,6,74.7
1986-04-18,7,73.7
1986-04-19,11,74.2
1986-04-20,5,74.3
1986-04-21,7,73.5
1986-04-22,11,74.3
1986-04-23,10,81.2
1986-04-24,12,86.4
1986-04-25,7,84.7
1986-04-26,7,83.1
1986-04-27,4,82.2
1986-04-28,11,79.0
1986-04-29,9,75.9
1986-04-30,5,73.6
1986-05-01,5,71.4
1986-05-02,43,73.1
1986-05-03,40,72.6
1986-05-04,17,70.4
1986-05-05,17,69.5
1986-05-06,67,68.6
1986-05-07,12,68.6
1986-05-08,7,68.2
1986-05-09,5,68.5
1986-05-10,6,69.5
1986-05-11,6,70.0
1986-05-12,7,69.4
1986-05-13,4,70.2
1986-05-14,3,70.1
1986-05-15,4,71.1
1986-05-16,7,72.6
1986-05-17,8,73.6
1986-05-18,5,76.9
1986-05-19,8,76.9
1986-05-20,5,77.7
1986-05-21,6,77.3
1986-05-22,3,77.3
1986-05-23,8,76.8
1986-05-24,7,77.5
1986-05-25,10,79.0
1986-05-26,8,75.1
1986-05-27,7,72.7
1986-05-28,3,72.3
1986-05-29,4,72.3
1986-05-30,10,70.5
1986-05-31,17,71.2
1986-06-01,15,69.1
1986-06-02,8,67.8
1986-06-03,10,67.9
1986-06-04,7,67.3
1986-06-05,5,67.3
1986-06-06,6,67.8
1986-06-07,12,68.0
1986-06-08,7,68.2
1986-06-09,7,69.0
1986-06-10,13,68.2
1986-06-11,6,68.0
1986-06-12,6,68.4
1986-06-13,6,68.2
1986-06-14,6,69.9
1986-06-15,5,69.1
1986-06-16,5,68.5
1986-06-17,8,67.6
1986-06-18,9,67.7
1986-06-19,5,67.4
1986-06-20,6,67.4
1986-06-21,6,67.0
1986-06-22,8,67.5
1986-06-23,5,67.4
1986-06-24,7,66.2
1986-06-25,3,66.3
1986-06-26,5,66.0
1986-06-27,28,66.3
1986-06-28,18,66.1
1986-06-29,11,66.1
1986-06-30,9,66.1
1986-07-01,7,66.6
1986-07-02,13,66.4
1986-07-03,8,66.6
1986-07-04,7,67.0
1986-07-05,7,68.8
1986-07-06,5,71.5
1986-07-07,4,69.7
1986-07-08,6,69.2
1986-07-09,6,70.1
1986-07-10,6,72.5
1986-07-11,4,72.2
1986-07-12,6,71.2
1986-07-13,7,71.8
1986-07-14,4,72.2
1986-07-15,4,71.6
1986-07-16,5,72.0
1986-07-17,8,72.5
1986-07-18,6,72.2
1986-07-19,4,71.0
1986-07-20,3,70.9
1986-07-21,6,70.3
1986-07-22,7,70.9
1986-07-23,5,69.4
1986-07-24,15,69.0
1986-07-25,17,68.7
1986-07-26,20,68.9
1986-07-27,16,69.4
1986-07-28,9,70.3
1986-07-29,17,71.8
1986-07-30,11,71.4
1986-07-31,12,70.5
1986-08-01,6,70.7
1986-08-02,5,70.2
1986-08-03,19,70.8
1986-08-04,20,69.6
1986-08-05,9,69.7
1986-08-06,6,70.1
1986-08-07,4,69.9
1986-08-08,7,69.4
1986-08-09,10,69.4
1986-08-10,6,68.6
1986-08-11,7,66.8
1986-08-12,10,66.6
1986-08-13,10,66.2
1986-08-14,5,66.5
1986-08-15,6,67.7
1986-08-16,4,67.7
1986-08-17,5,67.2
1986-08-18,3,67.4
1986-08-19,4,67.7
1986-08-20,15,69.0
1986-08-21,29,68.9
1986-08-22,29,68.5
1986-08-23,25,68.1
1986-08-24,22,67.6
1986-08-25,17,67.8
1986-08-26,12,68.5
1986-08-27,13,67.7
1986-08-28,12,67.5
1986-08-29,22,67.5
1986-08-30,27,68.0
1986-08-31,16,68.3
1986-09-01,9,68.6
1986-09-02,16,68.0
1986-09-03,7,68.1
1986-09-04,7,68.2
1986-09-05,9,68.5
1986-09-06,8,68.4
1986-09-07,5,68.9
1986-09-08,5,68.4
1986-09-09,6,68.4
1986-09-10,6,68.3
1986-09-11,16,67.9
1986-09-12,89,67.9
1986-09-13,22,68.1
1986-09-14,12,69.1
1986-09-15,18,70.7
1986-09-16,7,69.7
1986-09-17,14,68.5
1986-09-18,20,68.2
1986-09-19,21,68.1
1986-09-20,18,68.1
1986-09-21,11,68.3
1986-09-22,4,67.8
1986-09-23,43,68.2
1986-09-24,22,68.4
1986-09-25,26,69.1
1986-09-26,27,68.2
1986-09-27,20,68.6
1986-09-28,13,70.0
1986-09-29,13,71.3
1986-09-30,5,71.4
1986-10-01,7,71.1
1986-10-02,23,71.5
1986-10-03,9,72.0
1986-10-04,7,70.7
1986-10-05,19,71.1
1986-10-06,12,72.5
1986-10-07,5,74.4
1986-10-08,6,75.0
1986-10-09,6,74.8
1986-10-10,3,73.5
1986-10-11,4,73.5
1986-10-12,2,75.6
1986-10-13,28,75.5
1986-10-14,31,75.4
1986-10-15,14,72.2
1986-10-16,6,79.7
1986-10-17,6,83.2
1986-10-18,13,87.0
1986-10-19,21,89.3
1986-10-20,14,93.0
1986-10-21,11,92.3
1986-10-22,6,95.4
1986-10-23,5,98.9
1986-10-24,2,98.4
1986-10-25,4,95.5
1986-10-26,3,95.3
1986-10-27,16,95.5
1986-10-28,9,94.8
1986-10-29,15,92.7
1986-10-30,14,91.1
1986-10-31,6,90.6
1986-11-01,13,88.9
1986-11-02,6,85.5
1986-11-03,16,82.1
1986-11-04,67,83.7
1986-11-05,20,82.9
1986-11-06,12,82.1
1986-11-07,6,78.3
1986-11-08,4,74.9
1986-11-09,3,73.3
1986-11-10,5,71.8
1986-11-11,14,71.3
1986-11-12,9,72.9
1986-11-13,5,77.6
1986-11-14,5,75.7
1986-11-15,12,76.8
1986-11-16,11,76.7
1986-11-17,8,75.5
1986-11-18,6,74.7
1986-11-19,4,74.3
1986-11-20,5,74.3
1986-11-21,3,75.9
1986-11-22,2,76.4
1986-11-23,12,77.7
1986-11-24,46,79.1
1986-11-25,49,77.5
1986-11-26,17,76.3
1986-11-27,9,75.6
1986-11-28,5,75.1
1986-11-29,10,74.4
1986-11-30,14,72.9
1986-12-01,13,72.7
1986-12-02,8,72.6
1986-12-03,6,72.3
1986-12-04,7,71.3
1986-12-05,4,72.1
1986-12-06,4,71.2
1986-12-07,6,70.3
1986-12-08,4,71.2
1986-12-09,6,73.0
1986-12-10,12,74.5
1986-12-11,8,75.3
1986-12-12,4,73.4
1986-12-13,12,73.8
1986-12-14,20,73.7
1986-12-15,4,73.2
1986-12-16,12,73.1
1986-12-17,5,74.1
1986-12-18,6,73.8
1986-12-19,6,73.3
1986-12-20,7,72.7
1986-12-21,11,72.9
1986-12-22,14,73.8
1986-12-23,22,73.2
1986-12-24,10,72.4
1986-12-25,11,72.4
1986-12-26,14,72.1
1986-12-27,9,71.8
1986-12-28,3,71.6
1986-12-29,3,71.6
1986-12-30,4,72.0
1986-12-31,7,70.4
1987-01-01,18,74.0
1987-01-02,10,72.9
1987-01-03,6,71.5
1987-01-04,3,71.4
1987-01-05,3,72.7
1987-01-06,3,71.7
1987-01-07,5,72.1
1987-01-08,7,70.5
1987-01-09,10,70.3
1987-01-10,6,69.7
1987-01-11,5,70.3
1987-01-12,10,71.3
1987-01-13,6,72.1
1987-01-14,5,73.5
1987-01-15,5,73.9
1987-01-16,12,73.0
1987-01-17,10,73.1
1987-01-18,8,72.9
1987-01-19,7,72.3
1987-01-20,18,71.2
1987-01-21,10,73.6
1987-01-22,10,76.0
1987-01-23,11,74.4
1987-01-24,7,73.9
1987-01-25,7,73.8
1987-01-26,7,74.9
1987-01-27,7,72.1
1987-01-28,11,73.0
1987-01-29,10,72.8
1987-01-30,4,72.0
1987-01-31,8,70.8
1987-02-01,7,71.3
1987-02-02,4,71.9
1987-02-03,4,72.1
1987-02-04,4,70.3
1987-02-05,4,69.4
1987-02-06,7,69.6
1987-02-07,9,71.0
1987-02-08,14,70.8
1987-02-09,11,71.1
1987-02-10,8,71.1
1987-02-11,7,70.3
1987-02-12,18,69.6
1987-02-13,4,69.7
1987-02-14,5,70.0
1987-02-15,6,71.1
1987-02-16,12,70.1
1987-02-17,9,69.8
1987-02-18,7,71.4
1987-02-19,5,71.1
1987-02-20,29,71.2
1987-02-21,19,72.3
1987-02-22,18,72.0
1987-02-23,14,72.0
1987-02-24,12,73.6
1987-02-25,7,75.0
1987-02-26,6,75.4
1987-02-27,12,75.4
1987-02-28,13,74.1
1987-03-01,9,74.1
1987-03-02,3,74.6
1987-03-03,6,72.8
1987-03-04,10,74.5
1987-03-05,21,74.9
1987-03-06,10,76.8
1987-03-07,21,76.6
1987-03-08,12,78.0
1987-03-09,9,74.6
1987-03-10,11,72.3
1987-03-11,8,71.4
1987-03-12,14,70.3
1987-03-13,8,70.4
1987-03-14,8,71.9
1987-03-15,10,71.3
1987-03-16,12,71.7
1987-03-17,10,71.9
1987-03-18,12,73.2
1987-03-19,11,72.1
1987-03-20,4,74.4
1987-03-21,18,74.7
1987-03-22,15,74.3
1987-03-23,6,76.0
1987-03-24,5,76.4
1987-03-25,6,76.1
1987-03-26,13,75.9
1987-03-27,26,75.7
1987-03-28,12,75.2
1987-03-29,5,75.5
1987-03-30,4,74.7
1987-03-31,4,72.0
1987-04-01,10,72.6
1987-04-02,4,72.0
1987-04-03,2,72.4
1987-04-04,16,73.9
1987-04-05,12,77.5
1987-04-06,7,89.2
1987-04-07,13,94.2
1987-04-08,11,94.5
1987-04-09,8,100.2
1987-04-10,10,99.6
1987-04-11,7,100.8
1987-04-12,5,98.1
1987-04-13,12,98.7
1987-04-14,6,97.1
1987-04-15,6,97.1
1987-04-16,4,94.6
1987-04-17,5,96.5
1987-04-18,4,93.2
1987-04-19,8,90.9
1987-04-20,12,84.9
1987-04-21,3,77.5
1987-04-22,4,75.7
1987-04-23,4,75.7
1987-04-24,9,77.7
1987-04-25,4,74.9
1987-04-26,4,73.3
1987-04-27,9,73.8
1987-04-28,2,73.3
1987-04-29,4,72.5
1987-04-30,4,75.7
1987-05-01,7,78.1
1987-05-02,6,78.9
1987-05-03,6,81.4
1987-05-04,5,83.0
1987-05-05,4,84.6
1987-05-06,5,86.3
1987-05-07,8,86.5
1987-05-08,4,87.4
1987-05-09,4,85.7
1987-05-10,10,87.7
1987-05-11,6,84.7
1987-05-12,2,83.6
1987-05-13,6,85.6
1987-05-14,9,89.2
1987-05-15,4,91.6
1987-05-16,4,96.0
1987-05-17,4,94.5
1987-05-18,2,96.2
1987-05-19,2,97.8
1987-05-20,4,97.5
1987-05-21,3,97.5
1987-05-22,7,98.5
1987-05-23,8,92.5
1987-05-24,20,96.0
1987-05-25,25,94.3
1987-05-26,9,89.9
1987-05-27,14,85.2
1987-05-28,10,82.9
1987-05-29,21,77.1
1987-05-30,9,75.8
1987-05-31,11,75.2
1987-06-01,8,75.6
1987-06-02,8,75.7
1987-06-03,4,74.2
1987-06-04,6,75.1
1987-06-05,7,73.9
1987-06-06,25,73.6
1987-06-07,9,73.8
1987-06-08,4,74.8
1987-06-09,3,74.5
1987-06-10,4,75.8
1987-06-11,7,78.3
1987-06-12,13,79.6
1987-06-13,6,79.7
1987-06-14,6,78.1
1987-06-15,4,77.9
1987-06-16,8,78.8
1987-06-17,6,79.3
1987-06-18,6,80.3
1987-06-19,17,79.8
1987-06-20,8,78.5
1987-06-21,6,80.0
1987-06-22,4,84.3
1987-06-23,3,84.7
1987-06-24,7,86.3
1987-06-25,7,83.5
1987-06-26,9,81.5
1987-06-27,5,76.3
1987-06-28,4,76.6
1987-06-29,5,74.2
1987-06-30,3,73.4
1987-07-01,2,73.5
1987-07-02,3,72.0
1987-07-03,9,71.3
1987-07-04,8,70.8
1987-07-05,6,71.0
1987-07-06,5,70.9
1987-07-07,4,71.7
1987-07-08,10,73.6
1987-07-09,9,73.8
1987-07-10,11,73.8
1987-07-11,7,73.2
1987-07-12,7,73.1
1987-07-13,4,72.7
1987-07-14,5,74.1
1987-07-15,24,76.3
1987-07-16,20,78.3
1987-07-17,14,78.9
1987-07-18,10,79.9
1987-07-19,8,82.4
1987-07-20,9,90.8
1987-07-21,6,92.6
1987-07-22,8,99.4
1987-07-23,6,112.0
1987-07-24,12,111.4
1987-07-25,17,111.4
1987-07-26,4,106.4
1987-07-27,5,102.2
1987-07-28,26,99.4
1987-07-29,52,94.4
1987-07-30,9,91.2
1987-07-31,14,89.2
1987-08-01,10,88.4
1987-08-02,5,87.1
1987-08-03,12,84.6
1987-08-04,7,81.6
1987-08-05,13,79.3
1987-08-06,8,82.8
1987-08-07,4,87.1
1987-08-08,10,91.3
1987-08-09,8,92.3
1987-08-10,4,91.5
1987-08-11,7,97.2
1987-08-12,16,97.4
1987-08-13,23,99.2
1987-08-14,16,99.8
1987-08-15,19,98.8
1987-08-16,12,100.2
1987-08-17,11,98.8
1987-08-18,6,98.0
1987-08-19,9,96.7
1987-08-20,8,98.9
1987-08-21,5,94.4
1987-08-22,7,92.3
1987-08-23,10,89.8
1987-08-24,11,87.7
1987-08-25,39,88.0
1987-08-26,40,85.5
1987-08-27,21,83.4
1987-08-28,15,79.7
1987-08-29,12,78.4
1987-08-30,14,77.0
1987-08-31,34,81.7
1987-09-01,34,83.8
1987-09-02,12,84.0
1987-09-03,4,86.0
1987-09-04,6,88.2
1987-09-05,6,92.0
1987-09-06,9,94.1
1987-09-07,11,98.0
1987-09-08,10,100.5
1987-09-09,10,99.5
1987-09-10,38,96.5
1987-09-11,40,94.2
1987-09-12,22,90.0
1987-09-13,23,88.7
1987-09-14,26,85.8
1987-09-15,29,84.1
1987-09-16,19,82.7
1987-09-17,17,83.2
1987-09-18,7,81.7
1987-09-19,3,82.0
1987-09-20,11,84.2
1987-09-21,10,82.4
1987-09-22,29,80.7
1987-09-23,17,79.9
1987-09-24,14,79.8
1987-09-25,46,77.5
1987-09-26,20,76.1
1987-09-27,11,79.9
1987-09-28,22,82.0
1987-09-29,30,83.3
1987-09-30,43,81.7
1987-10-01,13,84.1
1987-10-02,9,84.7
1987-10-03,36,85.6
1987-10-04,14,89.2
1987-10-05,6,90.2
1987-10-06,5,89.6
1987-10-07,8,91.1
1987-10-08,8,95.2
1987-10-09,3,93.0
1987-10-10,7,101.5
1987-10-11,28,101.2
1987-10-12,8,102.7
1987-10-13,24,106.1
1987-10-14,31,114.0
1987-10-15,26,118.5
1987-10-16,13,111.9
1987-10-17,18,106.8
1987-10-18,5,107.4
1987-10-19,6,101.3
1987-10-20,8,96.5
1987-10-21,13,90.2
1987-10-22,5,89.1
1987-10-23,11,87.9
1987-10-24,19,88.1
1987-10-25,28,93.4
1987-10-26,11,98.1
1987-10-27,35,107.3
1987-10-28,44,107.7
1987-10-29,19,104.2
1987-10-30,13,105.7
1987-10-31,11,99.3
1987-11-01,7,100.7
1987-11-02,23,106.7
1987-11-03,27,99.7
1987-11-04,9,102.9
1987-11-05,10,101.0
1987-11-06,9,96.6
1987-11-07,5,96.2
1987-11-08,4,94.5
1987-11-09,10,92.1
1987-11-10,11,91.0
1987-11-11,14,94.5
1987-11-12,20,94.6
1987-11-13,27,94.9
1987-11-14,22,94.3
1987-11-15,14,95.8
1987-11-16,8,97.2
1987-11-17,3,99.1
1987-11-18,5,102.4
1987-11-19,12,109.2
1987-11-20,10,115.0
1987-11-21,6,118.2
1987-11-22,7,120.8
1987-11-23,35,118.1
1987-11-24,24,112.3
1987-11-25,12,107.7
1987-11-26,17,104.1
1987-11-27,20,97.5
1987-11-28,9,94.9
1987-11-29,3,93.3
1987-11-30,3,91.6
1987-12-01,5,90.1
1987-12-02,4,89.0
1987-12-03,12,88.3
1987-12-04,10,87.6
1987-12-05,17,89.4
1987-12-06,8,88.3
1987-12-07,4,87.9
1987-12-08,1,91.4
1987-12-09,6,94.0
1987-12-10,28,92.9
1987-12-11,15,94.0
1987-12-12,9,94.4
1987-12-13,4,94.0
1987-12-14,4,94.4
1987-12-15,11,95.0
1987-12-16,39,96.4
1987-12-17,16,95.2
1987-12-18,8,93.2
1987-12-19,7,91.3
1987-12-20,4,89.8
1987-12-21,10,93.7
1987-12-22,22,91.0
1987-12-23,10,91.2
1987-12-24,6,92.9
1987-12-25,7,99.5
1987-12-26,4,100.1
1987-12-27,1,104.8
1987-12-28,2,106.0
1987-12-29,5,104.9
1987-12-30,3,102.6
1987-12-31,4,103.1
1988-01-01,5,103.5
1988-01-02,29,96.9
1988-01-03,7,104.7
1988-01-04,14,101.6
1988-01-05,14,102.9
1988-01-06,31,105.2
1988-01-07,24,105.6
1988-01-08,19,109.2
1988-01-09,7,104.0
1988-01-10,4,104.3
1988-01-11,11,105.2
1988-01-12,21,111.1
1988-01-13,7,111.7
1988-01-14,48,117.5
1988-01-15,63,116.2
1988-01-16,5,125.9
1988-01-17,7,120.3
1988-01-18,12,114.6
1988-01-19,10,118.0
1988-01-20,12,116.4
1988-01-21,9,115.2
1988-01-22,7,107.9
1988-01-23,2,108.1
1988-01-24,5,105.5
1988-01-25,6,97.9
1988-01-26,8,96.5
1988-01-27,12,104.8
1988-01-28,6,106.2
1988-01-29,4,102.2
1988-01-30,3,103.2
1988-01-31,3,106.2
1988-02-01,2,108.7
1988-02-02,5,107.4
1988-02-03,3,106.6
1988-02-04,7,106.1
1988-02-05,29,105.6
1988-02-06,11,106.5
1988-02-07,6,108.3
1988-02-08,5,105.3
1988-02-09,11,103.8
1988-02-10,13,102.9
1988-02-11,11,102.2
1988-02-12,16,104.0
1988-02-13,14,105.6
1988-02-14,7,105.2
1988-02-15,19,102.9
1988-02-16,15,103.5
1988-02-17,14,108.8
1988-02-18,19,115.2
1988-02-19,7,111.5
1988-02-20,5,108.9
1988-02-21,26,107.0
1988-02-22,97,104.7
1988-02-23,36,102.4
1988-02-24,12,101.7
1988-02-25,14,98.4
1988-02-26,9,98.6
1988-02-27,7,98.2
1988-02-28,5,99.0
1988-02-29,3,105.2
1988-03-01,4,101.6
1988-03-02,6,100.8
1988-03-03,10,103.6
1988-03-04,19,104.3
1988-03-05,8,108.4
1988-03-06,19,109.3
1988-03-07,11,108.9
1988-03-08,26,105.6
1988-03-09,13,102.9
1988-03-10,12,100.5
1988-03-11,14,104.2
1988-03-12,9,104.8
1988-03-13,5,109.1
1988-03-14,12,110.1
1988-03-15,20,113.8
1988-03-16,14,115.2
1988-03-17,9,118.5
1988-03-18,7,117.1
1988-03-19,4,117.1
1988-03-20,6,117.2
1988-03-21,2,118.3
1988-03-22,3,118.4
1988-03-23,5,121.6
1988-03-24,5,123.7
1988-03-25,10,129.1
1988-03-26,49,128.1
1988-03-27,34,128.5
1988-03-28,26,130.2
1988-03-29,32,132.1
1988-03-30,34,128.6
1988-03-31,11,130.8
1988-04-01,13,127.3
1988-04-02,19,126.6
1988-04-03,48,127.6
1988-04-04,78,122.5
1988-04-05,24,114.4
1988-04-06,48,116.6
1988-04-07,15,119.7
1988-04-08,7,121.4
1988-04-09,10,121.4
1988-04-10,16,126.7
1988-04-11,9,127.4
1988-04-12,14,129.9
1988-04-13,10,133.8
1988-04-14,9,145.3
1988-04-15,6,142.5
1988-04-16,5,146.5
1988-04-17,5,144.3
1988-04-18,7,144.0
1988-04-19,9,137.2
1988-04-20,7,133.6
1988-04-21,8,126.3
1988-04-22,44,118.8
1988-04-23,21,110.2
1988-04-24,7,104.3
1988-04-25,6,105.4
1988-04-26,5,102.5
1988-04-27,6,100.5
1988-04-28,11,100.2
1988-04-29,6,100.6
1988-04-30,7,103.2
1988-05-01,5,107.1
1988-05-02,7,111.3
1988-05-03,7,114.5
1988-05-04,13,125.3
1988-05-05,20,119.0
1988-05-06,106,114.4
1988-05-07,13,110.8
1988-05-08,13,114.5
1988-05-09,10,119.6
1988-05-10,11,114.1
1988-05-11,6,112.3
1988-05-12,5,109.3
1988-05-13,5,103.7
1988-05-14,4,102.9
1988-05-15,6,101.1
1988-05-16,11,101.0
1988-05-17,24,101.3
1988-05-18,18,104.2
1988-05-19,6,102.3
1988-05-20,6,103.6
1988-05-21,10,109.9
1988-05-22,8,111.2
1988-05-23,6,119.2
1988-05-24,8,116.8
1988-05-25,6,120.6
1988-05-26,8,124.5
1988-05-27,3,126.6
1988-05-28,3,126.6
1988-05-29,7,136.4
1988-05-30,12,138.9
1988-05-31,9,149.4
1988-06-01,6,145.2
1988-06-02,5,143.5
1988-06-03,2,145.3
1988-06-04,3,146.6
1988-06-05,10,146.8
1988-06-06,8,154.4
1988-06-07,6,159.8
1988-06-08,6,163.3
1988-06-09,8,160.9
1988-06-10,9,145.3
1988-06-11,7,133.6
1988-06-12,4,122.1
1988-06-13,6,111.5
1988-06-14,20,108.2
1988-06-15,9,110.0
1988-06-16,6,117.9
1988-06-17,10,120.9
1988-06-18,14,121.7
1988-06-19,21,115.6
1988-06-20,13,114.7
1988-06-21,5,118.9
1988-06-22,12,120.4
1988-06-23,8,125.2
1988-06-24,17,131.3
1988-06-25,27,148.7
1988-06-26,17,152.5
1988-06-27,9,155.3
1988-06-28,10,177.3
1988-06-29,26,183.3
1988-06-30,22,181.3
1988-07-01,14,188.1
1988-07-02,10,192.4
1988-07-03,7,184.0
1988-07-04,4,175.1
1988-07-05,5,165.6
1988-07-06,11,151.6
1988-07-07,8,147.4
1988-07-08,10,137.8
1988-07-09,3,133.2
1988-07-10,7,133.8
1988-07-11,21,133.2
1988-07-12,15,133.4
1988-07-13,5,136.7
1988-07-14,7,145.3
1988-07-15,11,145.9
1988-07-16,22,148.4
1988-07-17,6,147.9
1988-07-18,9,147.5
1988-07-19,9,137.6
1988-07-20,3,136.9
1988-07-21,26,141.2
1988-07-22,27,136.8
1988-07-23,12,140.1
1988-07-24,7,134.3
1988-07-25,6,136.6
1988-07-26,16,145.2
1988-07-27,12,156.6
1988-07-28,11,170.1
1988-07-29,7,180.4
1988-07-30,6,182.7
1988-07-31,8,186.9
1988-08-01,8,175.6
1988-08-02,5,182.2
1988-08-03,6,167.3
1988-08-04,2,159.0
1988-08-05,6,154.7
1988-08-06,5,158.9
1988-08-07,5,165.7
1988-08-08,3,181.8
1988-08-09,13,177.5
1988-08-10,9,177.0
1988-08-11,8,173.5
1988-08-12,16,157.0
1988-08-13,17,155.6
1988-08-14,21,147.8
1988-08-15,16,140.4
1988-08-16,8,134.4
1988-08-17,5,142.1
1988-08-18,8,125.5
1988-08-19,8,121.0
1988-08-20,17,115.4
1988-08-21,7,113.5
1988-08-22,24,112.4
1988-08-23,10,119.1
1988-08-24,11,130.9
1988-08-25,15,141.3
1988-08-26,9,153.9
1988-08-27,15,163.5
1988-08-28,9,170.6
1988-08-29,13,185.4
1988-08-30,12,186.5
1988-08-31,13,191.0
1988-09-01,21,187.9
1988-09-02,12,175.8
1988-09-03,8,174.3
1988-09-04,7,163.2
1988-09-05,4,163.7
1988-09-06,3,150.1
1988-09-07,5,143.2
1988-09-08,6,136.9
1988-09-09,4,126.2
1988-09-10,7,116.0
1988-09-11,51,120.3
1988-09-12,20,125.4
1988-09-13,10,123.3
1988-09-14,11,128.7
1988-09-15,12,124.7
1988-09-16,6,127.2
1988-09-17,20,134.0
1988-09-18,34,138.2
1988-09-19,23,137.4
1988-09-20,11,150.2
1988-09-21,11,156.6
1988-09-22,20,177.4
1988-09-23,11,176.7
1988-09-24,8,177.6
1988-09-25,12,176.5
1988-09-26,8,171.2
1988-09-27,5,178.9
1988-09-28,5,170.4
1988-09-29,4,171.5
1988-09-30,8,172.7
1988-10-01,11,179.1
1988-10-02,5,196.8
1988-10-03,3,200.3
1988-10-04,9,189.2
1988-10-05,18,191.1
1988-10-06,38,193.6
1988-10-07,6,182.7
1988-10-08,7,173.0
1988-10-09,17,177.0
1988-10-10,85,178.4
1988-10-11,13,168.9
1988-10-12,6,149.1
1988-10-13,6,158.3
1988-10-14,6,151.3
1988-10-15,6,150.0
1988-10-16,10,153.3
1988-10-17,15,176.3
1988-10-18,30,163.6
1988-10-19,12,165.4
1988-10-20,18,167.5
1988-10-21,7,167.5
1988-10-22,3,167.9
1988-10-23,6,173.0
1988-10-24,6,170.3
1988-10-25,4,164.0
1988-10-26,7,157.3
1988-10-27,8,163.9
1988-10-28,9,158.1
1988-10-29,3,158.1
1988-10-30,5,156.5
1988-10-31,10,162.8
1988-11-01,7,159.7
1988-11-02,30,159.0
1988-11-03,26,166.7
1988-11-04,8,162.4
1988-11-05,10,166.7
1988-11-06,13,164.1
1988-11-07,17,154.4
1988-11-08,18,146.3
1988-11-09,12,155.4
1988-11-10,14,150.7
1988-11-11,10,157.0
1988-11-12,18,153.8
1988-11-13,8,161.2
1988-11-14,11,177.0
1988-11-15,13,164.7
1988-11-16,18,190.4
1988-11-17,11,179.7
1988-11-18,8,165.7
1988-11-19,4,154.9
1988-11-20,2,150.2
1988-11-21,6,156.7
1988-11-22,4,157.0
1988-11-23,2,139.2
1988-11-24,4,141.6
1988-11-25,7,141.2
1988-11-26,20,141.1
1988-11-27,12,144.8
1988-11-28,9,142.7
1988-11-29,8,141.5
1988-11-30,37,139.7
1988-12-01,5,154.8
1988-12-02,15,153.8
1988-12-03,18,151.6
1988-12-04,10,146.9
1988-12-05,4,159.2
1988-12-06,3,162.5
1988-12-07,3,157.6
1988-12-08,5,169.2
1988-12-09,4,170.3
1988-12-10,8,166.3
1988-12-11,17,182.0
1988-12-12,14,179.4
1988-12-13,20,186.9
1988-12-14,13,211.0
1988-12-15,10,218.9
1988-12-16,25,239.7
1988-12-17,35,249.6
1988-12-18,25,251.5
1988-12-19,20,248.2
1988-12-20,7,246.8
1988-12-21,11,253.4
1988-12-22,13,254.9
1988-12-23,4,242.7
1988-12-24,4,229.1
1988-12-25,22,217.6
1988-12-26,25,199.6
1988-12-27,20,208.8
1988-12-28,14,208.5
1988-12-29,20,203.4
1988-12-30,11,185.6
1988-12-31,12,183.7
1989-01-01,15,185.7
1989-01-02,6,200.4
1989-01-03,4,195.7
1989-01-04,9,202.4
1989-01-05,33,208.5
1989-01-06,10,205.5
1989-01-07,10,247.7
1989-01-08,17,269.1
1989-01-09,16,259.9
1989-01-10,12,258.5
1989-01-11,37,263.4
1989-01-12,20,272.1
1989-01-13,11,301.5
1989-01-14,14,284.1
1989-01-15,38,289.5
1989-01-16,43,301.8
1989-01-17,28,275.6
1989-01-18,15,280.2
1989-01-19,7,249.6
1989-01-20,45,229.3
1989-01-21,28,204.7
1989-01-22,30,210.2
1989-01-23,22,212.2
1989-01-24,10,217.8
1989-01-25,12,234.5
1989-01-26,10,212.8
1989-01-27,12,217.7
1989-01-28,13,213.5
1989-01-29,10,206.7
1989-01-30,12,193.0
1989-01-31,32,193.2
1989-02-01,29,190.3
1989-02-02,21,176.3
1989-02-03,44,191.3
1989-02-04,24,188.7
1989-02-05,22,200.7
1989-02-06,23,211.1
1989-02-07,25,216.4
1989-02-08,14,250.7
1989-02-09,19,266.4
1989-02-10,12,277.1
1989-02-11,10,263.8
1989-02-12,14,264.0
1989-02-13,21,265.1
1989-02-14,14,267.3
1989-02-15,14,247.3
1989-02-16,17,247.0
1989-02-17,5,239.5
1989-02-18,9,218.9
1989-02-19,9,219.0
1989-02-20,21,206.8
1989-02-21,11,222.7
1989-02-22,13,218.6
1989-02-23,5,219.3
1989-02-24,9,217.9
1989-02-25,7,208.0
1989-02-26,4,194.1
1989-02-27,6,171.9
1989-02-28,13,166.6
1989-03-01,12,171.9
1989-03-02,25,176.8
1989-03-03,37,171.9
1989-03-04,13,166.3
1989-03-05,30,186.5
1989-03-06,24,204.2
1989-03-07,18,193.2
1989-03-08,24,205.5
1989-03-09,31,207.0
1989-03-10,19,215.2
1989-03-11,17,235.4
1989-03-12,23,240.5
1989-03-13,246,256.0
1989-03-14,158,266.7
1989-03-15,49,258.5
1989-03-16,50,264.3
1989-03-17,34,243.0
1989-03-18,15,236.3
1989-03-19,55,222.9
1989-03-20,14,219.9
1989-03-21,22,215.0
1989-03-22,39,224.0
1989-03-23,36,217.4
1989-03-24,16,194.3
1989-03-25,10,187.1
1989-03-26,14,172.4
1989-03-27,44,163.2
1989-03-28,39,157.8
1989-03-29,71,156.2
1989-03-30,47,160.1
1989-03-31,52,167.8
1989-04-01,42,174.0
1989-04-02,26,183.6
1989-04-03,21,196.5
1989-04-04,46,188.8
1989-04-05,42,190.8
1989-04-06,14,196.1
1989-04-07,27,199.3
1989-04-08,20,206.5
1989-04-09,15,193.3
1989-04-10,8,181.5
1989-04-11,14,179.8
1989-04-12,6,180.3
1989-04-13,17,184.2
1989-04-14,24,196.8
1989-04-15,27,198.1
1989-04-16,20,202.3
1989-04-17,10,208.9
1989-04-18,10,202.3
1989-04-19,6,207.8
1989-04-20,10,190.6
1989-04-21,7,194.1
1989-04-22,7,191.5
1989-04-23,12,181.0
1989-04-24,8,186.8
1989-04-25,34,177.5
1989-04-26,76,174.6
1989-04-27,49,174.5
1989-04-28,39,180.7
1989-04-29,28,186.8
1989-04-30,17,177.9
1989-05-01,10,177.7
1989-05-02,18,181.6
1989-05-03,12,187.5
1989-05-04,20,194.9
1989-05-05,44,190.3
1989-05-06,14,192.4
1989-05-07,46,196.9
1989-05-08,5,208.4
1989-05-09,5,201.2
1989-05-10,4,204.6
1989-05-11,6,194.9
1989-05-12,11,193.1
1989-05-13,9,193.3
1989-05-14,10,189.0
1989-05-15,13,191.5
1989-05-16,7,184.4
1989-05-17,7,182.8
1989-05-18,6,180.6
1989-05-19,6,184.2
1989-05-20,15,198.3
1989-05-21,8,206.8
1989-05-22,12,198.9
1989-05-23,47,206.9
1989-05-24,68,204.7
1989-05-25,24,189.6
1989-05-26,17,183.1
1989-05-27,16,172.0
1989-05-28,14,168.9
1989-05-29,14,168.9
1989-05-30,9,178.0
1989-05-31,13,188.9
1989-06-01,11,186.3
1989-06-02,19,202.4
1989-06-03,14,197.5
1989-06-04,14,215.0
1989-06-05,7,207.0
1989-06-06,11,206.0
1989-06-07,34,199.3
1989-06-08,23,216.3
1989-06-09,34,234.7
1989-06-10,78,243.3
1989-06-11,22,262.1
1989-06-12,12,277.1
1989-06-13,16,309.4
1989-06-14,50,317.1
1989-06-15,37,324.3
1989-06-16,9,310.9
1989-06-17,5,294.2
1989-06-18,5,262.9
1989-06-19,8,262.0
1989-06-20,28,241.4
1989-06-21,4,235.1
1989-06-22,5,225.6
1989-06-23,5,231.0
1989-06-24,10,220.3
1989-06-25,7,214.5
1989-06-26,8,225.5
1989-06-27,6,220.1
1989-06-28,7,220.0
1989-06-29,13,215.8
1989-06-30,10,210.3
1989-07-01,26,197.4
1989-07-02,5,187.1
1989-07-03,3,186.2
1989-07-04,3,183.6
1989-07-05,15,177.4
1989-07-06,11,186.0
1989-07-07,8,187.2
1989-07-08,4,182.7
1989-07-09,6,182.0
1989-07-10,11,178.1
1989-07-11,4,186.9
1989-07-12,3,184.5
1989-07-13,7,178.1
1989-07-14,4,178.0
1989-07-15,6,179.7
1989-07-16,2,178.0
1989-07-17,13,178.2
1989-07-18,13,183.2
1989-07-19,4,187.6
1989-07-20,4,186.3
1989-07-21,5,188.9
1989-07-22,7,194.6
1989-07-23,11,190.4
1989-07-24,8,185.2
1989-07-25,6,174.9
1989-07-26,13,164.6
1989-07-27,8,167.6
1989-07-28,9,165.6
1989-07-29,10,175.5
1989-07-30,7,179.6
1989-07-31,4,182.7
1989-08-01,6,192.7
1989-08-02,6,195.9
1989-08-03,5,213.9
1989-08-04,8,219.3
1989-08-05,2,234.7
1989-08-06,8,233.6
1989-08-07,9,234.0
1989-08-08,7,227.3
1989-08-09,10,227.6
1989-08-10,41,226.4
1989-08-11,25,237.2
1989-08-12,8,249.5
1989-08-13,9,257.2
1989-08-14,55,264.5
1989-08-15,77,274.7
1989-08-16,26,253.4
1989-08-17,34,256.6
1989-08-18,29,258.7
1989-08-19,14,243.3
1989-08-20,26,231.0
1989-08-21,21,220.6
1989-08-22,12,200.9
1989-08-23,28,187.2
1989-08-24,6,178.1
1989-08-25,5,156.4
1989-08-26,6,157.7
1989-08-27,26,156.4
1989-08-28,22,170.7
1989-08-29,58,176.9
1989-08-30,17,188.4
1989-08-31,6,205.1
1989-09-01,8,219.8
1989-09-02,8,229.3
1989-09-03,8,238.9
1989-09-04,30,241.0
1989-09-05,21,269.0
1989-09-06,12,284.0
1989-09-07,22,298.9
1989-09-08,16,297.8
1989-09-09,11,307.2
1989-09-10,10,299.2
1989-09-11,3,295.5
1989-09-12,12,288.6
1989-09-13,9,246.4
1989-09-14,5,242.1
1989-09-15,42,223.6
1989-09-16,24,231.3
1989-09-17,7,214.1
1989-09-18,52,206.7
1989-09-19,70,195.3
1989-09-20,6,171.7
1989-09-21,8,160.6
1989-09-22,23,158.2
1989-09-23,4,156.5
1989-09-24,7,156.1
1989-09-25,5,165.9
1989-09-26,54,181.4
1989-09-27,8,198.6
1989-09-28,8,193.6
1989-09-29,8,204.1
1989-09-30,12,201.5
1989-10-01,13,198.0
1989-10-02,9,208.2
1989-10-03,12,222.2
1989-10-04,6,234.0
1989-10-05,5,223.3
1989-10-06,10,220.7
1989-10-07,12,226.1
1989-10-08,9,210.6
1989-10-09,11,202.5
1989-10-10,12,196.1
1989-10-11,7,192.2
1989-10-12,8,204.1
1989-10-13,1,225.3
1989-10-14,1,227.1
1989-10-15,4,226.8
1989-10-16,10,238.5
1989-10-17,12,227.0
1989-10-18,17,223.1
1989-10-19,24,216.6
1989-10-20,112,207.3
1989-10-21,146,208.2
1989-10-22,51,220.0
1989-10-23,22,212.6
1989-10-24,17,216.5
1989-10-25,23,185.4
1989-10-26,24,173.8
1989-10-27,17,179.2
1989-10-28,9,175.3
1989-10-29,13,174.4
1989-10-30,23,189.0
1989-10-31,14,205.0
1989-11-01,8,214.6
1989-11-02,21,219.5
1989-11-03,26,221.2
1989-11-04,28,227.7
1989-11-05,19,239.5
1989-11-06,11,260.0
1989-11-07,19,211.1
1989-11-08,15,276.0
1989-11-09,25,262.2
1989-11-10,10,251.3
1989-11-11,18,254.3
1989-11-12,10,258.8
1989-11-13,43,245.5
1989-11-14,14,248.4
1989-11-15,6,221.4
1989-11-16,5,221.2
1989-11-17,109,220.0
1989-11-18,45,226.8
1989-11-19,8,234.7
1989-11-20,8,229.2
1989-11-21,12,235.1
1989-11-22,6,227.7
1989-11-23,6,218.8
1989-11-24,8,214.2
1989-11-25,2,221.7
1989-11-26,11,240.6
1989-11-27,16,245.9
1989-11-28,28,237.7
1989-11-29,19,221.2
1989-11-30,20,247.7
1989-12-01,38,230.1
1989-12-02,22,219.9
1989-12-03,26,211.6
1989-12-04,31,219.2
1989-12-05,14,216.0
1989-12-06,5,216.1
1989-12-07,10,228.3
1989-12-08,6,209.8
1989-12-09,4,200.6
1989-12-10,3,182.7
1989-12-11,6,177.2
1989-12-12,8,170.1
1989-12-13,7,168.4
1989-12-14,12,167.0
1989-12-15,10,170.9
1989-12-16,16,169.5
1989-12-17,11,181.8
1989-12-18,7,192.0
1989-12-19,6,194.4
1989-12-20,6,195.5
1989-12-21,8,196.3
1989-12-22,26,206.6
1989-12-23,15,221.0
1989-12-24,20,238.8
1989-12-25,16,256.4
1989-12-26,22,261.2
1989-12-27,25,284.1
1989-12-28,10,254.8
1989-12-29,50,250.9
1989-12-30,30,267.0
1989-12-31,35,244.8
1990-01-01,16,216.5
1990-01-02,17,215.7
1990-01-03,15,199.1
1990-01-04,12,195.6
1990-01-05,17,193.5
1990-01-06,7,187.0
1990-01-07,6,183.2
1990-01-08,11,176.8
1990-01-09,14,166.0
1990-01-10,16,172.9
1990-01-11,18,175.2
1990-01-12,15,175.7
1990-01-13,9,172.6
1990-01-14,8,171.5
1990-01-15,9,191.1
1990-01-16,10,193.8
1990-01-17,9,193.0
1990-01-18,8,224.4
1990-01-19,4,240.7
1990-01-20,14,246.0
1990-01-21,17,259.0
1990-01-22,19,241.2
1990-01-23,20,241.1
1990-01-24,32,247.4
1990-01-25,19,242.0
1990-01-26,10,246.3
1990-01-27,4,239.4
1990-01-28,7,237.2
1990-01-29,24,234.7
1990-01-30,24,217.8
1990-01-31,18,215.6
1990-02-01,22,206.8
1990-02-02,25,183.0
1990-02-03,8,162.5
1990-02-04,28,159.2
1990-02-05,24,155.2
1990-02-06,10,151.7
1990-02-07,25,148.3
1990-02-08,8,146.1
1990-02-09,7,145.8
1990-02-10,8,152.5
1990-02-11,10,138.5
1990-02-12,6,143.7
1990-02-13,9,146.5
1990-02-14,30,153.3
1990-02-15,36,152.5
1990-02-16,50,152.4
1990-02-17,33,155.2
1990-02-18,23,164.8
1990-02-19,33,184.4
1990-02-20,38,193.8
1990-02-21,16,216.6
1990-02-22,21,220.4
1990-02-23,36,221.1
1990-02-24,29,236.2
1990-02-25,29,229.9
1990-02-26,19,217.5
1990-02-27,26,228.4
1990-02-28,31,226.2
1990-03-01,20,203.6
1990-03-02,14,196.1
1990-03-03,10,179.4
1990-03-04,6,171.7
1990-03-05,11,164.4
1990-03-06,21,166.4
1990-03-07,8,170.7
1990-03-08,10,159.4
1990-03-09,8,153.0
1990-03-10,8,151.1
1990-03-11,14,144.3
1990-03-12,42,147.9
1990-03-13,29,148.0
1990-03-14,26,151.5
1990-03-15,11,166.0
1990-03-16,7,179.9
1990-03-17,3,183.8
1990-03-18,35,198.2
1990-03-19,16,218.2
1990-03-20,30,225.7
1990-03-21,76,229.3
1990-03-22,28,244.7
1990-03-23,29,246.9
1990-03-24,18,232.6
1990-03-25,39,225.0
1990-03-26,41,227.9
1990-03-27,34,216.0
1990-03-28,24,206.7
1990-03-29,27,184.7
1990-03-30,69,186.9
1990-03-31,7,173.1
1990-04-01,6,159.4
1990-04-02,11,153.4
1990-04-03,17,151.7
1990-04-04,10,148.5
1990-04-05,10,156.3
1990-04-06,7,149.9
1990-04-07,8,154.7
1990-04-08,6,151.9
1990-04-09,34,146.3
1990-04-10,124,148.7
1990-04-11,64,160.1
1990-04-12,99,169.1
1990-04-13,38,194.4
1990-04-14,45,214.4
1990-04-15,24,221.4
1990-04-16,10,224.6
1990-04-17,40,234.9
1990-04-18,24,240.9
1990-04-19,9,242.0
1990-04-20,18,254.7
1990-04-21,13,237.2
1990-04-22,16,230.4
1990-04-23,37,223.7
1990-04-24,30,214.9
1990-04-25,19,195.8
1990-04-26,16,186.5
1990-04-27,15,167.6
1990-04-28,20,150.6
1990-04-29,30,138.9
1990-04-30,19,134.8
1990-05-01,8,127.0
1990-05-02,10,127.2
1990-05-03,18,123.2
1990-05-04,12,121.5
1990-05-05,10,128.4
1990-05-06,5,148.3
1990-05-07,7,152.7
1990-05-08,11,167.5
1990-05-09,16,171.3
1990-05-10,33,191.7
1990-05-11,24,201.3
1990-05-12,7,210.9
1990-05-13,11,221.1
1990-05-14,3,219.4
1990-05-15,5,241.3
1990-05-16,3,246.0
1990-05-17,4,243.4
1990-05-18,31,265.6
1990-05-19,18,273.5
1990-05-20,20,266.1
1990-05-21,22,253.0
1990-05-22,32,243.9
1990-05-23,11,233.5
1990-05-24,8,203.9
1990-05-25,20,184.3
1990-05-26,47,181.5
1990-05-27,45,160.3
1990-05-28,7,155.1
1990-05-29,10,141.0
1990-05-30,23,138.6
1990-05-31,11,138.6
1990-06-01,10,136.7
1990-06-02,6,137.3
1990-06-03,6,142.0
1990-06-04,5,143.9
1990-06-05,5,149.3
1990-06-06,10,156.8
1990-06-07,22,178.2
1990-06-08,16,189.8
1990-06-09,32,197.9
1990-06-10,17,201.3
1990-06-11,11,210.7
1990-06-12,89,215.1
1990-06-13,70,202.5
1990-06-14,79,200.4
1990-06-15,9,190.2
1990-06-16,5,184.0
1990-06-17,3,181.6
1990-06-18,10,164.1
1990-06-19,6,158.3
1990-06-20,2,156.1
1990-06-21,5,150.9
1990-06-22,6,140.6
1990-06-23,7,134.6
1990-06-24,8,139.2
1990-06-25,7,144.5
1990-06-26,7,149.6
1990-06-27,12,167.8
1990-06-28,7,181.7
1990-06-29,8,203.9
1990-06-30,4,219.2
1990-07-01,5,240.2
1990-07-02,6,258.9
1990-07-03,7,245.6
1990-07-04,8,230.6
1990-07-05,10,224.1
1990-07-06,7,214.6
1990-07-07,6,208.7
1990-07-08,10,183.4
1990-07-09,5,165.4
1990-07-10,14,158.7
1990-07-11,7,155.1
1990-07-12,8,155.7
1990-07-13,13,156.3
1990-07-14,12,150.4
1990-07-15,8,144.3
1990-07-16,7,141.8
1990-07-17,6,142.9
1990-07-18,8,140.1
1990-07-19,16,140.7
1990-07-20,16,149.1
1990-07-21,7,154.2
1990-07-22,6,160.8
1990-07-23,4,174.8
1990-07-24,4,180.8
1990-07-25,4,207.1
1990-07-26,14,203.5
1990-07-27,9,191.2
1990-07-28,102,187.3
1990-07-29,75,175.0
1990-07-30,12,182.7
1990-07-31,6,178.0
1990-08-01,26,193.2
1990-08-02,9,202.6
1990-08-03,11,186.9
1990-08-04,6,185.8
1990-08-05,5,175.8
1990-08-06,9,169.8
1990-08-07,7,167.4
1990-08-08,6,179.8
1990-08-09,5,178.3
1990-08-10,6,181.3
1990-08-11,9,182.2
1990-08-12,7,183.3
1990-08-13,12,187.5
1990-08-14,19,183.4
1990-08-15,26,194.6
1990-08-16,25,205.9
1990-08-17,15,222.8
1990-08-18,12,240.2
1990-08-19,14,261.7
1990-08-20,19,282.0
1990-08-21,38,291.5
1990-08-22,49,315.6
1990-08-23,77,315.7
1990-08-24,24,322.1
1990-08-25,6,297.5
1990-08-26,63,279.2
1990-08-27,15,263.8
1990-08-28,6,245.3
1990-08-29,11,220.8
1990-08-30,26,206.4
1990-08-31,16,179.6
1990-09-01,26,168.3
1990-09-02,2,166.0
1990-09-03,4,159.8
1990-09-04,8,155.6
1990-09-05,11,155.0
1990-09-06,12,155.2
1990-09-07,14,162.6
1990-09-08,8,161.1
1990-09-09,10,168.0
1990-09-10,11,168.8
1990-09-11,25,178.2
1990-09-12,19,190.9
1990-09-13,19,195.6
1990-09-14,19,207.0
1990-09-15,22,205.0
1990-09-16,23,203.0
1990-09-17,12,208.6
1990-09-18,19,205.6
1990-09-19,16,211.9
1990-09-20,16,202.3
1990-09-21,15,201.6
1990-09-22,20,193.9
1990-09-23,13,184.2
1990-09-24,13,177.6
1990-09-25,11,166.1
1990-09-26,12,158.8
1990-09-27,8,152.0
1990-09-28,9,151.5
1990-09-29,7,149.7
1990-09-30,5,157.4
1990-10-01,2,160.2
1990-10-02,5,162.6
1990-10-03,10,177.3
1990-10-04,16,186.7
1990-10-05,10,170.0
1990-10-06,12,170.1
1990-10-07,8,169.5
1990-10-08,4,176.2
1990-10-09,12,184.4
1990-10-10,48,195.3
1990-10-11,42,205.8
1990-10-12,31,201.5
1990-10-13,16,210.4
1990-10-14,17,221.8
1990-10-15,26,232.9
1990-10-16,10,226.0
1990-10-17,5,195.0
1990-10-18,5,199.7
1990-10-19,9,216.0
1990-10-20,23,203.4
1990-10-21,11,190.4
1990-10-22,10,169.5
1990-10-23,10,165.7
1990-10-24,25,159.3
1990-10-25,9,163.7
1990-10-26,10,155.4
1990-10-27,8,164.5
1990-10-28,4,152.9
1990-10-29,10,158.1
1990-10-30,20,153.2
1990-10-31,25,143.8
1990-11-01,9,143.8
1990-11-02,10,140.7
1990-11-03,6,152.6
1990-11-04,3,157.3
1990-11-05,2,172.7
1990-11-06,2,199.9
1990-11-07,6,218.2
1990-11-08,8,215.8
1990-11-09,12,205.1
1990-11-10,12,194.9
1990-11-11,12,198.9
1990-11-12,5,194.9
1990-11-13,3,185.3
1990-11-14,1,202.3
1990-11-15,3,211.9
1990-11-16,17,212.0
1990-11-17,16,222.1
1990-11-18,15,203.5
1990-11-19,10,195.8
1990-11-20,7,191.4
1990-11-21,10,182.0
1990-11-22,3,181.9
1990-11-23,4,176.1
1990-11-24,2,171.6
1990-11-25,4,166.6
1990-11-26,9,157.3
1990-11-27,45,159.2
1990-11-28,18,171.7
1990-11-29,5,167.8
1990-11-30,8,174.4
1990-12-01,5,177.5
1990-12-02,5,183.1
1990-12-03,6,193.1
1990-12-04,17,205.2
1990-12-05,13,213.2
1990-12-06,7,227.7
1990-12-07,4,228.8
1990-12-08,8,230.4
1990-12-09,5,237.4
1990-12-10,2,240.7
1990-12-11,2,240.8
1990-12-12,7,235.2
1990-12-13,15,226.5
1990-12-14,8,201.5
1990-12-15,6,199.4
1990-12-16,8,192.2
1990-12-17,6,198.7
1990-12-18,5,208.2
1990-12-19,2,197.5
1990-12-20,8,187.6
1990-12-21,3,191.9
1990-12-22,3,184.1
1990-12-23,7,191.9
1990-12-24,15,191.2
1990-12-25,10,191.2
1990-12-26,4,194.5
1990-12-27,6,198.4
1990-12-28,4,199.0
1990-12-29,4,202.2
1990-12-30,12,196.1
1990-12-31,9,186.8
1991-01-01,8,186.8
1991-01-02,10,181.8
1991-01-03,11,175.8
1991-01-04,8,176.0
1991-01-05,8,178.8
1991-01-06,4,185.8
1991-01-07,3,206.5
1991-01-08,8,215.0
1991-01-09,8,216.3
1991-01-10,9,221.9
1991-01-11,7,216.5
1991-01-12,19,208.4
1991-01-13,12,196.9
1991-01-14,4,190.7
1991-01-15,12,190.8
1991-01-16,7,187.9
1991-01-17,11,208.7
1991-01-18,10,203.3
1991-01-19,4,198.6
1991-01-20,5,203.9
1991-01-21,4,202.3
1991-01-22,4,224.5
1991-01-23,6,223.0
1991-01-24,22,244.4
1991-01-25,13,269.2
1991-01-26,11,285.6
1991-01-27,7,303.0
1991-01-28,5,323.6
1991-01-29,4,355.1
1991-01-30,4,370.1
1991-01-31,14,359.1
1991-02-01,28,316.5
1991-02-02,12,297.9
1991-02-03,5,265.9
1991-02-04,6,246.1
1991-02-05,8,222.7
1991-02-06,6,204.4
1991-02-07,10,198.1
1991-02-08,14,198.0
1991-02-09,17,178.7
1991-02-10,8,174.0
1991-02-11,16,181.1
1991-02-12,13,186.4
1991-02-13,11,186.8
1991-02-14,8,188.6
1991-02-15,9,196.6
1991-02-16,5,205.3
1991-02-17,4,215.2
1991-02-18,4,265.7
1991-02-19,8,276.0
1991-02-20,6,290.2
1991-02-21,8,305.8
1991-02-22,14,309.2
1991-02-23,21,318.1
1991-02-24,6,319.6
1991-02-25,11,294.3
1991-02-26,8,277.2
1991-02-27,9,253.6
1991-02-28,18,232.3
1991-03-01,13,220.5
1991-03-02,9,211.3
1991-03-03,6,210.0
1991-03-04,9,222.7
1991-03-05,22,211.6
1991-03-06,24,209.9
1991-03-07,24,217.8
1991-03-08,17,212.2
1991-03-09,25,218.8
1991-03-10,21,225.9
1991-03-11,4,224.8
1991-03-12,17,231.6
1991-03-13,27,241.9
1991-03-14,7,244.4
1991-03-15,6,244.9
1991-03-16,8,261.2
1991-03-17,13,247.9
1991-03-18,9,277.4
1991-03-19,12,267.3
1991-03-20,12,256.3
1991-03-21,26,255.1
1991-03-22,20,259.6
1991-03-23,11,234.9
1991-03-24,161,262.0
1991-03-25,130,236.5
1991-03-26,114,230.5
1991-03-27,31,203.8
1991-03-28,20,198.4
1991-03-29,4,193.5
1991-03-30,26,201.8
1991-03-31,9,195.0
1991-04-01,29,193.1
1991-04-02,22,189.2
1991-04-03,37,195.9
1991-04-04,50,195.0
1991-04-05,15,196.5
1991-04-06,14,199.6
1991-04-07,10,192.2
1991-04-08,6,182.3
1991-04-09,10,203.5
1991-04-10,8,222.7
1991-04-11,5,230.5
1991-04-12,13,253.1
1991-04-13,5,241.2
1991-04-14,6,267.7
1991-04-15,6,261.4
1991-04-16,5,267.1
1991-04-17,13,252.3
1991-04-18,12,237.1
1991-04-19,14,230.0
1991-04-20,4,233.1
1991-04-21,6,179.8
1991-04-22,8,166.9
1991-04-23,8,147.4
1991-04-24,11,135.8
1991-04-25,17,136.4
1991-04-26,12,136.6
1991-04-27,24,142.7
1991-04-28,33,156.3
1991-04-29,59,158.7
1991-04-30,34,159.3
1991-05-01,27,161.1
1991-05-02,45,157.1
1991-05-03,16,157.0
1991-05-04,9,163.1
1991-05-05,5,180.1
1991-05-06,5,203.6
1991-05-07,6,211.4
1991-05-08,10,231.3
1991-05-09,12,225.7
1991-05-10,9,232.5
1991-05-11,3,229.8
1991-05-12,4,248.5
1991-05-13,27,215.1
1991-05-14,33,208.3
1991-05-15,8,193.4
1991-05-16,15,189.2
1991-05-17,35,172.3
1991-05-18,4,170.2
1991-05-19,4,159.0
1991-05-20,4,148.2
1991-05-21,7,149.3
1991-05-22,17,148.2
1991-05-23,21,154.7
1991-05-24,26,158.7
1991-05-25,35,174.3
1991-05-26,23,186.5
1991-05-27,21,197.7
1991-05-28,31,215.5
1991-05-29,22,224.9
1991-05-30,12,207.8
1991-05-31,52,224.4
1991-06-01,74,218.7
1991-06-02,60,236.3
1991-06-03,16,220.4
1991-06-04,58,238.6
1991-06-05,196,250.7
1991-06-06,49,234.3
1991-06-07,27,229.7
1991-06-08,26,243.3
1991-06-09,58,238.0
1991-06-10,119,238.8
1991-06-11,88,235.5
1991-06-12,66,229.6
1991-06-13,120,217.9
1991-06-14,8,200.9
1991-06-15,13,196.9
1991-06-16,5,184.6
1991-06-17,67,176.4
1991-06-18,26,173.1
1991-06-19,28,175.0
1991-06-20,14,166.3
1991-06-21,25,169.5
1991-06-22,18,169.8
1991-06-23,47,161.3
1991-06-24,31,168.3
1991-06-25,24,173.1
1991-06-26,22,185.1
1991-06-27,10,199.6
1991-06-28,9,210.5
1991-06-29,5,226.8
1991-06-30,21,235.7
1991-07-01,11,242.1
1991-07-02,21,243.6
1991-07-03,29,248.9
1991-07-04,13,247.1
1991-07-05,4,251.1
1991-07-06,8,232.9
1991-07-07,7,218.7
1991-07-08,68,204.3
1991-07-09,117,194.1
1991-07-10,19,193.7
1991-07-11,20,195.7
1991-07-12,28,203.1
1991-07-13,134,195.7
1991-07-14,75,188.6
1991-07-15,12,185.8
1991-07-16,22,167.1
1991-07-17,41,158.7
1991-07-18,21,188.6
1991-07-19,40,178.3
1991-07-20,28,198.8
1991-07-21,32,214.7
1991-07-22,23,223.0
1991-07-23,14,226.8
1991-07-24,6,233.4
1991-07-25,11,230.2
1991-07-26,5,219.7
1991-07-27,8,212.9
1991-07-28,6,212.8
1991-07-29,6,219.9
1991-07-30,8,221.6
1991-07-31,6,219.2
1991-08-01,36,225.2
1991-08-02,52,207.0
1991-08-03,42,213.1
1991-08-04,44,193.1
1991-08-05,32,174.3
1991-08-06,32,166.6
1991-08-07,16,165.3
1991-08-08,11,159.1
1991-08-09,15,150.4
1991-08-10,8,141.8
1991-08-11,24,138.6
1991-08-12,64,146.8
1991-08-13,8,155.4
1991-08-14,19,175.1
1991-08-15,36,214.9
1991-08-16,19,264.0
1991-08-17,21,271.0
1991-08-18,26,283.5
1991-08-19,74,289.6
1991-08-20,67,286.4
1991-08-21,41,285.2
1991-08-22,48,285.0
1991-08-23,13,270.9
1991-08-24,11,249.9
1991-08-25,10,238.3
1991-08-26,8,210.3
1991-08-27,37,196.3
1991-08-28,16,189.9
1991-08-29,14,195.3
1991-08-30,49,195.6
1991-08-31,52,181.8
1991-09-01,47,175.9
1991-09-02,28,181.0
1991-09-03,16,175.1
1991-09-04,12,170.9
1991-09-05,21,163.5
1991-09-06,14,176.2
1991-09-07,14,174.4
1991-09-08,22,196.1
1991-09-09,49,180.7
1991-09-10,37,184.6
1991-09-11,22,177.5
1991-09-12,8,183.1
1991-09-13,13,184.8
1991-09-14,26,181.3
1991-09-15,9,180.1
1991-09-16,7,174.3
1991-09-17,5,176.9
1991-09-18,6,181.2
1991-09-19,10,172.4
1991-09-20,8,169.7
1991-09-21,5,176.6
1991-09-22,7,187.6
1991-09-23,4,184.9
1991-09-24,7,179.8
1991-09-25,50,180.9
1991-09-26,37,200.6
1991-09-27,48,177.9
1991-09-28,40,175.6
1991-09-29,18,194.7
1991-09-30,24,199.8
1991-10-01,54,207.5
1991-10-02,67,220.5
1991-10-03,19,211.5
1991-10-04,35,212.5
1991-10-05,15,193.4
1991-10-06,23,182.0
1991-10-07,32,180.2
1991-10-08,41,179.0
1991-10-09,14,184.1
1991-10-10,30,179.7
1991-10-11,12,178.9
1991-10-12,6,188.0
1991-10-13,7,183.3
1991-10-14,8,187.1
1991-10-15,5,178.7
1991-10-16,4,181.4
1991-10-17,6,169.4
1991-10-18,11,157.7
1991-10-19,12,154.3
1991-10-20,22,156.9
1991-10-21,28,168.4
1991-10-22,22,184.5
1991-10-23,22,194.0
1991-10-24,23,230.5
1991-10-25,38,240.1
1991-10-26,32,251.1
1991-10-27,50,249.4
1991-10-28,98,271.0
1991-10-29,128,272.5
1991-10-30,34,261.7
1991-10-31,59,231.5
1991-11-01,109,230.2
1991-11-02,41,218.2
1991-11-03,17,186.1
1991-11-04,38,176.9
1991-11-05,27,175.6
1991-11-06,18,186.7
1991-11-07,12,193.5
1991-11-08,98,200.4
1991-11-09,119,197.4
1991-11-10,22,195.2
1991-11-11,20,197.6
1991-11-12,10,192.4
1991-11-13,13,181.2
1991-11-14,18,183.5
1991-11-15,30,173.2
1991-11-16,25,165.5
1991-11-17,22,164.5
1991-11-18,30,163.3
1991-11-19,56,158.3
1991-11-20,18,153.2
1991-11-21,65,145.0
1991-11-22,57,139.2
1991-11-23,33,136.4
1991-11-24,14,131.4
1991-11-25,11,134.4
1991-11-26,8,144.1
1991-11-27,7,153.0
1991-11-28,10,154.6
1991-11-29,16,161.0
1991-11-30,13,167.8
1991-12-01,10,172.4
1991-12-02,18,170.9
1991-12-03,12,182.9
1991-12-04,15,190.6
1991-12-05,9,191.8
1991-12-06,5,197.3
1991-12-07,6,209.0
1991-12-08,8,226.3
1991-12-09,10,257.4
1991-12-10,15,260.3
1991-12-11,14,245.3
1991-12-12,13,243.3
1991-12-13,15,254.4
1991-12-14,17,229.4
1991-12-15,7,213.2
1991-12-16,20,232.5
1991-12-17,35,198.3
1991-12-18,12,195.3
1991-12-19,13,187.8
1991-12-20,10,198.2
1991-12-21,27,192.4
1991-12-22,6,223.2
1991-12-23,14,226.3
1991-12-24,10,229.8
1991-12-25,7,259.2
1991-12-26,9,260.8
1991-12-27,36,252.0
1991-12-28,23,272.3
1991-12-29,29,254.4
1991-12-30,16,272.1
1991-12-31,9,243.0
1992-01-01,12,248.5
1992-01-02,22,260.2
1992-01-03,16,279.6
1992-01-04,16,274.7
1992-01-05,12,266.5
1992-01-06,13,254.1
1992-01-07,8,262.4
1992-01-08,16,261.7
1992-01-09,7,257.3
1992-01-10,14,232.8
1992-01-11,26,209.3
1992-01-12,22,188.6
1992-01-13,27,183.3
1992-01-14,21,178.6
1992-01-15,18,173.3
1992-01-16,27,161.3
1992-01-17,10,155.6
1992-01-18,7,151.9
1992-01-19,6,160.1
1992-01-20,14,168.3
1992-01-21,7,174.2
1992-01-22,7,173.0
1992-01-23,4,173.1
1992-01-24,4,178.4
1992-01-25,4,202.2
1992-01-26,7,209.0
1992-01-27,22,220.7
1992-01-28,14,237.7
1992-01-29,14,266.2
1992-01-30,22,280.3
1992-01-31,15,302.3
1992-02-01,29,283.8
1992-02-02,56,288.3
1992-02-03,92,270.9
1992-02-04,27,251.5
1992-02-05,7,246.3
1992-02-06,7,238.6
1992-02-07,17,240.6
1992-02-08,49,225.0
1992-02-09,79,235.6
1992-02-10,25,240.8
1992-02-11,7,224.2
1992-02-12,11,210.3
1992-02-13,10,198.0
1992-02-14,10,203.7
1992-02-15,4,202.8
1992-02-16,4,200.0
1992-02-17,16,206.5
1992-02-18,14,206.4
1992-02-19,13,195.7
1992-02-20,63,203.5
1992-02-21,69,217.1
1992-02-22,27,234.5
1992-02-23,16,249.3
1992-02-24,28,255.4
1992-02-25,55,253.4
1992-02-26,65,252.9
1992-02-27,60,244.2
1992-02-28,7,233.2
1992-02-29,44,217.8
1992-03-01,16,200.4
1992-03-02,12,181.4
1992-03-03,11,163.0
1992-03-04,13,159.7
1992-03-05,12,154.8
1992-03-06,8,155.5
1992-03-07,10,159.6
1992-03-08,11,182.0
1992-03-09,25,171.7
1992-03-10,17,169.3
1992-03-11,20,165.2
1992-03-12,12,163.7
1992-03-13,6,165.2
1992-03-14,4,164.7
1992-03-15,9,169.0
1992-03-16,13,161.3
1992-03-17,25,159.1
1992-03-18,17,160.4
1992-03-19,4,167.4
1992-03-20,4,168.5
1992-03-21,23,167.6
1992-03-22,17,160.7
1992-03-23,26,166.3
1992-03-24,22,175.7
1992-03-25,16,186.0
1992-03-26,12,178.6
1992-03-27,11,180.7
1992-03-28,10,186.0
1992-03-29,18,192.8
1992-03-30,12,182.4
1992-03-31,14,191.4
1992-04-01,13,186.1
1992-04-02,6,161.2
1992-04-03,32,159.7
1992-04-04,12,153.9
1992-04-05,15,154.4
1992-04-06,24,142.7
1992-04-07,19,141.5
1992-04-08,20,151.2
1992-04-09,6,139.7
1992-04-10,5,140.6
1992-04-11,3,143.3
1992-04-12,4,143.9
1992-04-13,6,146.3
1992-04-14,6,154.1
1992-04-15,10,149.3
1992-04-16,5,157.7
1992-04-17,4,184.1
1992-04-18,19,203.0
1992-04-19,17,205.7
1992-04-20,18,204.5
1992-04-21,8,195.1
1992-04-22,12,182.7
1992-04-23,8,172.7
1992-04-24,13,160.9
1992-04-25,10,153.8
1992-04-26,8,143.2
1992-04-27,5,137.2
1992-04-28,10,128.5
1992-04-29,7,130.5
1992-04-30,10,127.9
1992-05-01,15,130.9
1992-05-02,12,135.8
1992-05-03,9,125.7
1992-05-04,12,134.7
1992-05-05,5,133.0
1992-05-06,5,130.6
1992-05-07,13,129.1
1992-05-08,29,142.6
1992-05-09,39,126.7
1992-05-10,179,124.4
1992-05-11,70,126.3
1992-05-12,11,125.1
1992-05-13,21,125.6
1992-05-14,4,126.5
1992-05-15,5,122.1
1992-05-16,4,115.9
1992-05-17,3,112.9
1992-05-18,16,117.4
1992-05-19,14,131.4
1992-05-20,8,137.0
1992-05-21,8,141.9
1992-05-22,50,144.8
1992-05-23,14,142.0
1992-05-24,8,133.5
1992-05-25,10,122.9
1992-05-26,8,118.9
1992-05-27,10,114.6
1992-05-28,13,110.9
1992-05-29,19,105.2
1992-05-30,14,99.0
1992-05-31,8,99.0
1992-06-01,8,98.6
1992-06-02,5,102.1
1992-06-03,6,106.9
1992-06-04,4,108.3
1992-06-05,6,115.0
1992-06-06,5,119.6
1992-06-07,12,115.7
1992-06-08,46,115.2
1992-06-09,17,118.6
1992-06-10,20,125.4
1992-06-11,26,129.0
1992-06-12,40,126.7
1992-06-13,12,123.6
1992-06-14,6,123.3
1992-06-15,10,120.8
1992-06-16,4,119.1
1992-06-17,5,130.1
1992-06-18,27,116.0
1992-06-19,12,115.3
1992-06-20,7,113.1
1992-06-21,9,117.4
1992-06-22,10,116.1
1992-06-23,13,121.5
1992-06-24,22,117.9
1992-06-25,14,123.3
1992-06-26,8,111.6
1992-06-27,11,109.5
1992-06-28,15,108.3
1992-06-29,38,110.7
1992-06-30,37,122.9
1992-07-01,19,129.8
1992-07-02,16,136.6
1992-07-03,5,136.5
1992-07-04,4,136.7
1992-07-05,9,145.7
1992-07-06,5,150.4
1992-07-07,4,154.7
1992-07-08,5,151.5
1992-07-09,4,159.6
1992-07-10,6,170.0
1992-07-11,4,168.3
1992-07-12,15,172.0
1992-07-13,23,175.6
1992-07-14,12,175.5
1992-07-15,6,167.8
1992-07-16,12,157.6
1992-07-17,5,135.9
1992-07-18,5,126.1
1992-07-19,4,118.5
1992-07-20,8,123.5
1992-07-21,11,108.3
1992-07-22,34,104.3
1992-07-23,16,98.8
1992-07-24,7,100.1
1992-07-25,11,98.4
1992-07-26,4,101.1
1992-07-27,7,100.3
1992-07-28,17,95.6
1992-07-29,5,98.1
1992-07-30,9,96.9
1992-07-31,10,103.2
1992-08-01,8,110.3
1992-08-02,5,124.5
1992-08-03,4,131.3
1992-08-04,15,130.9
1992-08-05,35,130.5
1992-08-06,16,138.0
1992-08-07,26,141.5
1992-08-08,16,143.5
1992-08-09,12,137.3
1992-08-10,7,132.7
1992-08-11,13,130.4
1992-08-12,6,128.3
1992-08-13,11,128.9
1992-08-14,15,128.7
1992-08-15,8,130.5
1992-08-16,8,136.6
1992-08-17,4,133.8
1992-08-18,6,129.6
1992-08-19,9,134.8
1992-08-20,26,155.5
1992-08-21,20,124.9
1992-08-22,39,121.6
1992-08-23,73,110.7
1992-08-24,10,101.8
1992-08-25,5,98.1
1992-08-26,11,92.5
1992-08-27,14,93.8
1992-08-28,5,95.7
1992-08-29,16,95.3
1992-08-30,6,94.8
1992-08-31,4,97.2
1992-09-01,2,99.8
1992-09-02,23,104.5
1992-09-03,48,107.0
1992-09-04,33,104.7
1992-09-05,28,119.3
1992-09-06,17,139.2
1992-09-07,22,131.7
1992-09-08,18,128.9
1992-09-09,84,116.9
1992-09-10,88,116.9
1992-09-11,32,118.6
1992-09-12,5,117.3
1992-09-13,5,127.3
1992-09-14,8,121.7
1992-09-15,10,120.2
1992-09-16,12,126.6
1992-09-17,93,119.4
1992-09-18,31,117.5
1992-09-19,13,112.5
1992-09-20,8,106.3
1992-09-21,7,109.5
1992-09-22,17,111.6
1992-09-23,9,111.9
1992-09-24,4,112.0
1992-09-25,11,115.9
1992-09-26,8,116.7
1992-09-27,4,121.1
1992-09-28,16,116.2
1992-09-29,62,117.3
1992-09-30,35,115.9
1992-10-01,26,117.9
1992-10-02,9,119.4
1992-10-03,6,120.1
1992-10-04,7,126.1
1992-10-05,5,130.2
1992-10-06,10,137.4
1992-10-07,8,136.1
1992-10-08,8,125.6
1992-10-09,26,121.3
1992-10-10,10,112.5
1992-10-11,24,110.5
1992-10-12,34,107.0
1992-10-13,23,108.7
1992-10-14,25,105.5
1992-10-15,35,98.4
1992-10-16,22,100.6
1992-10-17,16,106.6
1992-10-18,12,112.3
1992-10-19,16,124.5
1992-10-20,12,133.1
1992-10-21,6,140.6
1992-10-22,9,150.7
1992-10-23,5,141.8
1992-10-24,3,146.8
1992-10-25,7,161.2
1992-10-26,14,169.9
1992-10-27,31,171.1
1992-10-28,19,174.7
1992-10-29,27,163.8
1992-10-30,16,158.0
1992-10-31,10,149.6
1992-11-01,16,147.1
1992-11-02,23,141.0
1992-11-03,17,135.1
1992-11-04,25,142.8
1992-11-05,15,136.0
1992-11-06,14,132.9
1992-11-07,12,134.9
1992-11-08,11,132.2
1992-11-09,42,132.4
1992-11-10,12,136.4
1992-11-11,19,134.8
1992-11-12,16,127.4
1992-11-13,17,124.9
1992-11-14,12,126.1
1992-11-15,19,126.9
1992-11-16,10,136.7
1992-11-17,8,152.3
1992-11-18,7,161.9
1992-11-19,7,160.9
1992-11-20,4,158.8
1992-11-21,7,
1992-11-22,17,166.2
1992-11-23,31,176.2
1992-11-24,12,173.8
1992-11-25,12,166.8
1992-11-26,10,162.5
1992-11-27,5,156.8
1992-11-28,6,148.7
1992-11-29,5,139.8
1992-11-30,13,139.8
1992-12-01,17,131.4
1992-12-02,9,130.3
1992-12-03,15,125.5
1992-12-04,15,119.8
1992-12-05,7,116.3
1992-12-06,5,119.8
1992-12-07,16,120.1
1992-12-08,26,129.0
1992-12-09,19,134.0
1992-12-10,17,142.2
1992-12-11,10,164.4
1992-12-12,8,168.6
1992-12-13,8,173.3
1992-12-14,10,167.2
1992-12-15,14,155.5
1992-12-16,6,150.7
1992-12-17,25,150.3
1992-12-18,9,149.8
1992-12-19,11,147.0
1992-12-20,13,147.9
1992-12-21,14,145.4
1992-12-22,7,142.1
1992-12-23,8,143.8
1992-12-24,8,136.3
1992-12-25,5,136.2
1992-12-26,4,131.3
1992-12-27,8,125.0
1992-12-28,39,127.2
1992-12-29,42,125.1
1992-12-30,10,125.7
1992-12-31,11,129.7
1993-01-01,10,122.3
1993-01-02,24,121.4
1993-01-03,33,124.7
1993-01-04,31,121.1
1993-01-05,17,124.9
1993-01-06,16,130.1
1993-01-07,23,130.6
1993-01-08,15,132.9
1993-01-09,16,128.8
1993-01-10,25,132.1
1993-01-11,21,131.7
1993-01-12,12,140.2
1993-01-13,12,141.3
1993-01-14,22,133.1
1993-01-15,14,126.0
1993-01-16,11,133.4
1993-01-17,13,126.0
1993-01-18,11,121.6
1993-01-19,22,116.4
1993-01-20,14,110.0
1993-01-21,7,106.6
1993-01-22,7,104.2
1993-01-23,4,106.0
1993-01-24,10,104.8
1993-01-25,25,105.8
1993-01-26,22,106.5
1993-01-27,11,110.9
1993-01-28,7,112.0
1993-01-29,5,114.0
1993-01-30,12,113.0
1993-01-31,59,119.0
1993-02-01,31,125.1
1993-02-02,21,128.3
1993-02-03,10,136.9
1993-02-04,7,147.4
1993-02-05,6,160.1
1993-02-06,5,183.8
1993-02-07,27,175.9
1993-02-08,40,188.4
1993-02-09,28,185.1
1993-02-10,17,179.6
1993-02-11,20,173.2
1993-02-12,11,148.6
1993-02-13,12,135.0
1993-02-14,6,141.4
1993-02-15,4,134.8
1993-02-16,6,133.7
1993-02-17,36,124.3
1993-02-18,13,126.0
1993-02-19,7,116.0
1993-02-20,26,123.3
1993-02-21,27,122.9
1993-02-22,30,133.1
1993-02-23,8,132.3
1993-02-24,6,135.4
1993-02-25,6,128.0
1993-02-26,5,126.2
1993-02-27,4,124.0
1993-02-28,19,123.6
1993-03-01,18,132.0
1993-03-02,24,143.5
1993-03-03,35,151.1
1993-03-04,23,166.5
1993-03-05,7,165.2
1993-03-06,8,166.6
1993-03-07,22,153.2
1993-03-08,29,146.4
1993-03-09,64,142.6
1993-03-10,15,148.7
1993-03-11,50,149.9
1993-03-12,28,160.6
1993-03-13,31,141.5
1993-03-14,23,135.7
1993-03-15,45,131.1
1993-03-16,39,121.7
1993-03-17,23,123.6
1993-03-18,18,127.3
1993-03-19,11,134.5
1993-03-20,21,128.0
1993-03-21,30,130.6
1993-03-22,25,127.5
1993-03-23,12,120.8
1993-03-24,58,115.0
1993-03-25,16,116.5
1993-03-26,8,116.9
1993-03-27,12,122.9
1993-03-28,17,126.2
1993-03-29,18,128.7
1993-03-30,19,129.0
1993-03-31,10,125.1
1993-04-01,8,123.6
1993-04-02,4,120.8
1993-04-03,4,117.0
1993-04-04,58,116.3
1993-04-05,87,118.8
1993-04-06,14,132.8
1993-04-07,12,129.7
1993-04-08,26,143.1
1993-04-09,28,135.5
1993-04-10,18,138.6
1993-04-11,8,118.8
1993-04-12,16,103.2
1993-04-13,32,97.2
1993-04-14,20,92.2
1993-04-15,28,88.2
1993-04-16,16,90.2
1993-04-17,10,95.7
1993-04-18,20,105.7
1993-04-19,9,110.9
1993-04-20,23,118.8
1993-04-21,33,119.3
1993-04-22,21,117.1
1993-04-23,12,121.5
1993-04-24,9,128.8
1993-04-25,10,124.6
1993-04-26,5,123.3
1993-04-27,4,118.0
1993-04-28,5,113.6
1993-04-29,12,106.5
1993-04-30,13,105.8
1993-05-01,7,102.6
1993-05-02,6,103.1
1993-05-03,8,107.1
1993-05-04,5,110.6
1993-05-05,6,117.9
1993-05-06,9,120.0
1993-05-07,18,130.6
1993-05-08,40,128.7
1993-05-09,48,129.0
1993-05-10,48,134.1
1993-05-11,4,132.0
1993-05-12,16,126.4
1993-05-13,10,119.8
1993-05-14,14,112.1
1993-05-15,13,104.4
1993-05-16,12,98.8
1993-05-17,18,96.2
1993-05-18,7,91.3
1993-05-19,11,90.9
1993-05-20,7,91.1
1993-05-21,3,91.0
1993-05-22,4,91.8
1993-05-23,2,94.9
1993-05-24,3,98.4
1993-05-25,2,99.8
1993-05-26,4,107.5
1993-05-27,18,119.5
1993-05-28,23,125.8
1993-05-29,10,129.0
1993-05-30,4,140.1
1993-05-31,5,138.2
1993-06-01,4,136.6
1993-06-02,6,139.4
1993-06-03,14,136.4
1993-06-04,54,129.9
1993-06-05,36,133.8
1993-06-06,18,127.5
1993-06-07,21,112.3
1993-06-08,14,111.8
1993-06-09,6,115.4
1993-06-10,28,112.6
1993-06-11,9,101.8
1993-06-12,12,93.3
1993-06-13,12,86.6
1993-06-14,8,83.7
1993-06-15,5,82.0
1993-06-16,3,82.3
1993-06-17,4,83.4
1993-06-18,3,84.7
1993-06-19,5,86.0
1993-06-20,5,91.2
1993-06-21,2,91.0
1993-06-22,5,96.6
1993-06-23,17,109.4
1993-06-24,26,121.4
1993-06-25,18,118.7
1993-06-26,7,122.0
1993-06-27,6,127.5
1993-06-28,4,123.7
1993-06-29,10,122.6
1993-06-30,10,116.4
1993-07-01,22,108.1
1993-07-02,29,109.9
1993-07-03,21,110.5
1993-07-04,8,106.5
1993-07-05,5,100.5
1993-07-06,5,95.2
1993-07-07,8,93.4
1993-07-08,14,93.3
1993-07-09,15,90.2
1993-07-10,12,86.1
1993-07-11,20,83.0
1993-07-12,8,85.8
1993-07-13,10,86.6
1993-07-14,3,92.6
1993-07-15,5,93.2
1993-07-16,4,97.1
1993-07-17,3,99.3
1993-07-18,5,100.4
1993-07-19,5,100.8
1993-07-20,16,102.2
1993-07-21,14,105.4
1993-07-22,10,107.7
1993-07-23,6,109.8
1993-07-24,4,106.4
1993-07-25,5,101.9
1993-07-26,4,103.6
1993-07-27,10,103.2
1993-07-28,6,101.5
1993-07-29,18,100.4
1993-07-30,6,97.9
1993-07-31,6,96.2
1993-08-01,3,99.8
1993-08-02,3,100.7
1993-08-03,6,97.9
1993-08-04,25,96.1
1993-08-05,18,94.3
1993-08-06,14,94.4
1993-08-07,15,91.3
1993-08-08,7,90.9
1993-08-09,11,96.5
1993-08-10,7,101.8
1993-08-11,4,108.3
1993-08-12,6,100.5
1993-08-13,4,96.7
1993-08-14,2,92.2
1993-08-15,14,90.5
1993-08-16,78,90.1
1993-08-17,27,92.8
1993-08-18,18,92.1
1993-08-19,12,91.7
1993-08-20,6,91.6
1993-08-21,4,94.8
1993-08-22,6,94.0
1993-08-23,3,92.8
1993-08-24,4,90.6
1993-08-25,4,88.7
1993-08-26,6,88.3
1993-08-27,26,87.6
1993-08-28,11,88.4
1993-08-29,10,90.0
1993-08-30,4,89.0
1993-08-31,5,89.0
1993-09-01,3,85.5
1993-09-02,6,81.1
1993-09-03,36,79.6
1993-09-04,25,79.2
1993-09-05,13,79.7
1993-09-06,12,78.9
1993-09-07,8,78.4
1993-09-08,8,79.1
1993-09-09,5,79.0
1993-09-10,4,79.1
1993-09-11,6,78.8
1993-09-12,16,78.5
1993-09-13,91,80.1
1993-09-14,28,81.7
1993-09-15,16,84.7
1993-09-16,6,88.0
1993-09-17,4,85.1
1993-09-18,4,85.3
1993-09-19,4,84.3
1993-09-20,21,79.7
1993-09-21,14,80.0
1993-09-22,6,79.2
1993-09-23,12,81.5
1993-09-24,18,89.5
1993-09-25,11,96.0
1993-09-26,10,106.3
1993-09-27,9,104.4
1993-09-28,8,111.3
1993-09-29,24,116.4
1993-09-30,18,120.6
1993-10-01,26,116.9
1993-10-02,7,126.8
1993-10-03,5,124.7
1993-10-04,6,121.5
1993-10-05,5,123.8
1993-10-06,13,118.1
1993-10-07,3,116.7
1993-10-08,16,113.4
1993-10-09,48,110.4
1993-10-10,31,107.5
1993-10-11,28,102.7
1993-10-12,18,97.8
1993-10-13,11,95.0
1993-10-14,8,91.3
1993-10-15,3,94.1
1993-10-16,5,90.9
1993-10-17,8,90.0
1993-10-18,7,87.4
1993-10-19,9,88.8
1993-10-20,4,94.4
1993-10-21,5,95.1
1993-10-22,16,92.2
1993-10-23,12,92.4
1993-10-24,10,91.7
1993-10-25,40,87.0
1993-10-26,17,88.5
1993-10-27,38,87.1
1993-10-28,21,88.5
1993-10-29,11,91.8
1993-10-30,3,91.3
1993-10-31,7,91.5
1993-11-01,11,91.4
1993-11-02,4,93.3
1993-11-03,15,93.9
1993-11-04,77,95.7
1993-11-05,34,96.4
1993-11-06,26,96.7
1993-11-07,23,95.2
1993-11-08,17,91.9
1993-11-09,11,90.5
1993-11-10,12,90.0
1993-11-11,6,88.8
1993-11-12,4,90.8
1993-11-13,8,94.2
1993-11-14,14,94.4
1993-11-15,13,102.2
1993-11-16,10,100.4
1993-11-17,6,100.0
1993-11-18,31,102.6
1993-11-19,31,101.1
1993-11-20,9,100.5
1993-11-21,8,97.2
1993-11-22,5,99.3
1993-11-23,7,100.4
1993-11-24,5,100.0
1993-11-25,6,97.2
1993-11-26,17,93.2
1993-11-27,7,89.7
1993-11-28,4,93.2
1993-11-29,11,93.8
1993-11-30,4,103.7
1993-12-01,29,108.6
1993-12-02,48,104.3
1993-12-03,37,105.6
1993-12-04,8,104.6
1993-12-05,11,101.2
1993-12-06,6,103.0
1993-12-07,20,107.0
1993-12-08,47,105.1
1993-12-09,3,98.4
1993-12-10,8,96.1
1993-12-11,7,92.5
1993-12-12,6,90.9
1993-12-13,3,87.8
1993-12-14,4,87.9
1993-12-15,11,85.4
1993-12-16,23,84.5
1993-12-17,21,83.8
1993-12-18,20,85.1
1993-12-19,12,87.0
1993-12-20,13,91.0
1993-12-21,20,92.9
1993-12-22,11,99.8
1993-12-23,11,105.0
1993-12-24,12,111.2
1993-12-25,11,119.1
1993-12-26,9,124.6
1993-12-27,7,140.4
1993-12-28,3,133.6
1993-12-29,2,128.7
1993-12-30,4,142.8
1993-12-31,20,140.8
1994-01-01,26,148.3
1994-01-02,21,146.2
1994-01-03,15,133.1
1994-01-04,6,128.8
1994-01-05,4,136.9
1994-01-06,12,132.1
1994-01-07,5,126.3
1994-01-08,6,122.9
1994-01-09,3,117.0
1994-01-10,2,110.1
1994-01-11,24,101.1
1994-01-12,29,97.8
1994-01-13,26,95.0
1994-01-14,26,90.2
1994-01-15,20,95.7
1994-01-16,19,100.3
1994-01-17,27,105.4
1994-01-18,24,100.7
1994-01-19,25,102.7
1994-01-20,14,104.9
1994-01-21,9,110.8
1994-01-22,9,113.0
1994-01-23,7,118.3
1994-01-24,4,129.1
1994-01-25,5,132.1
1994-01-26,22,127.8
1994-01-27,20,120.5
1994-01-28,16,119.3
1994-01-29,10,101.9
1994-01-30,11,99.0
1994-01-31,9,97.6
1994-02-01,5,94.4
1994-02-02,14,96.3
1994-02-03,11,97.9
1994-02-04,13,95.3
1994-02-05,32,93.1
1994-02-06,64,94.8
1994-02-07,62,95.9
1994-02-08,64,95.1
1994-02-09,37,101.0
1994-02-10,40,94.2
1994-02-11,50,93.1
1994-02-12,34,97.6
1994-02-13,40,97.8
1994-02-14,38,101.4
1994-02-15,26,103.8
1994-02-16,24,104.7
1994-02-17,11,106.4
1994-02-18,7,106.3
1994-02-19,25,108.0
1994-02-20,17,107.6
1994-02-21,95,105.4
1994-02-22,63,106.7
1994-02-23,12,107.4
1994-02-24,5,105.0
1994-02-25,14,96.7
1994-02-26,7,94.4
1994-02-27,7,94.8
1994-02-28,10,92.5
1994-03-01,12,94.1
1994-03-02,19,98.0
1994-03-03,23,100.9
1994-03-04,4,97.9
1994-03-05,8,95.7
1994-03-06,11,95.5
1994-03-07,65,91.3
1994-03-08,52,91.3
1994-03-09,64,89.9
1994-03-10,45,88.0
1994-03-11,40,88.1
1994-03-12,36,92.8
1994-03-13,27,90.1
1994-03-14,34,87.2
1994-03-15,45,87.4
1994-03-16,24,86.2
1994-03-17,36,85.1
1994-03-18,20,86.7
1994-03-19,15,89.1
1994-03-20,13,88.6
1994-03-21,28,90.7
1994-03-22,20,91.1
1994-03-23,21,91.8
1994-03-24,18,92.7
1994-03-25,17,90.9
1994-03-26,9,88.5
1994-03-27,10,88.4
1994-03-28,12,87.6
1994-03-29,6,86.1
1994-03-30,14,86.3
1994-03-31,6,85.0
1994-04-01,6,82.5
1994-04-02,53,79.3
1994-04-03,92,77.4
1994-04-04,59,77.1
1994-04-05,41,77.1
1994-04-06,48,73.2
1994-04-07,41,72.8
1994-04-08,40,72.6
1994-04-09,52,72.6
1994-04-10,39,75.3
1994-04-11,46,74.3
1994-04-12,30,73.9
1994-04-13,31,73.9
1994-04-14,26,79.4
1994-04-15,19,80.1
1994-04-16,32,81.7
1994-04-17,100,81.8
1994-04-18,20,84.2
1994-04-19,16,85.4
1994-04-20,8,86.2
1994-04-21,9,86.7
1994-04-22,7,85.4
1994-04-23,12,85.2
1994-04-24,7,83.4
1994-04-25,8,82.8
1994-04-26,5,81.0
1994-04-27,4,78.0
1994-04-28,4,77.3
1994-04-29,5,77.8
1994-04-30,2,74.9
1994-05-01,50,75.2
1994-05-02,49,75.9
1994-05-03,44,74.4
1994-05-04,26,73.1
1994-05-05,40,73.1
1994-05-06,36,74.0
1994-05-07,39,73.8
1994-05-08,37,74.4
1994-05-09,26,77.3
1994-05-10,33,79.8
1994-05-11,26,81.9
1994-05-12,11,87.4
1994-05-13,7,89.5
1994-05-14,22,90.2
1994-05-15,36,91.4
1994-05-16,29,91.3
1994-05-17,15,95.0
1994-05-18,18,93.6
1994-05-19,11,90.6
1994-05-20,6,89.8
1994-05-21,5,87.7
1994-05-22,6,84.6
1994-05-23,8,81.5
1994-05-24,20,77.9
1994-05-25,19,74.2
1994-05-26,10,71.5
1994-05-27,4,70.2
1994-05-28,44,69.5
1994-05-29,41,69.5
1994-05-30,51,69.4
1994-05-31,29,69.1
1994-06-01,24,67.6
1994-06-02,24,67.9
1994-06-03,23,68.3
1994-06-04,19,67.6
1994-06-05,21,68.3
1994-06-06,18,70.6
1994-06-07,15,77.1
1994-06-08,8,80.4
1994-06-09,8,83.0
1994-06-10,17,85.4
1994-06-11,14,86.4
1994-06-12,24,86.3
1994-06-13,13,85.0
1994-06-14,15,85.3
1994-06-15,6,88.2
1994-06-16,4,87.9
1994-06-17,8,83.9
1994-06-18,12,78.4
1994-06-19,18,77.3
1994-06-20,14,76.4
1994-06-21,9,74.4
1994-06-22,6,72.2
1994-06-23,3,73.1
1994-06-24,4,72.8
1994-06-25,3,73.1
1994-06-26,25,73.9
1994-06-27,14,73.0
1994-06-28,18,73.9
1994-06-29,26,78.8
1994-06-30,19,82.6
1994-07-01,24,86.7
1994-07-02,26,82.8
1994-07-03,11,86.4
1994-07-04,10,84.6
1994-07-05,5,83.4
1994-07-06,10,84.2
1994-07-07,17,88.1
1994-07-08,4,85.8
1994-07-09,5,85.9
1994-07-10,4,86.0
1994-07-11,4,85.6
1994-07-12,2,82.9
1994-07-13,4,81.4
1994-07-14,30,81.9
1994-07-15,21,83.0
1994-07-16,32,82.4
1994-07-17,13,80.3
1994-07-18,10,80.1
1994-07-19,11,77.6
1994-07-20,5,76.9
1994-07-21,9,77.3
1994-07-22,5,77.6
1994-07-23,6,75.8
1994-07-24,7,75.3
1994-07-25,10,75.5
1994-07-26,4,74.0
1994-07-27,13,74.3
1994-07-28,17,74.8
1994-07-29,11,75.7
1994-07-30,10,75.3
1994-07-31,9,74.5
1994-08-01,6,74.0
1994-08-02,4,75.0
1994-08-03,4,76.4
1994-08-04,3,75.2
1994-08-05,5,75.7
1994-08-06,4,75.3
1994-08-07,4,75.8
1994-08-08,2,73.8
1994-08-09,4,75.3
1994-08-10,11,77.6
1994-08-11,14,76.7
1994-08-12,18,80.8
1994-08-13,27,84.5
1994-08-14,26,88.9
1994-08-15,13,81.4
1994-08-16,9,76.8
1994-08-17,7,77.6
1994-08-18,6,77.4
1994-08-19,5,75.3
1994-08-20,7,72.3
1994-08-21,7,71.1
1994-08-22,10,70.6
1994-08-23,6,71.9
1994-08-24,6,71.9
1994-08-25,10,71.0
1994-08-26,6,72.2
1994-08-27,9,71.1
1994-08-28,7,71.0
1994-08-29,5,77.6
1994-08-30,4,83.1
1994-08-31,6,82.3
1994-09-01,12,85.8
1994-09-02,5,93.3
1994-09-03,6,96.5
1994-09-04,4,94.2
1994-09-05,8,93.6
1994-09-06,14,93.6
1994-09-07,40,90.8
1994-09-08,28,88.3
1994-09-09,35,86.1
1994-09-10,17,81.7
1994-09-11,15,81.0
1994-09-12,12,77.2
1994-09-13,12,75.5
1994-09-14,8,74.0
1994-09-15,7,71.5
1994-09-16,10,70.8
1994-09-17,9,70.3
1994-09-18,6,71.9
1994-09-19,6,70.2
1994-09-20,5,69.8
1994-09-21,6,69.9
1994-09-22,6,70.7
1994-09-23,4,71.4
1994-09-24,6,72.8
1994-09-25,18,76.2
1994-09-26,20,77.0
1994-09-27,18,74.7
1994-09-28,14,74.0
1994-09-29,6,74.4
1994-09-30,4,74.5
1994-10-01,4,74.6
1994-10-02,16,74.5
1994-10-03,88,74.2
1994-10-04,32,74.7
1994-10-05,40,79.4
1994-10-06,34,84.2
1994-10-07,41,83.8
1994-10-08,19,86.1
1994-10-09,12,87.2
1994-10-10,18,86.9
1994-10-11,20,87.6
1994-10-12,16,88.1
1994-10-13,13,93.1
1994-10-14,10,92.6
1994-10-15,12,92.7
1994-10-16,5,91.5
1994-10-17,5,91.6
1994-10-18,5,90.5
1994-10-19,8,90.7
1994-10-20,9,90.1
1994-10-21,3,87.8
1994-10-22,25,85.5
1994-10-23,53,84.2
1994-10-24,33,82.2
1994-10-25,13,89.5
1994-10-26,8,92.6
1994-10-27,4,93.1
1994-10-28,4,97.4
1994-10-29,53,98.3
1994-10-30,57,97.8
1994-10-31,37,96.6
1994-11-01,18,92.3
1994-11-02,19,91.4
1994-11-03,13,87.3
1994-11-04,22,84.0
1994-11-05,19,83.4
1994-11-06,43,81.1
1994-11-07,9,81.9
1994-11-08,5,80.1
1994-11-09,17,78.9
1994-11-10,17,80.0
1994-11-11,8,79.0
1994-11-12,5,80.2
1994-11-13,6,81.2
1994-11-14,9,78.7
1994-11-15,10,79.0
1994-11-16,5,79.0
1994-11-17,6,79.1
1994-11-18,6,80.0
1994-11-19,22,78.4
1994-11-20,24,78.8
1994-11-21,7,77.8
1994-11-22,6,76.3
1994-11-23,4,77.5
1994-11-24,4,78.6
1994-11-25,3,81.5
1994-11-26,36,83.2
1994-11-27,28,80.4
1994-11-28,13,79.7
1994-11-29,9,79.6
1994-11-30,21,78.3
1994-12-01,18,79.1
1994-12-02,24,79.1
1994-12-03,15,81.8
1994-12-04,6,81.9
1994-12-05,7,80.7
1994-12-06,26,78.5
1994-12-07,17,80.1
1994-12-08,14,81.2
1994-12-09,10,86.6
1994-12-10,10,86.4
1994-12-11,12,95.2
1994-12-12,15,99.5
1994-12-13,17,96.8
1994-12-14,8,94.7
1994-12-15,21,93.2
1994-12-16,17,93.1
1994-12-17,7,91.8
1994-12-18,6,87.3
1994-12-19,6,85.1
1994-12-20,10,82.4
1994-12-21,6,82.3
1994-12-22,4,82.2
1994-12-23,9,79.8
1994-12-24,34,79.6
1994-12-25,18,80.6
1994-12-26,18,79.8
1994-12-27,14,75.9
1994-12-28,10,78.9
1994-12-29,14,79.7
1994-12-30,7,76.6
1994-12-31,5,77.4
1995-01-01,4,75.4
1995-01-02,18,77.3
1995-01-03,31,76.8
1995-01-04,18,76.9
1995-01-05,23,76.3
1995-01-06,16,74.4
1995-01-07,12,74.7
1995-01-08,8,73.7
1995-01-09,7,73.8
1995-01-10,8,73.3
1995-01-11,16,75.2
1995-01-12,5,76.2
1995-01-13,8,74.9
1995-01-14,4,77.2
1995-01-15,4,80.6
1995-01-16,17,82.7
1995-01-17,37,83.5
1995-01-18,37,86.6
1995-01-19,5,90.1
1995-01-20,6,92.5
1995-01-21,8,96.4
1995-01-22,8,95.5
1995-01-23,7,96.0
1995-01-24,4,97.0
1995-01-25,5,89.5
1995-01-26,3,85.7
1995-01-27,4,88.4
1995-01-28,3,82.6
1995-01-29,33,84.5
1995-01-30,39,86.4
1995-01-31,29,86.7
1995-02-01,15,87.1
1995-02-02,26,85.9
1995-02-03,24,82.7
1995-02-04,23,86.0
1995-02-05,5,81.0
1995-02-06,10,84.3
1995-02-07,13,83.7
1995-02-08,27,85.5
1995-02-09,3,83.7
1995-02-10,2,81.4
1995-02-11,28,81.0
1995-02-12,30,81.1
1995-02-13,40,85.6
1995-02-14,28,82.4
1995-02-15,16,84.9
1995-02-16,8,85.5
1995-02-17,6,89.0
1995-02-18,10,88.7
1995-02-19,7,94.5
1995-02-20,5,90.8
1995-02-21,4,89.0
1995-02-22,2,85.2
1995-02-23,5,84.6
1995-02-24,3,83.3
1995-02-25,1,83.3
1995-02-26,15,86.1
1995-02-27,25,87.6
1995-02-28,34,90.7
1995-03-01,35,89.9
1995-03-02,26,90.2
1995-03-03,6,90.9
1995-03-04,26,89.1
1995-03-05,18,84.2
1995-03-06,4,83.5
1995-03-07,3,83.9
1995-03-08,3,80.7
1995-03-09,17,76.9
1995-03-10,19,79.1
1995-03-11,30,76.1
1995-03-12,43,76.2
1995-03-13,40,77.4
1995-03-14,21,79.0
1995-03-15,13,81.1
1995-03-16,14,84.1
1995-03-17,8,83.3
1995-03-18,4,91.7
1995-03-19,4,84.1
1995-03-20,4,89.0
1995-03-21,2,89.9
1995-03-22,3,93.5
1995-03-23,6,94.1
1995-03-24,5,94.9
1995-03-25,5,92.2
1995-03-26,30,90.2
1995-03-27,19,89.0
1995-03-28,18,83.7
1995-03-29,19,80.8
1995-03-30,8,79.6
1995-03-31,7,76.7
1995-04-01,13,75.3
1995-04-02,22,76.2
1995-04-03,2,75.2
1995-04-04,3,73.0
1995-04-05,10,72.1
1995-04-06,6,71.8
1995-04-07,100,70.5
1995-04-08,34,71.7
1995-04-09,25,72.6
1995-04-10,26,74.4
1995-04-11,22,77.7
1995-04-12,16,81.9
1995-04-13,8,82.8
1995-04-14,5,88.3
1995-04-15,4,91.4
1995-04-16,4,89.0
1995-04-17,5,88.8
1995-04-18,7,89.9
1995-04-19,6,91.8
1995-04-20,8,86.3
1995-04-21,2,84.6
1995-04-22,14,83.9
1995-04-23,22,76.7
1995-04-24,26,72.5
1995-04-25,17,70.4
1995-04-26,18,69.2
1995-04-27,30,68.1
1995-04-28,12,67.6
1995-04-29,7,68.0
1995-04-30,4,67.1
1995-05-01,3,68.6
1995-05-02,49,68.8
1995-05-03,48,69.0
1995-05-04,35,70.6
1995-05-05,43,72.9
1995-05-06,26,76.4
1995-05-07,24,77.6
1995-05-08,20,77.9
1995-05-09,10,77.7
1995-05-10,6,77.8
1995-05-11,6,76.8
1995-05-12,6,80.7
1995-05-13,9,80.5
1995-05-14,6,79.8
1995-05-15,5,85.8
1995-05-16,45,93.7
1995-05-17,30,95.1
1995-05-18,10,91.2
1995-05-19,11,86.2
1995-05-20,13,80.8
1995-05-21,5,75.1
1995-05-22,6,70.8
1995-05-23,20,68.6
1995-05-24,26,67.0
1995-05-25,11,67.1
1995-05-26,13,66.3
1995-05-27,6,65.7
1995-05-28,6,66.6
1995-05-29,7,66.8
1995-05-30,39,67.5
1995-05-31,30,68.9
1995-06-01,25,70.5
1995-06-02,18,73.2
1995-06-03,23,74.6
1995-06-04,6,79.0
1995-06-05,6,81.7
1995-06-06,7,79.4
1995-06-07,6,82.4
1995-06-08,3,84.2
1995-06-09,5,86.3
1995-06-10,8,84.4
1995-06-11,5,82.5
1995-06-12,3,80.7
1995-06-13,2,76.7
1995-06-14,5,75.6
1995-06-15,6,73.2
1995-06-16,13,70.7
1995-06-17,5,69.8
1995-06-18,14,69.5
1995-06-19,29,71.3
1995-06-20,20,71.8
1995-06-21,10,72.3
1995-06-22,7,73.0
1995-06-23,7,71.9
1995-06-24,4,71.0
1995-06-25,16,70.8
1995-06-26,17,70.8
1995-06-27,6,72.3
1995-06-28,10,74.4
1995-06-29,6,77.5
1995-06-30,26,78.1
1995-07-01,13,78.8
1995-07-02,5,77.7
1995-07-03,9,78.0
1995-07-04,7,80.7
1995-07-05,3,80.1
1995-07-06,3,80.8
1995-07-07,4,80.5
1995-07-08,5,81.4
1995-07-09,5,80.2
1995-07-10,2,77.3
1995-07-11,2,76.0
1995-07-12,3,74.2
1995-07-13,5,72.5
1995-07-14,6,74.3
1995-07-15,6,74.3
1995-07-16,30,73.4
1995-07-17,23,72.3
1995-07-18,10,72.0
1995-07-19,9,70.4
1995-07-20,9,69.6
1995-07-21,5,68.5
1995-07-22,5,68.8
1995-07-23,7,68.4
1995-07-24,26,69.2
1995-07-25,8,69.7
1995-07-26,5,69.4
1995-07-27,5,70.4
1995-07-28,6,70.3
1995-07-29,6,69.8
1995-07-30,6,69.7
1995-07-31,6,70.7
1995-08-01,4,72.5
1995-08-02,5,73.5
1995-08-03,8,73.2
1995-08-04,5,72.9
1995-08-05,6,75.0
1995-08-06,4,75.1
1995-08-07,8,73.7
1995-08-08,21,73.5
1995-08-09,22,73.4
1995-08-10,14,72.9
1995-08-11,7,72.8
1995-08-12,8,71.8
1995-08-13,12,70.8
1995-08-14,23,70.0
1995-08-15,14,71.3
1995-08-16,9,70.4
1995-08-17,11,69.7
1995-08-18,6,71.8
1995-08-19,10,71.6
1995-08-20,5,71.3
1995-08-21,3,71.0
1995-08-22,16,70.2
1995-08-23,12,74.2
1995-08-24,6,77.0
1995-08-25,15,77.0
1995-08-26,6,77.3
1995-08-27,7,79.8
1995-08-28,5,81.5
1995-08-29,10,78.1
1995-08-30,4,77.3
1995-08-31,3,75.5
1995-09-01,4,73.6
1995-09-02,4,73.2
1995-09-03,4,73.6
1995-09-04,5,74.3
1995-09-05,34,74.6
1995-09-06,23,71.8
1995-09-07,19,70.1
1995-09-08,39,69.0
1995-09-09,15,68.7
1995-09-10,12,67.9
1995-09-11,26,68.0
1995-09-12,13,68.6
1995-09-13,18,69.2
1995-09-14,8,69.4
1995-09-15,26,70.1
1995-09-16,11,69.6
1995-09-17,6,69.7
1995-09-18,3,71.6
1995-09-19,4,73.6
1995-09-20,9,75.5
1995-09-21,6,73.8
1995-09-22,4,74.5
1995-09-23,12,74.9
1995-09-24,8,73.7
1995-09-25,4,74.0
1995-09-26,4,73.5
1995-09-27,41,72.2
1995-09-28,15,72.7
1995-09-29,3,73.7
1995-09-30,4,72.7
1995-10-01,3,72.6
1995-10-02,16,72.5
1995-10-03,21,71.0
1995-10-04,57,70.8
1995-10-05,24,69.8
1995-10-06,25,70.9
1995-10-07,26,72.8
1995-10-08,28,74.2
1995-10-09,24,76.1
1995-10-10,10,82.3
1995-10-11,14,89.4
1995-10-12,20,92.1
1995-10-13,10,87.8
1995-10-14,6,87.1
1995-10-15,5,82.9
1995-10-16,7,85.5
1995-10-17,8,84.6
1995-10-18,32,81.5
1995-10-19,31,80.4
1995-10-20,34,82.5
1995-10-21,13,80.9
1995-10-22,12,80.4
1995-10-23,19,76.6
1995-10-24,10,74.3
1995-10-25,4,73.9
1995-10-26,3,73.9
1995-10-27,6,73.9
1995-10-28,2,73.8
1995-10-29,3,73.7
1995-10-30,12,73.3
1995-10-31,18,73.3
1995-11-01,25,74.5
1995-11-02,20,73.3
1995-11-03,5,72.6
1995-11-04,10,73.2
1995-11-05,18,75.1
1995-11-06,22,74.8
1995-11-07,9,73.3
1995-11-08,6,76.3
1995-11-09,4,77.2
1995-11-10,5,78.1
1995-11-11,6,77.4
1995-11-12,10,76.2
1995-11-13,4,73.1
1995-11-14,4,75.0
1995-11-15,3,76.6
1995-11-16,4,75.9
1995-11-17,7,75.1
1995-11-18,5,75.1
1995-11-19,8,74.0
1995-11-20,4,73.2
1995-11-21,3,72.8
1995-11-22,6,72.8
1995-11-23,4,72.7
1995-11-24,2,72.2
1995-11-25,2,71.8
1995-11-26,2,72.7
1995-11-27,25,70.8
1995-11-28,10,73.5
1995-11-29,15,72.3
1995-11-30,9,74.3
1995-12-01,19,72.7
1995-12-02,11,73.3
1995-12-03,8,73.3
1995-12-04,16,72.8
1995-12-05,4,73.6
1995-12-06,4,74.0
1995-12-07,4,74.1
1995-12-08,2,74.1
1995-12-09,9,73.9
1995-12-10,5,73.5
1995-12-11,4,73.4
1995-12-12,5,72.3
1995-12-13,2,72.6
1995-12-14,5,69.8
1995-12-15,12,70.2
1995-12-16,20,69.9
1995-12-17,9,69.3
1995-12-18,3,68.6
1995-12-19,6,69.2
1995-12-20,4,69.6
1995-12-21,7,70.0
1995-12-22,20,71.2
1995-12-23,8,72.3
1995-12-24,26,72.2
1995-12-25,14,72.5
1995-12-26,15,74.1
1995-12-27,7,74.0
1995-12-28,4,76.0
1995-12-29,4,76.4
1995-12-30,3,75.3
1995-12-31,8,75.1
1996-01-01,5,75.1
1996-01-02,8,74.8
1996-01-03,8,80.8
1996-01-04,5,85.9
1996-01-05,8,84.9
1996-01-06,6,82.7
1996-01-07,4,82.5
1996-01-08,4,79.3
1996-01-09,3,75.9
1996-01-10,4,73.8
1996-01-11,4,71.5
1996-01-12,8,69.5
1996-01-13,29,69.0
1996-01-14,25,69.7
1996-01-15,16,70.2
1996-01-16,8,69.9
1996-01-17,12,70.4
1996-01-18,10,71.0
1996-01-19,10,70.8
1996-01-20,12,71.4
1996-01-21,7,71.8
1996-01-22,6,72.3
1996-01-23,5,73.3
1996-01-24,6,73.0
1996-01-25,5,73.9
1996-01-26,8,73.8
1996-01-27,7,73.8
1996-01-28,9,73.6
1996-01-29,19,74.0
1996-01-30,8,74.7
1996-01-31,10,76.7
1996-02-01,7,75.1
1996-02-02,10,76.4
1996-02-03,4,74.0
1996-02-04,6,73.5
1996-02-05,6,71.4
1996-02-06,3,71.2
1996-02-07,7,70.1
1996-02-08,7,67.5
1996-02-09,7,70.0
1996-02-10,11,69.8
1996-02-11,22,70.0
1996-02-12,14,69.1
1996-02-13,14,68.7
1996-02-14,15,68.9
1996-02-15,8,69.0
1996-02-16,9,70.1
1996-02-17,8,70.7
1996-02-18,11,70.2
1996-02-19,7,71.0
1996-02-20,8,72.2
1996-02-21,5,71.9
1996-02-22,8,71.6
1996-02-23,15,73.9
1996-02-24,20,75.7
1996-02-25,18,73.3
1996-02-26,16,72.4
1996-02-27,14,72.1
1996-02-28,8,72.2
1996-02-29,8,72.2
1996-03-01,5,71.9
1996-03-02,3,71.1
1996-03-03,6,70.2
1996-03-04,9,69.2
1996-03-05,6,69.1
1996-03-06,4,69.4
1996-03-07,2,67.8
1996-03-08,8,69.8
1996-03-09,7,67.5
1996-03-10,11,69.1
1996-03-11,28,71.8
1996-03-12,14,73.2
1996-03-13,21,71.3
1996-03-14,9,70.8
1996-03-15,6,70.4
1996-03-16,7,71.0
1996-03-17,13,70.6
1996-03-18,9,70.6
1996-03-19,15,69.9
1996-03-20,23,69.3
1996-03-21,38,70.4
1996-03-22,17,73.8
1996-03-23,8,72.1
1996-03-24,20,71.2
1996-03-25,19,72.5
1996-03-26,10,71.9
1996-03-27,11,71.8
1996-03-28,9,71.9
1996-03-29,6,70.5
1996-03-30,5,70.2
1996-03-31,5,70.1
1996-04-01,9,68.2
1996-04-02,4,70.7
1996-04-03,6,71.1
1996-04-04,12,70.2
1996-04-05,6,69.9
1996-04-06,3,68.7
1996-04-07,2,68.4
1996-04-08,5,68.4
1996-04-09,12,69.0
1996-04-10,6,68.8
1996-04-11,8,68.5
1996-04-12,26,68.3
1996-04-13,8,68.8
1996-04-14,32,68.7
1996-04-15,18,68.0
1996-04-16,9,68.3
1996-04-17,31,69.3
1996-04-18,25,70.1
1996-04-19,27,70.5
1996-04-20,17,71.5
1996-04-21,13,74.0
1996-04-22,8,72.4
1996-04-23,11,71.1
1996-04-24,5,68.6
1996-04-25,5,67.8
1996-04-26,4,68.2
1996-04-27,6,68.2
1996-04-28,4,67.7
1996-04-29,4,68.4
1996-04-30,5,68.5
1996-05-01,6,67.9
1996-05-02,5,67.9
1996-05-03,6,68.3
1996-05-04,10,69.4
1996-05-05,7,70.8
1996-05-06,4,74.6
1996-05-07,4,74.9
1996-05-08,5,76.1
1996-05-09,4,76.2
1996-05-10,5,77.5
1996-05-11,4,76.5
1996-05-12,4,73.6
1996-05-13,14,72.7
1996-05-14,11,71.8
1996-05-15,8,70.9
1996-05-16,9,71.0
1996-05-17,7,71.2
1996-05-18,2,70.3
1996-05-19,7,68.8
1996-05-20,10,68.0
1996-05-21,8,66.9
1996-05-22,6,66.4
1996-05-23,4,67.2
1996-05-24,7,67.2
1996-05-25,6,66.9
1996-05-26,6,66.9
1996-05-27,9,66.6
1996-05-28,4,66.0
1996-05-29,8,66.5
1996-05-30,7,66.5
1996-05-31,7,68.0
1996-06-01,4,68.9
1996-06-02,4,68.7
1996-06-03,4,69.3
1996-06-04,4,69.6
1996-06-05,6,70.9
1996-06-06,14,71.8
1996-06-07,4,73.7
1996-06-08,4,70.7
1996-06-09,4,70.3
1996-06-10,4,69.3
1996-06-11,4,68.4
1996-06-12,4,67.5
1996-06-13,2,68.5
1996-06-14,3,67.9
1996-06-15,6,67.3
1996-06-16,5,67.4
1996-06-17,7,67.6
1996-06-18,7,67.7
1996-06-19,12,68.5
1996-06-20,6,69.7
1996-06-21,4,70.4
1996-06-22,4,70.3
1996-06-23,4,69.7
1996-06-24,6,72.8
1996-06-25,3,72.3
1996-06-26,4,72.1
1996-06-27,6,71.6
1996-06-28,6,71.8
1996-06-29,9,71.3
1996-06-30,5,71.2
1996-07-01,7,70.9
1996-07-02,6,70.4
1996-07-03,10,69.0
1996-07-04,8,69.1
1996-07-05,10,68.6
1996-07-06,5,68.2
1996-07-07,8,71.9
1996-07-08,10,81.6
1996-07-09,3,83.6
1996-07-10,2,79.8
1996-07-11,4,77.0
1996-07-12,8,73.7
1996-07-13,7,70.2
1996-07-14,6,67.8
1996-07-15,8,67.0
1996-07-16,5,66.9
1996-07-17,8,66.8
1996-07-18,5,64.9
1996-07-19,5,66.1
1996-07-20,8,65.4
1996-07-21,7,65.1
1996-07-22,6,66.0
1996-07-23,5,66.7
1996-07-24,4,66.2
1996-07-25,6,68.2
1996-07-26,5,70.2
1996-07-27,3,73.3
1996-07-28,11,75.5
1996-07-29,4,77.9
1996-07-30,7,79.9
1996-07-31,15,80.2
1996-08-01,12,80.4
1996-08-02,9,79.6
1996-08-03,7,79.3
1996-08-04,5,77.6
1996-08-05,6,74.1
1996-08-06,7,73.0
1996-08-07,5,71.6
1996-08-08,4,69.8
1996-08-09,7,70.2
1996-08-10,4,71.6
1996-08-11,4,72.9
1996-08-12,4,70.1
1996-08-13,5,69.6
1996-08-14,12,68.8
1996-08-15,6,67.6
1996-08-16,11,67.6
1996-08-17,10,67.8
1996-08-18,5,66.7
1996-08-19,4,67.7
1996-08-20,7,68.5
1996-08-21,5,69.7
1996-08-22,5,72.8
1996-08-23,11,74.2
1996-08-24,8,74.6
1996-08-25,16,74.7
1996-08-26,10,74.2
1996-08-27,14,74.3
1996-08-28,13,73.3
1996-08-29,38,73.5
1996-08-30,16,73.3
1996-08-31,11,76.2
1996-09-01,6,73.5
1996-09-02,5,72.3
1996-09-03,3,71.2
1996-09-04,9,70.8
1996-09-05,6,70.3
1996-09-06,5,69.7
1996-09-07,7,69.5
1996-09-08,6,68.2
1996-09-09,8,67.9
1996-09-10,31,68.0
1996-09-11,19,67.6
1996-09-12,29,67.8
1996-09-13,18,67.3
1996-09-14,10,67.1
1996-09-15,18,66.4
1996-09-16,17,68.0
1996-09-17,9,69.0
1996-09-18,18,68.9
1996-09-19,15,69.2
1996-09-20,34,69.2
1996-09-21,29,69.8
1996-09-22,28,68.6
1996-09-23,27,69.9
1996-09-24,8,70.0
1996-09-25,10,70.8
1996-09-26,30,70.0
1996-09-27,16,69.8
1996-09-28,15,71.0
1996-09-29,7,70.1
1996-09-30,4,69.5
1996-10-01,5,69.5
1996-10-02,10,69.7
1996-10-03,15,69.6
1996-10-04,6,69.4
1996-10-05,3,68.5
1996-10-06,2,68.8
1996-10-07,4,68.3
1996-10-08,10,67.9
1996-10-09,20,67.9
1996-10-10,10,67.6
1996-10-11,8,66.7
1996-10-12,15,67.2
1996-10-13,19,67.6
1996-10-14,14,68.6
1996-10-15,5,69.0
1996-10-16,10,68.6
1996-10-17,6,68.5
1996-10-18,27,69.6
1996-10-19,38,71.0
1996-10-20,16,71.3
1996-10-21,8,69.7
1996-10-22,38,69.8
1996-10-23,37,70.5
1996-10-24,10,69.9
1996-10-25,6,69.9
1996-10-26,4,71.1
1996-10-27,4,72.1
1996-10-28,14,68.4
1996-10-29,14,70.4
1996-10-30,14,70.7
1996-10-31,7,69.7
1996-11-01,3,69.6
1996-11-02,2,69.0
1996-11-03,2,69.5
1996-11-04,10,69.0
1996-11-05,6,68.3
1996-11-06,8,69.2
1996-11-07,4,68.5
1996-11-08,4,69.1
1996-11-09,11,70.2
1996-11-10,9,71.0
1996-11-11,4,71.5
1996-11-12,8,72.2
1996-11-13,16,73.1
1996-11-14,21,73.7
1996-11-15,15,73.6
1996-11-16,5,73.9
1996-11-17,13,72.0
1996-11-18,14,74.1
1996-11-19,10,74.4
1996-11-20,8,74.5
1996-11-21,6,74.4
1996-11-22,4,82.6
1996-11-23,4,91.0
1996-11-24,12,99.8
1996-11-25,7,104.4
1996-11-26,7,103.6
1996-11-27,10,102.7
1996-11-28,7,98.1
1996-11-29,5,91.0
1996-11-30,2,87.5
1996-12-01,3,83.1
1996-12-02,10,78.0
1996-12-03,8,72.8
1996-12-04,11,70.7
1996-12-05,2,69.6
1996-12-06,1,69.7
1996-12-07,4,69.2
1996-12-08,3,68.6
1996-12-09,9,73.7
1996-12-10,25,72.4
1996-12-11,14,77.6
1996-12-12,8,81.1
1996-12-13,6,81.7
1996-12-14,6,82.5
1996-12-15,13,85.0
1996-12-16,12,86.2
1996-12-17,10,86.4
1996-12-18,6,88.4
1996-12-19,1,87.4
1996-12-20,2,83.0
1996-12-21,6,83.7
1996-12-22,9,81.5
1996-12-23,9,79.5
1996-12-24,4,79.0
1996-12-25,6,77.3
1996-12-26,3,75.5
1996-12-27,3,74.6
1996-12-28,3,74.2
1996-12-29,4,73.8
1996-12-30,10,72.5
1996-12-31,5,72.2
1997-01-01,4,72.4
1997-01-02,5,72.1
1997-01-03,4,73.3
1997-01-04,4,73.8
1997-01-05,4,74.4
1997-01-06,3,73.1
1997-01-07,11,73.3
1997-01-08,8,73.8
1997-01-09,5,73.7
1997-01-10,32,75.4
1997-01-11,18,74.0
1997-01-12,12,74.5
1997-01-13,7,74.6
1997-01-14,4,74.9
1997-01-15,4,75.8
1997-01-16,3,74.8
1997-01-17,2,74.1
1997-01-18,5,74.6
1997-01-19,6,75.3
1997-01-20,7,76.8
1997-01-21,10,74.1
1997-01-22,6,73.0
1997-01-23,4,73.4
1997-01-24,4,74.2
1997-01-25,6,73.1
1997-01-26,18,74.1
1997-01-27,16,73.5
1997-01-28,24,72.9
1997-01-29,9,74.6
1997-01-30,15,73.6
1997-01-31,8,72.4
1997-02-01,5,71.3
1997-02-02,11,78.4
1997-02-03,7,79.6
1997-02-04,4,80.7
1997-02-05,6,75.3
1997-02-06,10,74.2
1997-02-07,4,75.7
1997-02-08,22,75.2
1997-02-09,20,73.2
1997-02-10,22,72.3
1997-02-11,21,71.1
1997-02-12,7,70.9
1997-02-13,4,71.1
1997-02-14,5,71.3
1997-02-15,4,71.8
1997-02-16,8,72.0
1997-02-17,14,73.1
1997-02-18,6,72.9
1997-02-19,3,72.0
1997-02-20,4,72.6
1997-02-21,10,73.2
1997-02-22,8,73.5
1997-02-23,9,74.6
1997-02-24,9,74.6
1997-02-25,6,74.1
1997-02-26,15,73.8
1997-02-27,30,73.8
1997-02-28,37,72.8
1997-03-01,13,53.5
1997-03-02,12,72.3
1997-03-03,7,74.0
1997-03-04,4,74.0
1997-03-05,9,74.6
1997-03-06,8,75.4
1997-03-07,7,74.1
1997-03-08,5,74.7
1997-03-09,1,75.1
1997-03-10,2,74.7
1997-03-11,3,74.3
1997-03-12,13,74.3
1997-03-13,8,74.1
1997-03-14,5,75.5
1997-03-15,7,75.8
1997-03-16,7,75.7
1997-03-17,6,75.1
1997-03-18,6,74.3
1997-03-19,3,73.7
1997-03-20,3,71.5
1997-03-21,4,70.5
1997-03-22,10,70.6
1997-03-23,3,70.7
1997-03-24,9,71.0
1997-03-25,12,70.6
1997-03-26,17,69.8
1997-03-27,6,72.2
1997-03-28,21,73.2
1997-03-29,20,75.3
1997-03-30,10,74.0
1997-03-31,5,74.7
1997-04-01,11,76.3
1997-04-02,9,80.5
1997-04-03,7,78.8
1997-04-04,13,78.5
1997-04-05,11,80.2
1997-04-06,10,78.1
1997-04-07,9,76.8
1997-04-08,4,76.1
1997-04-09,6,78.1
1997-04-10,13,77.6
1997-04-11,37,77.1
1997-04-12,9,76.4
1997-04-13,8,78.8
1997-04-14,4,77.4
1997-04-15,2,78.7
1997-04-16,16,75.0
1997-04-17,24,71.7
1997-04-18,14,70.1
1997-04-19,12,69.9
1997-04-20,4,69.7
1997-04-21,20,70.1
1997-04-22,15,70.7
1997-04-23,9,68.9
1997-04-24,13,69.8
1997-04-25,6,68.7
1997-04-26,3,70.9
1997-04-27,3,73.1
1997-04-28,2,72.4
1997-04-29,3,71.9
1997-04-30,10,72.6
1997-05-01,29,72.2
1997-05-02,14,72.1
1997-05-03,9,71.1
1997-05-04,8,70.9
1997-05-05,6,72.3
1997-05-06,4,72.1
1997-05-07,3,72.0
1997-05-08,4,71.9
1997-05-09,3,71.6
1997-05-10,4,73.1
1997-05-11,4,72.3
1997-05-12,1,72.2
1997-05-13,2,73.8
1997-05-14,6,73.5
1997-05-15,56,73.0
1997-05-16,10,72.2
1997-05-17,9,72.8
1997-05-18,5,74.1
1997-05-19,3,74.2
1997-05-20,4,79.1
1997-05-21,4,84.8
1997-05-22,3,81.0
1997-05-23,2,76.2
1997-05-24,7,76.9
1997-05-25,4,78.0
1997-05-26,8,79.9
1997-05-27,21,78.3
1997-05-28,5,77.4
1997-05-29,2,75.6
1997-05-30,6,75.1
1997-05-31,8,72.5
1997-06-01,6,77.3
1997-06-02,6,76.9
1997-06-03,9,75.2
1997-06-04,5,73.9
1997-06-05,3,73.9
1997-06-06,8,74.2
1997-06-07,10,74.7
1997-06-08,12,73.2
1997-06-09,33,73.1
1997-06-10,5,71.9
1997-06-11,3,70.8
1997-06-12,5,69.6
1997-06-13,3,70.1
1997-06-14,2,70.6
1997-06-15,5,70.7
1997-06-16,5,72.1
1997-06-17,4,69.6
1997-06-18,3,71.2
1997-06-19,8,70.1
1997-06-20,4,70.2
1997-06-21,2,67.6
1997-06-22,8,69.5
1997-06-23,6,69.0
1997-06-24,4,69.9
1997-06-25,7,71.7
1997-06-26,4,71.8
1997-06-27,17,71.7
1997-06-28,8,71.2
1997-06-29,8,70.2
1997-06-30,4,69.8
1997-07-01,4,70.0
1997-07-02,4,70.1
1997-07-03,6,69.0
1997-07-04,6,69.7
1997-07-05,4,69.7
1997-07-06,4,68.3
1997-07-07,15,70.2
1997-07-08,4,69.8
1997-07-09,11,70.0
1997-07-10,6,68.5
1997-07-11,4,68.6
1997-07-12,3,67.4
1997-07-13,3,67.1
1997-07-14,2,68.1
1997-07-15,12,69.2
1997-07-16,5,69.6
1997-07-17,6,69.9
1997-07-18,8,70.1
1997-07-19,8,70.5
1997-07-20,5,71.2
1997-07-21,5,71.3
1997-07-22,4,72.2
1997-07-23,4,75.7
1997-07-24,11,78.7
1997-07-25,5,80.4
1997-07-26,4,76.6
1997-07-27,5,74.5
1997-07-28,5,74.2
1997-07-29,4,72.7
1997-07-30,7,71.0
1997-07-31,15,70.4
1997-08-01,6,71.0
1997-08-02,4,70.8
1997-08-03,21,72.2
1997-08-04,6,72.7
1997-08-05,3,74.8
1997-08-06,3,76.8
1997-08-07,5,77.9
1997-08-08,5,77.8
1997-08-09,8,78.1
1997-08-10,6,78.3
1997-08-11,7,79.5
1997-08-12,6,80.8
1997-08-13,11,82.0
1997-08-14,16,79.5
1997-08-15,6,77.7
1997-08-16,5,77.9
1997-08-17,9,75.6
1997-08-18,6,75.8
1997-08-19,3,74.3
1997-08-20,5,74.6
1997-08-21,8,74.6
1997-08-22,6,75.5
1997-08-23,3,76.5
1997-08-24,6,77.7
1997-08-25,3,82.0
1997-08-26,2,83.8
1997-08-27,3,81.9
1997-08-28,16,90.5
1997-08-29,13,91.5
1997-08-30,10,92.0
1997-08-31,4,96.4
1997-09-01,4,93.4
1997-09-02,4,91.7
1997-09-03,26,93.1
1997-09-04,16,93.0
1997-09-05,5,96.0
1997-09-06,7,97.6
1997-09-07,3,102.0
1997-09-08,12,119.4
1997-09-09,15,116.1
1997-09-10,19,114.9
1997-09-11,8,108.6
1997-09-12,14,109.0
1997-09-13,9,107.6
1997-09-14,12,102.5
1997-09-15,11,98.0
1997-09-16,6,95.4
1997-09-17,9,93.1
1997-09-18,20,88.1
1997-09-19,3,88.4
1997-09-20,6,87.7
1997-09-21,16,85.2
1997-09-22,10,88.9
1997-09-23,4,91.7
1997-09-24,4,92.9
1997-09-25,3,88.5
1997-09-26,4,89.1
1997-09-27,14,88.4
1997-09-28,14,87.2
1997-09-29,7,89.7
1997-09-30,9,87.7
1997-10-01,46,87.1
1997-10-02,5,85.9
1997-10-03,8,85.7
1997-10-04,4,83.4
1997-10-05,2,84.4
1997-10-06,3,83.7
1997-10-07,9,83.5
1997-10-08,14,82.9
1997-10-09,17,83.5
1997-10-10,30,84.2
1997-10-11,25,86.1
1997-10-12,6,88.7
1997-10-13,6,88.3
1997-10-14,3,84.8
1997-10-15,2,86.9
1997-10-16,3,87.5
1997-10-17,6,88.2
1997-10-18,4,86.6
1997-10-19,3,84.7
1997-10-20,5,82.8
1997-10-21,3,85.0
1997-10-22,4,80.7
1997-10-23,7,79.7
1997-10-24,20,78.6
1997-10-25,20,81.4
1997-10-26,18,82.0
1997-10-27,19,84.4
1997-10-28,15,85.5
1997-10-29,8,87.2
1997-10-30,6,88.2
1997-10-31,4,90.5
1997-11-01,8,93.0
1997-11-02,2,97.8
1997-11-03,3,109.8
1997-11-04,8,117.9
1997-11-05,7,113.8
1997-11-06,17,105.3
1997-11-07,44,94.4
1997-11-08,5,89.6
1997-11-09,11,86.4
1997-11-10,11,89.4
1997-11-11,7,91.5
1997-11-12,2,87.2
1997-11-13,3,90.1
1997-11-14,12,93.0
1997-11-15,8,96.2
1997-11-16,10,96.2
1997-11-17,10,94.2
1997-11-18,11,91.5
1997-11-19,3,99.1
1997-11-20,2,88.7
1997-11-21,2,95.9
1997-11-22,44,100.2
1997-11-23,59,99.8
1997-11-24,10,103.3
1997-11-25,2,102.1
1997-11-26,3,108.1
1997-11-27,2,111.1
1997-11-28,2,116.3
1997-11-29,1,112.1
1997-11-30,5,112.4
1997-12-01,4,117.0
1997-12-02,4,112.2
1997-12-03,6,112.2
1997-12-04,6,107.3
1997-12-05,8,103.8
1997-12-06,4,108.8
1997-12-07,2,99.0
1997-12-08,1,98.1
1997-12-09,1,96.7
1997-12-10,18,95.1
1997-12-11,11,96.4
1997-12-12,2,92.5
1997-12-13,1,89.3
1997-12-14,2,90.0
1997-12-15,3,89.1
1997-12-16,4,84.7
1997-12-17,4,85.6
1997-12-18,7,86.2
1997-12-19,3,89.7
1997-12-20,3,89.6
1997-12-21,4,92.0
1997-12-22,2,97.0
1997-12-23,4,104.1
1997-12-24,4,107.8
1997-12-25,1,104.7
1997-12-26,2,104.7
1997-12-27,0,95.9
1997-12-28,1,102.1
1997-12-29,2,104.4
1997-12-30,21,101.3
1997-12-31,3,104.5
1998-01-01,4,101.6
1998-01-02,5,101.0
1998-01-03,3,101.1
1998-01-04,2,90.7
1998-01-05,3,89.3
1998-01-06,18,87.0
1998-01-07,28,84.9
1998-01-08,8,82.2
1998-01-09,9,81.6
1998-01-10,7,80.7
1998-01-11,6,84.8
1998-01-12,4,95.8
1998-01-13,4,90.4
1998-01-14,3,93.9
1998-01-15,2,97.8
1998-01-16,9,97.5
1998-01-17,7,95.9
1998-01-18,8,95.1
1998-01-19,4,93.5
1998-01-20,15,91.4
1998-01-21,8,90.9
1998-01-22,4,93.0
1998-01-23,4,96.9
1998-01-24,6,97.5
1998-01-25,11,108.3
1998-01-26,3,100.0
1998-01-27,7,100.8
1998-01-28,2,96.6
1998-01-29,8,93.6
1998-01-30,19,91.0
1998-01-31,12,89.4
1998-02-01,9,90.7
1998-02-02,3,89.1
1998-02-03,3,88.8
1998-02-04,8,89.1
1998-02-05,3,85.5
1998-02-06,3,84.2
1998-02-07,3,83.1
1998-02-08,8,83.6
1998-02-09,12,83.7
1998-02-10,8,83.7
1998-02-11,17,86.2
1998-02-12,10,90.6
1998-02-13,6,94.7
1998-02-14,6,104.8
1998-02-15,3,107.3
1998-02-16,3,106.8
1998-02-17,18,104.9
1998-02-18,36,103.3
1998-02-19,6,98.5
1998-02-20,9,95.7
1998-02-21,4,94.8
1998-02-22,7,95.5
1998-02-23,9,99.4
1998-02-24,3,98.6
1998-02-25,3,94.7
1998-02-26,2,92.7
1998-02-27,5,90.3
1998-02-28,15,94.0
1998-03-01,16,98.3
1998-03-02,16,56.8
1998-03-03,4,96.6
1998-03-04,10,101.7
1998-03-05,9,96.7
1998-03-06,8,91.7
1998-03-07,3,91.9
1998-03-08,2,91.2
1998-03-09,2,90.0
1998-03-10,53,96.3
1998-03-11,28,100.7
1998-03-12,14,101.6
1998-03-13,12,104.9
1998-03-14,10,119.6
1998-03-15,20,133.0
1998-03-16,12,123.9
1998-03-17,8,125.5
1998-03-18,4,127.0
1998-03-19,4,124.6
1998-03-20,8,126.5
1998-03-21,35,125.8
1998-03-22,12,127.6
1998-03-23,6,122.0
1998-03-24,7,120.6
1998-03-25,16,115.0
1998-03-26,12,110.0
1998-03-27,15,108.1
1998-03-28,11,103.9
1998-03-29,20,100.3
1998-03-30,8,107.5
1998-03-31,9,108.1
1998-04-01,3,105.7
1998-04-02,3,103.4
1998-04-03,6,103.6
1998-04-04,8,110.2
1998-04-05,3,126.2
1998-04-06,4,133.4
1998-04-07,8,135.2
1998-04-08,7,140.6
1998-04-09,6,139.7
1998-04-10,16,129.7
1998-04-11,11,128.3
1998-04-12,9,117.0
1998-04-13,4,114.8
1998-04-14,6,111.9
1998-04-15,4,112.7
1998-04-16,6,106.4
1998-04-17,14,101.3
1998-04-18,6,98.5
1998-04-19,4,95.8
1998-04-20,9,97.7
1998-04-21,7,92.0
1998-04-22,6,87.6
1998-04-23,15,90.2
1998-04-24,35,90.6
1998-04-25,26,91.9
1998-04-26,31,90.7
1998-04-27,12,91.4
1998-04-28,8,98.4
1998-04-29,4,100.5
1998-04-30,12,102.5
1998-05-01,9,113.4
1998-05-02,63,117.0
1998-05-03,62,117.4
1998-05-04,101,121.1
1998-05-05,42,133.4
1998-05-06,5,130.1
1998-05-07,10,123.3
1998-05-08,23,118.0
1998-05-09,13,110.7
1998-05-10,10,107.2
1998-05-11,11,108.0
1998-05-12,13,112.1
1998-05-13,5,116.6
1998-05-14,4,117.2
1998-05-15,7,116.0
1998-05-16,12,117.7
1998-05-17,12,110.4
1998-05-18,9,102.2
1998-05-19,5,99.2
1998-05-20,12,91.9
1998-05-21,13,89.0
1998-05-22,7,87.4
1998-05-23,11,90.3
1998-05-24,12,95.6
1998-05-25,10,92.3
1998-05-26,8,92.5
1998-05-27,6,94.0
1998-05-28,5,98.4
1998-05-29,26,94.9
1998-05-30,18,96.1
1998-05-31,4,94.2
1998-06-01,4,100.1
1998-06-02,7,104.7
1998-06-03,14,113.1
1998-06-04,7,111.7
1998-06-05,12,115.0
1998-06-06,15,115.1
1998-06-07,14,113.0
1998-06-08,10,116.9
1998-06-09,8,112.3
1998-06-10,15,111.8
1998-06-11,6,112.4
1998-06-12,6,112.2
1998-06-13,5,110.5
1998-06-14,12,101.9
1998-06-15,7,100.4
1998-06-16,6,104.0
1998-06-17,2,100.6
1998-06-18,5,100.1
1998-06-19,11,98.6
1998-06-20,14,101.1
1998-06-21,14,102.0
1998-06-22,10,100.5
1998-06-23,10,95.7
1998-06-24,16,105.3
1998-06-25,9,106.2
1998-06-26,42,109.2
1998-06-27,4,115.2
1998-06-28,3,122.0
1998-06-29,3,119.3
1998-06-30,3,120.9
1998-07-01,5,126.8
1998-07-02,8,120.4
1998-07-03,8,127.6
1998-07-04,10,129.1
1998-07-05,16,123.5
1998-07-06,19,121.1
1998-07-07,4,114.6
1998-07-08,3,112.4
1998-07-09,15,114.3
1998-07-10,5,109.2
1998-07-11,11,107.7
1998-07-12,6,99.3
1998-07-13,4,106.1
1998-07-14,2,102.9
1998-07-15,3,104.8
1998-07-16,37,106.2
1998-07-17,7,100.3
1998-07-18,6,99.2
1998-07-19,4,101.9
1998-07-20,3,111.8
1998-07-21,10,110.3
1998-07-22,10,114.1
1998-07-23,40,115.4
1998-07-24,28,125.2
1998-07-25,11,121.7
1998-07-26,4,119.1
1998-07-27,4,119.5
1998-07-28,5,121.3
1998-07-29,6,119.5
1998-07-30,11,114.8
1998-07-31,29,113.7
1998-08-01,21,112.1
1998-08-02,6,109.6
1998-08-03,5,108.5
1998-08-04,7,115.8
1998-08-05,6,126.8
1998-08-06,64,138.3
1998-08-07,24,145.0
1998-08-08,7,146.8
1998-08-09,2,154.1
1998-08-10,15,149.2
1998-08-11,6,150.1
1998-08-12,7,147.0
1998-08-13,5,136.8
1998-08-14,6,137.0
1998-08-15,4,133.4
1998-08-16,3,139.7
1998-08-17,3,136.3
1998-08-18,4,132.6
1998-08-19,9,134.6
1998-08-20,17,138.6
1998-08-21,4,132.1
1998-08-22,17,132.9
1998-08-23,18,126.4
1998-08-24,8,121.2
1998-08-25,10,122.1
1998-08-26,49,126.9
1998-08-27,144,135.0
1998-08-28,30,139.2
1998-08-29,20,146.5
1998-08-30,15,163.3
1998-08-31,17,178.5
1998-09-01,18,177.0
1998-09-02,9,163.4
1998-09-03,8,162.7
1998-09-04,5,154.7
1998-09-05,5,154.3
1998-09-06,5,164.6
1998-09-07,6,151.2
1998-09-08,9,153.5
1998-09-09,8,145.3
1998-09-10,6,141.7
1998-09-11,6,138.6
1998-09-12,12,134.9
1998-09-13,6,130.7
1998-09-14,4,121.8
1998-09-15,5,117.3
1998-09-16,4,118.7
1998-09-17,6,117.4
1998-09-18,25,122.5
1998-09-19,8,126.9
1998-09-20,5,132.1
1998-09-21,12,138.3
1998-09-22,7,141.1
1998-09-23,11,143.2
1998-09-24,28,135.4
1998-09-25,117,138.5
1998-09-26,17,135.6
1998-09-27,10,127.4
1998-09-28,4,122.5
1998-09-29,7,115.9
1998-09-30,9,121.5
1998-10-01,24,118.8
1998-10-02,32,112.7
1998-10-03,14,111.9
1998-10-04,3,114.8
1998-10-05,3,117.1
1998-10-06,3,117.0
1998-10-07,28,124.2
1998-10-08,15,124.1
1998-10-09,16,123.5
1998-10-10,7,120.7
1998-10-11,6,118.9
1998-10-12,5,113.9
1998-10-13,5,118.1
1998-10-14,2,119.0
1998-10-15,4,131.1
1998-10-16,3,131.0
1998-10-17,8,135.4
1998-10-18,9,125.9
1998-10-19,62,117.7
1998-10-20,22,121.2
1998-10-21,23,118.3
1998-10-22,20,114.9
1998-10-23,15,112.5
1998-10-24,11,110.9
1998-10-25,12,107.5
1998-10-26,4,104.1
1998-10-27,10,103.0
1998-10-28,8,107.8
1998-10-29,11,109.5
1998-10-30,5,111.5
1998-10-31,5,118.7
1998-11-01,4,121.4
1998-11-02,4,126.1
1998-11-03,6,151.8
1998-11-04,6,141.4
1998-11-05,8,152.7
1998-11-06,20,140.9
1998-11-07,26,148.5
1998-11-08,66,152.7
1998-11-09,75,162.4
1998-11-10,6,153.8
1998-11-11,3,147.1
1998-11-12,4,141.6
1998-11-13,64,135.4
1998-11-14,41,126.5
1998-11-15,10,126.4
1998-11-16,7,124.6
1998-11-17,6,120.8
1998-11-18,7,114.8
1998-11-19,7,116.5
1998-11-20,10,121.5
1998-11-21,6,121.2
1998-11-22,6,126.1
1998-11-23,11,129.9
1998-11-24,16,140.2
1998-11-25,13,149.5
1998-11-26,10,156.4
1998-11-27,9,158.9
1998-11-28,6,164.8
1998-11-29,8,167.8
1998-11-30,19,163.4
1998-12-01,11,162.7
1998-12-02,4,151.7
1998-12-03,7,153.1
1998-12-04,10,148.2
1998-12-05,14,142.4
1998-12-06,7,142.3
1998-12-07,8,153.2
1998-12-08,4,162.0
1998-12-09,6,153.9
1998-12-10,6,133.8
1998-12-11,33,143.1
1998-12-12,7,143.3
1998-12-13,3,144.2
1998-12-14,5,144.4
1998-12-15,6,141.6
1998-12-16,12,140.5
1998-12-17,0,146.1
1998-12-18,3,154.7
1998-12-19,9,138.0
1998-12-20,12,134.7
1998-12-21,4,135.3
1998-12-22,4,128.8
1998-12-23,6,139.8
1998-12-24,4,139.4
1998-12-25,12,144.4
1998-12-26,15,144.9
1998-12-27,2,166.8
1998-12-28,7,184.4
1998-12-29,22,182.8
1998-12-30,6,179.0
1998-12-31,4,174.6
1999-01-01,6,167.2
1999-01-02,7,160.1
1999-01-03,4,154.5
1999-01-04,7,146.9
1999-01-05,8,136.5
1999-01-06,10,125.8
1999-01-07,9,115.1
1999-01-08,17,115.5
1999-01-09,11,114.8
1999-01-10,6,110.3
1999-01-11,6,111.9
1999-01-12,5,112.8
1999-01-13,40,118.6
1999-01-14,29,136.9
1999-01-15,20,142.6
1999-01-16,8,158.5
1999-01-17,6,161.4
1999-01-18,5,170.9
1999-01-19,4,175.9
1999-01-20,8,238.8
1999-01-21,6,175.3
1999-01-22,14,177.9
1999-01-23,21,165.9
1999-01-24,17,161.8
1999-01-25,9,138.1
1999-01-26,5,133.2
1999-01-27,9,125.4
1999-01-28,7,118.8
1999-01-29,7,117.7
1999-01-30,4,118.0
1999-01-31,3,114.8
1999-02-01,0,118.0
1999-02-02,1,110.9
1999-02-03,5,108.8
1999-02-04,9,107.3
1999-02-05,10,103.7
1999-02-06,12,99.3
1999-02-07,13,109.5
1999-02-08,6,124.5
1999-02-09,3,129.3
1999-02-10,6,152.4
1999-02-11,20,163.5
1999-02-12,24,188.4
1999-02-13,8,198.4
1999-02-14,8,204.6
1999-02-15,15,190.1
1999-02-16,4,191.8
1999-02-17,17,189.8
1999-02-18,80,168.1
1999-02-19,40,164.2
1999-02-20,3,157.1
1999-02-21,4,147.2
1999-02-22,6,129.7
1999-02-23,9,127.0
1999-02-24,9,119.8
1999-02-25,6,119.5
1999-02-26,1,115.6
1999-02-27,4,115.1
1999-02-28,17,123.0
1999-03-01,41,120.2
1999-03-02,22,129.9
1999-03-03,16,137.0
1999-03-04,30,144.1
1999-03-05,16,127.5
1999-03-06,13,114.4
1999-03-07,22,110.0
1999-03-08,12,126.9
1999-03-09,21,127.1
1999-03-10,34,135.4
1999-03-11,15,137.0
1999-03-12,11,140.3
1999-03-13,6,144.4
1999-03-14,15,150.4
1999-03-15,14,150.1
1999-03-16,3,155.7
1999-03-17,5,154.5
1999-03-18,6,148.1
1999-03-19,6,139.3
1999-03-20,5,132.7
1999-03-21,5,124.0
1999-03-22,3,115.9
1999-03-23,6,112.9
1999-03-24,4,108.2
1999-03-25,8,107.0
1999-03-26,6,103.6
1999-03-27,4,104.5
1999-03-28,6,103.0
1999-03-29,28,104.2
1999-03-30,22,104.7
1999-03-31,15,101.9
1999-04-01,12,103.0
1999-04-02,10,99.5
1999-04-03,10,102.7
1999-04-04,14,115.9
1999-04-05,12,132.6
1999-04-06,10,137.4
1999-04-07,11,141.4
1999-04-08,8,139.1
1999-04-09,6,136.2
1999-04-10,16,136.3
1999-04-11,10,130.7
1999-04-12,8,130.0
1999-04-13,3,129.6
1999-04-14,7,120.2
1999-04-15,4,121.8
1999-04-16,18,122.9
1999-04-17,47,115.7
1999-04-18,6,112.8
1999-04-19,12,110.0
1999-04-20,24,104.8
1999-04-21,12,103.4
1999-04-22,4,100.4
1999-04-23,5,98.2
1999-04-24,6,100.9
1999-04-25,4,102.6
1999-04-26,6,104.5
1999-04-27,14,108.6
1999-04-28,19,109.8
1999-04-29,24,122.1
1999-04-30,23,123.5
1999-05-01,21,105.4
1999-05-02,11,135.7
1999-05-03,8,127.1
1999-05-04,4,138.7
1999-05-05,7,140.9
1999-05-06,9,146.9
1999-05-07,7,163.4
1999-05-08,4,171.9
1999-05-09,5,178.3
1999-05-10,4,169.5
1999-05-11,2,159.4
1999-05-12,8,153.1
1999-05-13,25,147.3
1999-05-14,8,144.2
1999-05-15,6,143.6
1999-05-16,3,152.2
1999-05-17,2,145.3
1999-05-18,27,140.6
1999-05-19,10,142.4
1999-05-20,7,142.5
1999-05-21,5,140.3
1999-05-22,3,140.2
1999-05-23,8,140.7
1999-05-24,11,136.9
1999-05-25,15,143.1
1999-05-26,6,152.6
1999-05-27,7,155.2
1999-05-28,7,152.1
1999-05-29,3,148.6
1999-05-30,4,156.8
1999-05-31,2,165.4
1999-06-01,6,176.2
1999-06-02,10,173.1
1999-06-03,7,173.5
1999-06-04,8,170.9
1999-06-05,4,164.0
1999-06-06,3,167.9
1999-06-07,5,157.7
1999-06-08,13,156.5
1999-06-09,14,165.2
1999-06-10,4,161.1
1999-06-11,4,164.7
1999-06-12,5,168.0
1999-06-13,4,167.7
1999-06-14,2,168.2
1999-06-15,6,158.5
1999-06-16,7,152.7
1999-06-17,6,146.5
1999-06-18,6,146.5
1999-06-19,4,138.8
1999-06-20,2,151.5
1999-06-21,2,145.5
1999-06-22,2,161.6
1999-06-23,4,167.5
1999-06-24,4,185.0
1999-06-25,3,200.8
1999-06-26,18,199.5
1999-06-27,25,207.4
1999-06-28,26,196.6
1999-06-29,7,191.3
1999-06-30,3,209.5
1999-07-01,6,195.4
1999-07-02,26,187.1
1999-07-03,9,196.8
1999-07-04,2,185.6
1999-07-05,2,174.2
1999-07-06,8,167.9
1999-07-07,4,158.4
1999-07-08,6,149.1
1999-07-09,4,150.8
1999-07-10,4,156.3
1999-07-11,4,152.6
1999-07-12,10,154.1
1999-07-13,4,143.5
1999-07-14,5,129.6
1999-07-15,8,129.5
1999-07-16,4,132.0
1999-07-17,3,136.7
1999-07-18,4,138.2
1999-07-19,4,141.1
1999-07-20,5,139.5
1999-07-21,14,147.3
1999-07-22,25,152.8
1999-07-23,11,193.7
1999-07-24,11,184.2
1999-07-25,8,182.3
1999-07-26,6,172.4
1999-07-27,5,174.5
1999-07-28,9,197.8
1999-07-29,6,202.4
1999-07-30,53,205.9
1999-07-31,28,200.6
1999-08-01,8,216.3
1999-08-02,6,212.5
1999-08-03,4,210.7
1999-08-04,10,200.1
1999-08-05,7,177.0
1999-08-06,15,170.4
1999-08-07,10,153.3
1999-08-08,7,137.8
1999-08-09,13,138.1
1999-08-10,5,127.3
1999-08-11,6,127.9
1999-08-12,8,123.1
1999-08-13,8,126.5
1999-08-14,4,128.1
1999-08-15,19,131.1
1999-08-16,29,131.1
1999-08-17,29,141.0
1999-08-18,28,130.7
1999-08-19,24,134.7
1999-08-20,36,151.6
1999-08-21,5,161.2
1999-08-22,12,172.7
1999-08-23,31,187.5
1999-08-24,29,202.0
1999-08-25,9,208.4
1999-08-26,16,222.2
1999-08-27,13,223.1
1999-08-28,12,248.4
1999-08-29,10,218.2
1999-08-30,23,198.1
1999-08-31,22,182.7
1999-09-01,20,162.8
1999-09-02,9,156.5
1999-09-03,15,139.3
1999-09-04,11,131.2
1999-09-05,6,121.8
1999-09-06,5,118.5
1999-09-07,18,112.4
1999-09-08,8,106.8
1999-09-09,9,106.5
1999-09-10,16,122.0
1999-09-11,10,122.5
1999-09-12,31,140.8
1999-09-13,46,154.6
1999-09-14,21,156.4
1999-09-15,27,154.9
1999-09-16,31,158.2
1999-09-17,16,157.5
1999-09-18,13,151.6
1999-09-19,9,149.3
1999-09-20,8,145.0
1999-09-21,11,146.8
1999-09-22,50,140.4
1999-09-23,28,136.9
1999-09-24,5,131.6
1999-09-25,4,125.4
1999-09-26,20,122.7
1999-09-27,43,123.8
1999-09-28,27,126.0
1999-09-29,25,124.8
1999-09-30,26,124.8
1999-10-01,9,121.6
1999-10-02,13,126.3
1999-10-03,8,134.5
1999-10-04,17,144.4
1999-10-05,18,146.2
1999-10-06,6,133.6
1999-10-07,5,129.4
1999-10-08,7,151.2
1999-10-09,6,153.2
1999-10-10,33,160.5
1999-10-11,29,166.6
1999-10-12,46,183.6
1999-10-13,23,191.0
1999-10-14,31,199.8
1999-10-15,31,198.2
1999-10-16,26,189.0
1999-10-17,21,178.0
1999-10-18,6,172.7
1999-10-19,6,169.6
1999-10-20,3,158.8
1999-10-21,20,158.5
1999-10-22,91,160.3
1999-10-23,32,164.5
1999-10-24,26,158.8
1999-10-25,16,179.2
1999-10-26,10,189.4
1999-10-27,19,197.3
1999-10-28,21,183.9
1999-10-29,9,179.6
1999-10-30,6,169.4
1999-10-31,10,160.4
1999-11-01,10,150.6
1999-11-02,7,142.8
1999-11-03,5,143.1
1999-11-04,5,147.5
1999-11-05,5,160.5
1999-11-06,10,150.0
1999-11-07,31,173.9
1999-11-08,29,191.9
1999-11-09,28,229.9
1999-11-10,18,248.5
1999-11-11,26,239.8
1999-11-12,10,231.9
1999-11-13,43,223.8
1999-11-14,11,218.8
1999-11-15,5,205.6
1999-11-16,14,233.4
1999-11-17,12,221.3
1999-11-18,17,217.9
1999-11-19,12,210.0
1999-11-20,9,204.3
1999-11-21,12,210.1
1999-11-22,11,192.0
1999-11-23,19,185.6
1999-11-24,21,186.7
1999-11-25,18,183.7
1999-11-26,4,172.2
1999-11-27,2,169.0
1999-11-28,8,174.8
1999-11-29,4,163.9
1999-11-30,10,162.7
1999-12-01,5,165.0
1999-12-02,5,165.5
1999-12-03,16,151.8
1999-12-04,30,147.5
1999-12-05,20,142.7
1999-12-06,18,142.8
1999-12-07,16,153.3
1999-12-08,14,150.1
1999-12-09,14,156.2
1999-12-10,10,164.4
1999-12-11,7,159.1
1999-12-12,11,159.2
1999-12-13,26,166.1
1999-12-14,3,168.4
1999-12-15,4,178.7
1999-12-16,5,194.0
1999-12-17,7,200.7
1999-12-18,6,205.5
1999-12-19,5,206.9
1999-12-20,3,209.2
1999-12-21,2,217.2
1999-12-22,1,201.7
1999-12-23,2,198.4
1999-12-24,11,182.4
1999-12-25,10,178.4
1999-12-26,2,177.0
1999-12-27,7,161.7
1999-12-28,8,150.4
1999-12-29,8,143.7
1999-12-30,11,135.6
1999-12-31,36,130.1
2000-01-01,30,129.9
2000-01-02,16,132.9
2000-01-03,12,133.1
2000-01-04,13,134.7
2000-01-05,19,136.5
2000-01-06,19,144.8
2000-01-07,10,149.8
2000-01-08,5,154.7
2000-01-09,3,160.6
2000-01-10,6,163.2
2000-01-11,24,177.6
2000-01-12,10,195.7
2000-01-13,9,202.0
2000-01-14,8,201.3
2000-01-15,6,210.7
2000-01-16,6,207.7
2000-01-17,3,196.4
2000-01-18,3,194.6
2000-01-19,5,178.6
2000-01-20,10,170.7
2000-01-21,2,159.3
2000-01-22,22,150.6
2000-01-23,29,140.5
2000-01-24,13,140.7
2000-01-25,7,137.4
2000-01-26,8,140.7
2000-01-27,17,132.4
2000-01-28,32,152.0
2000-01-29,30,127.7
2000-01-30,15,132.7
2000-01-31,10,138.6
2000-02-01,8,138.1
2000-02-02,8,144.4
2000-02-03,10,154.1
2000-02-04,5,167.4
2000-02-05,12,167.8
2000-02-06,34,177.7
2000-02-07,31,181.9
2000-02-08,15,173.6
2000-02-09,11,199.0
2000-02-10,10,175.7
2000-02-11,17,170.2
2000-02-12,60,163.2
2000-02-13,14,159.9
2000-02-14,33,158.7
2000-02-15,17,156.0
2000-02-16,7,160.2
2000-02-17,6,168.4
2000-02-18,1,141.1
2000-02-19,3,144.8
2000-02-20,5,153.3
2000-02-21,21,152.1
2000-02-22,6,172.3
2000-02-23,11,185.1
2000-02-24,30,192.2
2000-02-25,20,210.4
2000-02-26,16,214.8
2000-02-27,13,227.3
2000-02-28,16,218.8
2000-02-29,7,219.0
2000-03-01,21,232.8
2000-03-02,11,213.2
2000-03-03,5,203.8
2000-03-04,3,200.2
2000-03-05,6,220.3
2000-03-06,12,222.4
2000-03-07,16,221.8
2000-03-08,14,214.9
2000-03-09,4,205.8
2000-03-10,9,203.4
2000-03-11,13,203.2
2000-03-12,19,203.2
2000-03-13,4,188.1
2000-03-14,6,182.6
2000-03-15,2,177.8
2000-03-16,2,184.4
2000-03-17,4,192.4
2000-03-18,6,194.8
2000-03-19,7,208.2
2000-03-20,6,210.3
2000-03-21,4,230.5
2000-03-22,12,233.8
2000-03-23,14,224.1
2000-03-24,11,218.9
2000-03-25,8,205.1
2000-03-26,3,211.3
2000-03-27,4,204.9
2000-03-28,4,200.9
2000-03-29,10,208.8
2000-03-30,12,205.5
2000-03-31,23,225.4
2000-04-01,13,222.9
2000-04-02,15,219.3
2000-04-03,9,215.4
2000-04-04,22,206.7
2000-04-05,11,194.4
2000-04-06,82,177.7
2000-04-07,74,174.9
2000-04-08,10,182.0
2000-04-09,14,176.3
2000-04-10,19,177.8
2000-04-11,9,181.5
2000-04-12,7,173.0
2000-04-13,6,164.0
2000-04-14,2,165.2
2000-04-15,6,163.7
2000-04-16,22,159.0
2000-04-17,12,157.9
2000-04-18,6,160.4
2000-04-19,12,167.7
2000-04-20,13,180.6
2000-04-21,10,187.3
2000-04-22,5,201.8
2000-04-23,6,206.1
2000-04-24,21,205.6
2000-04-25,5,202.5
2000-04-26,2,189.9
2000-04-27,13,183.5
2000-04-28,14,183.4
2000-04-29,12,174.9
2000-04-30,12,169.5
2000-05-01,15,157.7
2000-05-02,21,152.8
2000-05-03,17,137.3
2000-05-04,6,134.5
2000-05-05,10,129.8
2000-05-06,11,126.8
2000-05-07,5,130.9
2000-05-08,4,137.0
2000-05-09,8,149.5
2000-05-10,6,179.2
2000-05-11,4,177.7
2000-05-12,15,190.4
2000-05-13,14,217.3
2000-05-14,9,232.5
2000-05-15,12,244.4
2000-05-16,16,258.7
2000-05-17,28,262.0
2000-05-18,7,252.9
2000-05-19,7,254.3
2000-05-20,4,245.6
2000-05-21,5,232.3
2000-05-22,8,214.9
2000-05-23,29,204.3
2000-05-24,93,189.4
2000-05-25,28,172.8
2000-05-26,15,167.9
2000-05-27,8,161.8
2000-05-28,9,155.9
2000-05-29,24,149.0
2000-05-30,22,146.4
2000-05-31,10,154.4
2000-06-01,8,148.0
2000-06-02,6,187.2
2000-06-03,11,165.9
2000-06-04,12,169.7
2000-06-05,24,171.0
2000-06-06,15,186.4
2000-06-07,11,180.3
2000-06-08,64,174.6
2000-06-09,5,168.9
2000-06-10,21,179.6
2000-06-11,25,186.8
2000-06-12,15,192.7
2000-06-13,10,199.2
2000-06-14,29,200.6
2000-06-15,23,202.4
2000-06-16,5,197.5
2000-06-17,6,193.1
2000-06-18,10,187.6
2000-06-19,6,178.4
2000-06-20,6,183.7
2000-06-21,6,188.0
2000-06-22,11,179.7
2000-06-23,27,175.2
2000-06-24,15,168.3
2000-06-25,6,175.1
2000-06-26,40,177.4
2000-06-27,18,178.6
2000-06-28,10,175.3
2000-06-29,8,163.3
2000-06-30,4,159.6
2000-07-01,7,163.7
2000-07-02,4,162.4
2000-07-03,8,156.3
2000-07-04,8,158.4
2000-07-05,9,168.7
2000-07-06,5,174.3
2000-07-07,5,187.1
2000-07-08,6,210.0
2000-07-09,6,211.3
2000-07-10,20,244.5
2000-07-11,34,241.6
2000-07-12,9,314.6
2000-07-13,42,231.9
2000-07-14,51,203.9
2000-07-15,164,213.1
2000-07-16,50,218.9
2000-07-17,8,228.3
2000-07-18,12,261.9
2000-07-19,14,249.9
2000-07-20,36,252.9
2000-07-21,7,250.9
2000-07-22,12,251.0
2000-07-23,23,217.3
2000-07-24,5,224.8
2000-07-25,5,201.8
2000-07-26,19,174.6
2000-07-27,7,162.4
2000-07-28,32,157.8
2000-07-29,27,153.2
2000-07-30,8,149.9
2000-07-31,21,147.9
2000-08-01,12,149.4
2000-08-02,10,150.6
2000-08-03,9,154.2
2000-08-04,17,154.2
2000-08-05,25,158.5
2000-08-06,16,166.0
2000-08-07,7,166.9
2000-08-08,6,170.8
2000-08-09,5,182.2
2000-08-10,25,181.0
2000-08-11,47,187.3
2000-08-12,123,189.3
2000-08-13,19,186.0
2000-08-14,12,189.5
2000-08-15,8,193.9
2000-08-16,7,185.6
2000-08-17,6,177.1
2000-08-18,3,169.5
2000-08-19,4,157.1
2000-08-20,4,152.4
2000-08-21,10,151.4
2000-08-22,2,144.2
2000-08-23,7,136.9
2000-08-24,8,130.6
2000-08-25,3,133.2
2000-08-26,5,137.0
2000-08-27,7,150.1
2000-08-28,27,160.0
2000-08-29,35,163.3
2000-08-30,12,164.8
2000-08-31,14,162.9
2000-09-01,16,157.7
2000-09-02,23,154.0
2000-09-03,7,154.1
2000-09-04,18,170.8
2000-09-05,7,180.2
2000-09-06,12,178.7
2000-09-07,15,173.2
2000-09-08,17,163.4
2000-09-09,5,150.9
2000-09-10,4,140.6
2000-09-11,4,134.9
2000-09-12,21,132.6
2000-09-13,10,133.2
2000-09-14,4,150.8
2000-09-15,12,159.4
2000-09-16,29,174.6
2000-09-17,56,181.5
2000-09-18,70,203.8
2000-09-19,30,207.1
2000-09-20,12,211.4
2000-09-21,9,225.1
2000-09-22,6,232.2
2000-09-23,7,225.2
2000-09-24,12,224.5
2000-09-25,19,225.6
2000-09-26,24,223.6
2000-09-27,11,204.7
2000-09-28,12,202.3
2000-09-29,7,192.0
2000-09-30,51,193.6
2000-10-01,13,201.6
2000-10-02,10,202.6
2000-10-03,30,192.0
2000-10-04,63,184.1
2000-10-05,116,173.8
2000-10-06,4,158.1
2000-10-07,4,155.6
2000-10-08,2,148.9
2000-10-09,4,140.8
2000-10-10,8,139.6
2000-10-11,15,151.4
2000-10-12,6,162.7
2000-10-13,36,168.1
2000-10-14,45,163.3
2000-10-15,8,161.1
2000-10-16,10,160.9
2000-10-17,11,154.1
2000-10-18,9,151.1
2000-10-19,9,157.8
2000-10-20,3,160.7
2000-10-21,3,158.0
2000-10-22,16,160.2
2000-10-23,15,166.5
2000-10-24,9,159.2
2000-10-25,6,164.0
2000-10-26,8,171.0
2000-10-27,4,175.9
2000-10-28,20,182.2
2000-10-29,34,187.1
2000-10-30,15,193.7
2000-10-31,13,193.4
2000-11-01,7,204.4
2000-11-02,4,196.3
2000-11-03,3,198.8
2000-11-04,26,194.7
2000-11-05,14,186.4
2000-11-06,55,178.1
2000-11-07,46,179.9
2000-11-08,18,172.8
2000-11-09,13,166.2
2000-11-10,42,153.4
2000-11-11,16,149.6
2000-11-12,20,146.6
2000-11-13,9,143.7
2000-11-14,5,148.6
2000-11-15,4,146.5
2000-11-16,3,154.2
2000-11-17,3,163.3
2000-11-18,5,177.1
2000-11-19,6,174.9
2000-11-20,8,173.7
2000-11-21,9,185.4
2000-11-22,8,194.9
2000-11-23,6,205.3
2000-11-24,11,197.1
2000-11-25,6,282.1
2000-11-26,28,202.4
2000-11-27,45,191.7
2000-11-28,31,195.5
2000-11-29,56,188.4
2000-11-30,6,192.3
2000-12-01,6,184.5
2000-12-02,3,167.0
2000-12-03,10,163.6
2000-12-04,9,152.0
2000-12-05,5,147.0
2000-12-06,7,141.0
2000-12-07,15,144.2
2000-12-08,18,138.3
2000-12-09,18,134.7
2000-12-10,11,146.6
2000-12-11,8,143.6
2000-12-12,5,149.8
2000-12-13,5,164.6
2000-12-14,3,182.2
2000-12-15,2,187.8
2000-12-16,3,190.5
2000-12-17,9,196.7
2000-12-18,9,198.0
2000-12-19,5,198.6
2000-12-20,3,201.3
2000-12-21,4,194.5
2000-12-22,6,190.0
2000-12-23,21,190.9
2000-12-24,6,193.0
2000-12-25,6,187.0
2000-12-26,6,188.8
2000-12-27,8,187.6
2000-12-28,6,185.4
2000-12-29,6,181.5
2000-12-30,3,182.1
2000-12-31,2,169.5
2001-01-01,2,171.0
2001-01-02,4,176.1
2001-01-03,8,169.9
2001-01-04,11,174.6
2001-01-05,5,176.3
2001-01-06,4,179.4
2001-01-07,5,176.7
2001-01-08,10,167.1
2001-01-09,5,166.3
2001-01-10,5,162.8
2001-01-11,7,165.9
2001-01-12,7,178.3
2001-01-13,6,184.3
2001-01-14,8,176.3
2001-01-15,6,169.2
2001-01-16,6,161.9
2001-01-17,6,151.9
2001-01-18,4,151.5
2001-01-19,4,152.5
2001-01-20,9,153.2
2001-01-21,19,151.5
2001-01-22,12,162.1
2001-01-23,18,167.1
2001-01-24,20,172.5
2001-01-25,6,168.6
2001-01-26,11,165.6
2001-01-27,4,166.8
2001-01-28,8,167.6
2001-01-29,16,165.4
2001-01-30,3,159.6
2001-01-31,18,153.3
2001-02-01,8,160.9
2001-02-02,6,166.3
2001-02-03,1,163.6
2001-02-04,1,148.1
2001-02-05,3,165.3
2001-02-06,14,170.0
2001-02-07,6,164.0
2001-02-08,6,156.5
2001-02-09,5,162.4
2001-02-10,6,160.7
2001-02-11,6,151.3
2001-02-12,6,144.6
2001-02-13,25,141.3
2001-02-14,19,137.9
2001-02-15,5,135.1
2001-02-16,3,129.6
2001-02-17,2,129.8
2001-02-18,3,132.0
2001-02-19,4,137.0
2001-02-20,7,145.5
2001-02-21,6,143.6
2001-02-22,5,145.8
2001-02-23,10,145.2
2001-02-24,4,137.3
2001-02-25,2,134.9
2001-02-26,10,135.4
2001-02-27,12,130.6
2001-02-28,9,131.8
2001-03-01,6,131.4
2001-03-02,8,129.7
2001-03-03,15,139.6
2001-03-04,19,141.0
2001-03-05,20,155.8
2001-03-06,7,157.8
2001-03-07,9,176.6
2001-03-08,6,167.2
2001-03-09,6,161.4
2001-03-10,5,160.1
2001-03-11,4,157.8
2001-03-12,11,157.6
2001-03-13,9,147.3
2001-03-14,7,142.2
2001-03-15,2,136.1
2001-03-16,2,139.9
2001-03-17,4,134.2
2001-03-18,8,139.8
2001-03-19,37,147.0
2001-03-20,74,153.3
2001-03-21,8,159.4
2001-03-22,12,183.0
2001-03-23,28,180.0
2001-03-24,11,218.7
2001-03-25,6,216.8
2001-03-26,4,263.7
2001-03-27,27,273.4
2001-03-28,44,273.5
2001-03-29,22,261.7
2001-03-30,12,256.8
2001-03-31,192,245.6
2001-04-01,38,257.5
2001-04-02,22,228.0
2001-04-03,6,223.1
2001-04-04,23,204.8
2001-04-05,19,398.7
2001-04-06,13,563.5
2001-04-07,20,179.5
2001-04-08,63,169.2
2001-04-09,20,164.8
2001-04-10,11,169.7
2001-04-11,85,159.6
2001-04-12,50,149.0
2001-04-13,50,137.0
2001-04-14,18,138.7
2001-04-15,13,134.2
2001-04-16,8,123.4
2001-04-17,6,126.1
2001-04-18,50,131.8
2001-04-19,6,144.5
2001-04-20,6,180.4
2001-04-21,8,191.1
2001-04-22,37,192.5
2001-04-23,16,196.4
2001-04-24,6,193.5
2001-04-25,6,193.9
2001-04-26,6,196.2
2001-04-27,4,190.8
2001-04-28,40,187.8
2001-04-29,13,191.7
2001-04-30,1,187.8
2001-05-01,3,209.7
2001-05-02,5,176.2
2001-05-03,6,172.3
2001-05-04,7,175.6
2001-05-05,3,160.6
2001-05-06,5,155.0
2001-05-07,12,138.3
2001-05-08,16,128.7
2001-05-09,39,129.4
2001-05-10,23,130.4
2001-05-11,6,136.6
2001-05-12,30,138.1
2001-05-13,27,138.9
2001-05-14,11,138.2
2001-05-15,11,142.1
2001-05-16,7,137.8
2001-05-17,6,147.4
2001-05-18,8,138.2
2001-05-19,10,141.3
2001-05-20,5,141.5
2001-05-21,4,150.1
2001-05-22,7,152.0
2001-05-23,9,158.7
2001-05-24,5,170.3
2001-05-25,7,161.9
2001-05-26,5,147.4
2001-05-27,8,146.9
2001-05-28,18,143.0
2001-05-29,9,138.5
2001-05-30,3,132.3
2001-05-31,2,132.8
2001-06-01,9,133.0
2001-06-02,22,134.0
2001-06-03,6,145.3
2001-06-04,7,153.8
2001-06-05,5,153.4
2001-06-06,6,157.7
2001-06-07,9,164.8
2001-06-08,7,180.2
2001-06-09,25,177.0
2001-06-10,20,163.0
2001-06-11,8,162.4
2001-06-12,4,166.4
2001-06-13,8,181.4
2001-06-14,7,194.7
2001-06-15,7,196.9
2001-06-16,5,207.6
2001-06-17,7,204.6
2001-06-18,36,221.3
2001-06-19,12,195.4
2001-06-20,11,198.5
2001-06-21,13,200.3
2001-06-22,5,203.6
2001-06-23,5,206.2
2001-06-24,7,194.8
2001-06-25,6,182.4
2001-06-26,13,167.9
2001-06-27,6,147.9
2001-06-28,2,140.2
2001-06-29,3,139.9
2001-06-30,6,136.6
2001-07-01,7,135.4
2001-07-02,4,134.3
2001-07-03,6,131.9
2001-07-04,6,127.0
2001-07-05,12,119.6
2001-07-06,8,116.4
2001-07-07,5,117.8
2001-07-08,14,126.3
2001-07-09,10,130.0
2001-07-10,9,130.0
2001-07-11,7,131.9
2001-07-12,6,133.9
2001-07-13,6,133.3
2001-07-14,12,140.8
2001-07-15,10,142.1
2001-07-16,13,149.8
2001-07-17,16,145.6
2001-07-18,8,143.0
2001-07-19,7,142.3
2001-07-20,4,142.6
2001-07-21,4,139.0
2001-07-22,8,140.4
2001-07-23,9,143.2
2001-07-24,12,132.5
2001-07-25,20,133.3
2001-07-26,10,123.4
2001-07-27,6,121.4
2001-07-28,3,115.5
2001-07-29,5,116.9
2001-07-30,7,114.5
2001-07-31,26,116.8
2001-08-01,9,120.2
2001-08-02,6,120.8
2001-08-03,12,131.6
2001-08-04,6,148.4
2001-08-05,21,156.0
2001-08-06,17,163.7
2001-08-07,7,166.3
2001-08-08,6,166.9
2001-08-09,7,163.3
2001-08-10,6,160.3
2001-08-11,4,165.0
2001-08-12,12,159.8
2001-08-13,22,151.5
2001-08-14,10,147.3
2001-08-15,5,146.7
2001-08-16,3,142.6
2001-08-17,42,144.9
2001-08-18,15,156.1
2001-08-19,8,157.5
2001-08-20,6,156.1
2001-08-21,13,160.2
2001-08-22,19,161.5
2001-08-23,8,169.7
2001-08-24,3,174.9
2001-08-25,10,199.0
2001-08-26,10,189.9
2001-08-27,13,192.0
2001-08-28,11,199.2
2001-08-29,5,197.0
2001-08-30,10,199.2
2001-08-31,12,188.7
2001-09-01,4,184.1
2001-09-02,4,182.5
2001-09-03,17,198.7
2001-09-04,15,218.4
2001-09-05,8,218.3
2001-09-06,5,222.2
2001-09-07,3,226.1
2001-09-08,6,249.5
2001-09-09,4,236.2
2001-09-10,3,244.5
2001-09-11,9,249.7
2001-09-12,12,235.1
2001-09-13,18,239.7
2001-09-14,9,236.6
2001-09-15,20,219.3
2001-09-16,8,207.1
2001-09-17,6,199.1
2001-09-18,11,203.8
2001-09-19,9,198.8
2001-09-20,4,226.8
2001-09-21,4,238.6
2001-09-22,8,255.2
2001-09-23,41,258.5
2001-09-24,8,279.3
2001-09-25,33,275.1
2001-09-26,26,282.6
2001-09-27,11,269.5
2001-09-28,14,284.5
2001-09-29,28,239.5
2001-09-30,29,235.8
2001-10-01,48,216.5
2001-10-02,52,200.9
2001-10-03,69,191.7
2001-10-04,17,186.5
2001-10-05,8,176.9
2001-10-06,7,180.4
2001-10-07,3,172.7
2001-10-08,16,171.2
2001-10-09,18,176.4
2001-10-10,7,178.7
2001-10-11,21,174.8
2001-10-12,34,179.2
2001-10-13,11,179.5
2001-10-14,13,191.9
2001-10-15,10,192.9
2001-10-16,7,207.2
2001-10-17,4,217.4
2001-10-18,3,228.7
2001-10-19,9,247.6
2001-10-20,11,244.7
2001-10-21,57,224.1
2001-10-22,96,232.7
2001-10-23,17,226.4
2001-10-24,2,238.7
2001-10-25,7,238.9
2001-10-26,4,236.5
2001-10-27,6,246.5
2001-10-28,44,227.2
2001-10-29,14,215.8
2001-10-30,7,226.0
2001-10-31,12,221.1
2001-11-01,24,235.6
2001-11-02,5,213.5
2001-11-03,2,216.0
2001-11-04,5,227.3
2001-11-05,21,234.6
2001-11-06,142,237.4
2001-11-07,19,268.8
2001-11-08,6,247.8
2001-11-09,5,270.8
2001-11-10,7,245.9
2001-11-11,5,234.0
2001-11-12,2,227.3
2001-11-13,4,231.6
2001-11-14,3,217.2
2001-11-15,9,207.0
2001-11-16,7,202.1
2001-11-17,13,198.5
2001-11-18,10,188.2
2001-11-19,20,191.3
2001-11-20,8,185.0
2001-11-21,4,184.2
2001-11-22,9,282.5
2001-11-23,13,177.3
2001-11-24,104,173.0
2001-11-25,8,170.0
2001-11-26,4,174.8
2001-11-27,2,190.4
2001-11-28,2,198.5
2001-11-29,3,216.4
2001-11-30,2,225.8
2001-12-01,7,221.3
2001-12-02,4,245.0
2001-12-03,8,235.0
2001-12-04,10,233.3
2001-12-05,11,237.0
2001-12-06,11,246.7
2001-12-07,6,225.9
2001-12-08,6,220.5
2001-12-09,3,224.2
2001-12-10,4,219.0
2001-12-11,4,220.6
2001-12-12,11,236.7
2001-12-13,3,220.2
2001-12-14,4,245.8
2001-12-15,9,217.8
2001-12-16,10,209.1
2001-12-17,16,205.5
2001-12-18,9,211.8
2001-12-19,8,208.2
2001-12-20,4,221.1
2001-12-21,14,234.3
2001-12-22,8,242.8
2001-12-23,7,254.6
2001-12-24,23,274.5
2001-12-25,9,258.8
2001-12-26,6,267.8
2001-12-27,7,274.6
2001-12-28,4,655.6
2001-12-29,11,264.4
2001-12-30,21,246.6
2001-12-31,15,245.6
2002-01-01,8,232.2
2002-01-02,8,231.1
2002-01-03,2,220.3
2002-01-04,3,218.2
2002-01-05,2,212.2
2002-01-06,2,196.6
2002-01-07,7,188.6
2002-01-08,11,199.2
2002-01-09,2,228.5
2002-01-10,19,224.6
2002-01-11,27,228.9
2002-01-12,17,233.3
2002-01-13,13,240.7
2002-01-14,8,229.0
2002-01-15,7,218.3
2002-01-16,4,216.1
2002-01-17,8,211.8
2002-01-18,5,210.5
2002-01-19,14,213.7
2002-01-20,10,222.2
2002-01-21,11,224.5
2002-01-22,6,228.7
2002-01-23,8,226.5
2002-01-24,4,230.8
2002-01-25,10,234.8
2002-01-26,8,256.5
2002-01-27,8,248.0
2002-01-28,7,259.8
2002-01-29,4,261.0
2002-01-30,3,256.3
2002-01-31,6,242.6
2002-02-01,14,245.6
2002-02-02,19,240.6
2002-02-03,4,232.9
2002-02-04,6,234.6
2002-02-05,23,220.6
2002-02-06,22,202.5
2002-02-07,15,191.7
2002-02-08,11,191.5
2002-02-09,11,199.4
2002-02-10,9,216.5
2002-02-11,14,201.7
2002-02-12,9,208.3
2002-02-13,12,203.5
2002-02-14,3,196.1
2002-02-15,3,195.0
2002-02-16,5,193.5
2002-02-17,12,196.6
2002-02-18,11,192.8
2002-02-19,6,189.4
2002-02-20,8,193.4
2002-02-21,8,201.1
2002-02-22,8,191.9
2002-02-23,4,188.2
2002-02-24,5,192.8
2002-02-25,6,210.6
2002-02-26,8,207.5
2002-02-27,6,198.6
2002-02-28,25,204.2
2002-03-01,10,187.7
2002-03-02,6,191.0
2002-03-03,11,182.7
2002-03-04,10,174.9
2002-03-05,21,172.2
2002-03-06,17,177.8
2002-03-07,9,179.7
2002-03-08,4,176.8
2002-03-09,5,207.7
2002-03-10,9,179.3
2002-03-11,10,182.3
2002-03-12,11,178.4
2002-03-13,5,184.3
2002-03-14,3,180.7
2002-03-15,5,175.9
2002-03-16,3,184.6
2002-03-17,2,184.4
2002-03-18,14,178.1
2002-03-19,19,174.8
2002-03-20,9,187.8
2002-03-21,7,174.1
2002-03-22,6,171.6
2002-03-23,13,170.4
2002-03-24,45,175.3
2002-03-25,7,170.0
2002-03-26,11,165.7
2002-03-27,4,169.1
2002-03-28,2,176.2
2002-03-29,5,181.3
2002-03-30,20,188.7
2002-03-31,20,204.4
2002-04-01,18,207.0
2002-04-02,14,206.0
2002-04-03,14,209.4
2002-04-04,5,216.2
2002-04-05,3,217.4
2002-04-06,4,206.3
2002-04-07,7,207.9
2002-04-08,2,206.2
2002-04-09,3,205.0
2002-04-10,5,194.3
2002-04-11,15,197.4
2002-04-12,16,211.9
2002-04-13,17,226.0
2002-04-14,13,210.3
2002-04-15,6,203.3
2002-04-16,7,195.7
2002-04-17,62,193.5
2002-04-18,63,188.2
2002-04-19,62,179.7
2002-04-20,70,177.3
2002-04-21,5,173.4
2002-04-22,11,169.9
2002-04-23,27,175.3
2002-04-24,7,176.9
2002-04-25,3,167.3
2002-04-26,3,162.6
2002-04-27,10,156.9
2002-04-28,20,147.1
2002-04-29,9,153.0
2002-04-30,7,153.4
2002-05-01,4,162.4
2002-05-02,5,169.0
2002-05-03,5,179.1
2002-05-04,4,189.5
2002-05-05,3,180.0
2002-05-06,8,190.8
2002-05-07,8,186.8
2002-05-08,8,186.6
2002-05-09,6,190.0
2002-05-10,15,191.0
2002-05-11,49,188.0
2002-05-12,15,183.3
2002-05-13,8,172.0
2002-05-14,29,160.7
2002-05-15,12,159.2
2002-05-16,7,158.4
2002-05-17,5,157.1
2002-05-18,14,163.0
2002-05-19,11,170.9
2002-05-20,10,171.3
2002-05-21,10,185.9
2002-05-22,8,181.1
2002-05-23,78,180.3
2002-05-24,2,189.1
2002-05-25,4,182.6
2002-05-26,7,183.1
2002-05-27,22,186.7
2002-05-28,9,186.4
2002-05-29,7,184.8
2002-05-30,6,180.1
2002-05-31,3,181.9
2002-06-01,4,178.8
2002-06-02,16,174.9
2002-06-03,10,170.4
2002-06-04,13,169.8
2002-06-05,6,159.0
2002-06-06,4,154.5
2002-06-07,5,158.3
2002-06-08,14,155.2
2002-06-09,8,157.1
2002-06-10,14,151.6
2002-06-11,8,147.8
2002-06-12,6,141.7
2002-06-13,7,133.4
2002-06-14,4,131.4
2002-06-15,4,135.3
2002-06-16,7,136.7
2002-06-17,4,142.9
2002-06-18,10,142.9
2002-06-19,11,145.8
2002-06-20,5,145.1
2002-06-21,7,139.6
2002-06-22,6,142.0
2002-06-23,9,142.8
2002-06-24,5,150.3
2002-06-25,8,144.7
2002-06-26,5,143.8
2002-06-27,2,138.6
2002-06-28,2,137.3
2002-06-29,5,142.7
2002-06-30,12,146.5
2002-07-01,14,147.4
2002-07-02,5,148.5
2002-07-03,4,172.5
2002-07-04,5,146.3
2002-07-05,12,138.8
2002-07-06,22,133.5
2002-07-07,8,136.9
2002-07-08,8,130.9
2002-07-09,12,136.3
2002-07-10,7,128.8
2002-07-11,5,136.4
2002-07-12,19,133.2
2002-07-13,6,134.9
2002-07-14,2,143.8
2002-07-15,4,323.6
2002-07-16,12,171.5
2002-07-17,20,180.0
2002-07-18,5,180.7
2002-07-19,10,182.3
2002-07-20,18,184.8
2002-07-21,20,182.8
2002-07-22,16,189.7
2002-07-23,17,198.3
2002-07-24,7,208.4
2002-07-25,12,217.7
2002-07-26,12,241.5
2002-07-27,17,230.8
2002-07-28,11,238.8
2002-07-29,10,234.0
2002-07-30,6,227.2
2002-07-31,7,208.5
2002-08-01,25,192.6
2002-08-02,42,180.3
2002-08-03,14,167.8
2002-08-04,13,150.9
2002-08-05,4,141.9
2002-08-06,4,144.6
2002-08-07,4,136.2
2002-08-08,6,134.6
2002-08-09,14,140.1
2002-08-10,15,148.4
2002-08-11,13,172.3
2002-08-12,12,183.9
2002-08-13,8,191.8
2002-08-14,12,208.1
2002-08-15,22,210.3
2002-08-16,11,213.8
2002-08-17,8,226.7
2002-08-18,21,241.0
2002-08-19,30,237.0
2002-08-20,30,227.5
2002-08-21,32,219.9
2002-08-22,8,220.1
2002-08-23,7,224.5
2002-08-24,4,195.6
2002-08-25,5,178.6
2002-08-26,16,168.6
2002-08-27,13,161.4
2002-08-28,7,163.2
2002-08-29,8,169.3
2002-08-30,8,171.9
2002-08-31,7,180.3
2002-09-01,11,180.5
2002-09-02,8,173.8
2002-09-03,7,171.4
2002-09-04,42,171.3
2002-09-05,7,175.2
2002-09-06,7,178.1
2002-09-07,57,182.8
2002-09-08,36,191.6
2002-09-09,9,206.0
2002-09-10,24,220.5
2002-09-11,26,216.1
2002-09-12,14,212.4
2002-09-13,11,206.1
2002-09-14,8,206.9
2002-09-15,6,187.8
2002-09-16,6,182.6
2002-09-17,11,194.0
2002-09-18,14,176.8
2002-09-19,15,165.3
2002-09-20,4,164.4
2002-09-21,6,158.6
2002-09-22,6,160.0
2002-09-23,2,153.8
2002-09-24,2,157.9
2002-09-25,2,153.4
2002-09-26,5,149.9
2002-09-27,6,151.6
2002-09-28,5,148.6
2002-09-29,4,138.1
2002-09-30,28,139.7
2002-10-01,67,139.8
2002-10-02,53,135.8
2002-10-03,45,145.9
2002-10-04,64,157.5
2002-10-05,28,155.1
2002-10-06,15,161.7
2002-10-07,48,163.8
2002-10-08,33,165.4
2002-10-09,20,167.2
2002-10-10,16,171.9
2002-10-11,6,179.4
2002-10-12,6,180.4
2002-10-13,5,179.2
2002-10-14,23,181.2
2002-10-15,18,176.8
2002-10-16,18,182.5
2002-10-17,13,178.9
2002-10-18,14,172.6
2002-10-19,14,179.5
2002-10-20,10,180.3
2002-10-21,8,182.5
2002-10-22,10,169.4
2002-10-23,11,163.6
2002-10-24,63,160.3
2002-10-25,39,172.9
2002-10-26,27,158.0
2002-10-27,25,157.1
2002-10-28,19,158.3
2002-10-29,14,161.6
2002-10-30,16,167.7
2002-10-31,20,170.2
2002-11-01,7,162.2
2002-11-02,28,164.6
2002-11-03,35,169.2
2002-11-04,23,177.4
2002-11-05,24,183.1
2002-11-06,21,184.5
2002-11-07,13,189.8
2002-11-08,5,189.0
2002-11-09,6,190.6
2002-11-10,17,191.4
2002-11-11,12,184.7
2002-11-12,17,178.2
2002-11-13,13,182.4
2002-11-14,8,184.1
2002-11-15,12,197.5
2002-11-16,7,199.2
2002-11-17,7,184.7
2002-11-18,10,178.9
2002-11-19,14,168.2
2002-11-20,25,159.1
2002-11-21,50,150.9
2002-11-22,26,149.1
2002-11-23,17,147.5
2002-11-24,15,146.2
2002-11-25,15,136.8
2002-11-26,13,142.3
2002-11-27,24,142.6
2002-11-28,12,139.7
2002-11-29,14,141.3
2002-11-30,16,146.2
2002-12-01,18,149.6
2002-12-02,13,146.1
2002-12-03,11,145.9
2002-12-04,12,148.7
2002-12-05,9,148.7
2002-12-06,9,148.2
2002-12-07,18,151.1
2002-12-08,12,154.4
2002-12-09,6,156.3
2002-12-10,5,161.4
2002-12-11,4,152.3
2002-12-12,5,153.1
2002-12-13,4,166.9
2002-12-14,13,185.9
2002-12-15,8,203.0
2002-12-16,5,202.9
2002-12-17,3,212.5
2002-12-18,3,196.9
2002-12-19,25,192.9
2002-12-20,21,196.6
2002-12-21,21,183.9
2002-12-22,10,172.0
2002-12-23,24,158.9
2002-12-24,20,147.3
2002-12-25,12,131.9
2002-12-26,15,127.4
2002-12-27,37,116.5
2002-12-28,19,116.9
2002-12-29,13,114.8
2002-12-30,11,113.8
2002-12-31,7,115.1
2003-01-01,7,115.0
2003-01-02,6,118.3
2003-01-03,18,137.6
2003-01-04,16,143.0
2003-01-05,7,148.1
2003-01-06,4,162.1
2003-01-07,6,163.2
2003-01-08,4,173.7
2003-01-09,3,182.9
2003-01-10,12,184.7
2003-01-11,10,188.8
2003-01-12,8,173.4
2003-01-13,7,171.8
2003-01-14,9,164.0
2003-01-15,7,149.9
2003-01-16,5,144.6
2003-01-17,7,141.7
2003-01-18,12,137.4
2003-01-19,18,130.2
2003-01-20,19,138.0
2003-01-21,18,133.6
2003-01-22,19,129.5
2003-01-23,20,135.9
2003-01-24,18,129.8
2003-01-25,28,128.9
2003-01-26,20,125.0
2003-01-27,10,121.3
2003-01-28,13,125.6
2003-01-29,16,124.4
2003-01-30,25,121.2
2003-01-31,17,120.4
2003-02-01,14,125.8
2003-02-02,52,126.7
2003-02-03,22,132.5
2003-02-04,31,134.8
2003-02-05,14,140.1
2003-02-06,14,149.5
2003-02-07,13,147.3
2003-02-08,16,139.2
2003-02-09,19,141.4
2003-02-10,16,136.2
2003-02-11,10,134.9
2003-02-12,13,131.6
2003-02-13,7,130.6
2003-02-14,20,131.4
2003-02-15,23,123.6
2003-02-16,17,118.5
2003-02-17,12,112.1
2003-02-18,21,109.9
2003-02-19,13,116.3
2003-02-20,17,118.3
2003-02-21,14,119.6
2003-02-22,11,106.6
2003-02-23,11,104.0
2003-02-24,6,102.0
2003-02-25,5,101.6
2003-02-26,15,109.4
2003-02-27,30,117.6
2003-02-28,18,124.9
2003-03-01,15,138.1
2003-03-02,11,147.3
2003-03-03,24,149.1
2003-03-04,34,146.0
2003-03-05,19,148.5
2003-03-06,27,150.3
2003-03-07,15,149.9
2003-03-08,8,148.3
2003-03-09,11,152.7
2003-03-10,16,143.7
2003-03-11,12,141.5
2003-03-12,8,138.0
2003-03-13,14,134.2
2003-03-14,23,138.9
2003-03-15,26,130.7
2003-03-16,31,128.6
2003-03-17,42,164.1
2003-03-18,28,118.4
2003-03-19,12,108.2
2003-03-20,25,97.4
2003-03-21,30,91.0
2003-03-22,16,89.0
2003-03-23,22,93.0
2003-03-24,6,97.8
2003-03-25,3,108.8
2003-03-26,8,127.2
2003-03-27,25,141.1
2003-03-28,27,146.9
2003-03-29,37,155.1
2003-03-30,39,154.5
2003-03-31,43,160.1
2003-04-01,18,153.0
2003-04-02,24,157.5
2003-04-03,17,155.7
2003-04-04,28,165.5
2003-04-05,28,137.4
2003-04-06,9,125.9
2003-04-07,5,115.6
2003-04-08,22,112.3
2003-04-09,22,109.4
2003-04-10,23,103.7
2003-04-11,14,102.6
2003-04-12,9,102.1
2003-04-13,9,102.4
2003-04-14,17,102.0
2003-04-15,17,100.5
2003-04-16,33,98.5
2003-04-17,28,101.0
2003-04-18,21,107.8
2003-04-19,9,112.1
2003-04-20,14,118.5
2003-04-21,22,125.8
2003-04-22,23,132.4
2003-04-23,19,132.8
2003-04-24,27,128.3
2003-04-25,33,143.6
2003-04-26,15,143.7
2003-04-27,13,154.1
2003-04-28,14,152.2
2003-04-29,27,155.1
2003-04-30,45,153.5
2003-05-01,43,148.7
2003-05-02,15,156.5
2003-05-03,9,147.7
2003-05-04,5,142.0
2003-05-05,14,128.8
2003-05-06,28,122.0
2003-05-07,38,110.2
2003-05-08,39,100.9
2003-05-09,31,97.1
2003-05-10,42,92.7
2003-05-11,31,91.5
2003-05-12,20,93.9
2003-05-13,24,96.1
2003-05-14,29,96.3
2003-05-15,22,99.2
2003-05-16,9,102.6
2003-05-17,7,102.4
2003-05-18,8,109.0
2003-05-19,10,114.7
2003-05-20,10,117.1
2003-05-21,29,119.3
2003-05-22,26,118.4
2003-05-23,16,117.9
2003-05-24,21,116.8
2003-05-25,16,121.1
2003-05-26,16,125.1
2003-05-27,30,128.8
2003-05-28,34,130.2
2003-05-29,109,137.8
2003-05-30,59,117.2
2003-05-31,20,113.1
2003-06-01,22,112.3
2003-06-02,38,121.4
2003-06-03,29,114.5
2003-06-04,22,105.6
2003-06-05,10,113.6
2003-06-06,13,125.6
2003-06-07,25,133.2
2003-06-08,37,153.4
2003-06-09,28,158.3
2003-06-10,24,176.5
2003-06-11,12,192.9
2003-06-12,7,163.5
2003-06-13,9,151.0
2003-06-14,28,133.5
2003-06-15,18,128.7
2003-06-16,40,122.6
2003-06-17,49,121.9
2003-06-18,60,120.4
2003-06-19,14,122.9
2003-06-20,11,116.9
2003-06-21,22,115.0
2003-06-22,12,110.2
2003-06-23,18,113.5
2003-06-24,23,114.5
2003-06-25,16,116.3
2003-06-26,16,118.9
2003-06-27,31,123.9
2003-06-28,42,123.9
2003-06-29,24,127.3
2003-06-30,17,128.2
2003-07-01,8,131.1
2003-07-02,12,134.8
2003-07-03,19,132.2
2003-07-04,22,140.0
2003-07-05,18,141.9
2003-07-06,9,129.6
2003-07-07,11,133.3
2003-07-08,3,131.3
2003-07-09,4,126.0
2003-07-10,7,122.8
2003-07-11,52,122.0
2003-07-12,43,121.5
2003-07-13,13,126.5
2003-07-14,14,127.2
2003-07-15,28,125.8
2003-07-16,48,133.1
2003-07-17,18,138.7
2003-07-18,15,139.7
2003-07-19,30,146.0
2003-07-20,17,157.3
2003-07-21,7,155.6
2003-07-22,6,152.5
2003-07-23,9,144.1
2003-07-24,7,125.2
2003-07-25,8,111.6
2003-07-26,33,102.6
2003-07-27,22,101.7
2003-07-28,21,103.4
2003-07-29,38,99.9
2003-07-30,27,98.7
2003-07-31,35,102.1
2003-08-01,39,107.3
2003-08-02,21,111.4
2003-08-03,14,120.0
2003-08-04,10,122.5
2003-08-05,7,130.6
2003-08-06,32,128.7
2003-08-07,32,137.0
2003-08-08,33,132.9
2003-08-09,14,130.0
2003-08-10,9,131.1
2003-08-11,10,129.2
2003-08-12,26,123.3
2003-08-13,15,130.8
2003-08-14,14,129.7
2003-08-15,11,131.4
2003-08-16,8,126.9
2003-08-17,20,119.3
2003-08-18,108,115.9
2003-08-19,19,116.7
2003-08-20,17,111.8
2003-08-21,58,119.2
2003-08-22,46,120.9
2003-08-23,36,120.2
2003-08-24,20,116.4
2003-08-25,20,116.5
2003-08-26,11,120.8
2003-08-27,8,125.7
2003-08-28,18,118.7
2003-08-29,16,116.3
2003-08-30,14,114.0
2003-08-31,6,109.7
2003-09-01,13,108.1
2003-09-02,12,105.7
2003-09-03,15,110.5
2003-09-04,22,112.2
2003-09-05,16,108.0
2003-09-06,8,104.9
2003-09-07,4,107.8
2003-09-08,5,98.8
2003-09-09,22,95.9
2003-09-10,21,99.3
2003-09-11,14,96.7
2003-09-12,9,94.4
2003-09-13,8,96.1
2003-09-14,4,94.7
2003-09-15,4,97.3
2003-09-16,34,99.3
2003-09-17,70,105.9
2003-09-18,50,109.2
2003-09-19,39,111.1
2003-09-20,27,111.9
2003-09-21,18,119.9
2003-09-22,17,122.6
2003-09-23,15,124.9
2003-09-24,41,133.5
2003-09-25,28,132.6
2003-09-26,15,131.1
2003-09-27,6,129.7
2003-09-28,4,137.0
2003-09-29,4,135.1
2003-09-30,4,133.0
2003-10-01,10,136.8
2003-10-02,8,124.8
2003-10-03,17,120.1
2003-10-04,5,119.0
2003-10-05,5,109.6
2003-10-06,9,112.1
2003-10-07,15,111.9
2003-10-08,6,113.3
2003-10-09,7,110.8
2003-10-10,2,111.8
2003-10-11,2,105.8
2003-10-12,4,97.8
2003-10-13,16,94.4
2003-10-14,66,92.4
2003-10-15,44,95.9
2003-10-16,29,95.2
2003-10-17,32,98.8
2003-10-18,25,108.6
2003-10-19,37,120.4
2003-10-20,36,135.1
2003-10-21,49,151.5
2003-10-22,34,191.0
2003-10-23,6,209.3
2003-10-24,38,190.6
2003-10-25,16,221.5
2003-10-26,10,298.3
2003-10-27,11,257.2
2003-10-28,25,274.4
2003-10-29,204,291.7
2003-10-30,191,271.4
2003-10-31,116,248.9
2003-11-01,26,210.4
2003-11-02,18,190.4
2003-11-03,13,166.9
2003-11-04,38,560.9
2003-11-05,6,114.0
2003-11-06,17,97.8
2003-11-07,8,91.0
2003-11-08,8,92.7
2003-11-09,29,93.0
2003-11-10,27,94.6
2003-11-11,61,95.6
2003-11-12,30,98.7
2003-11-13,52,102.1
2003-11-14,38,98.9
2003-11-15,40,97.8
2003-11-16,41,104.4
2003-11-17,39,121.0
2003-11-18,26,144.3
2003-11-19,12,155.1
2003-11-20,150,175.2
2003-11-21,42,177.0
2003-11-22,30,176.2
2003-11-23,22,178.2
2003-11-24,13,177.3
2003-11-25,14,170.7
2003-11-26,8,170.9
2003-11-27,6,174.7
2003-11-28,5,167.7
2003-11-29,6,165.9
2003-11-30,12,152.8
2003-12-01,10,143.3
2003-12-02,7,139.3
2003-12-03,4,123.8
2003-12-04,6,115.8
2003-12-05,39,111.7
2003-12-06,23,108.9
2003-12-07,14,92.0
2003-12-08,35,93.7
2003-12-09,29,92.2
2003-12-10,41,89.2
2003-12-11,40,86.1
2003-12-12,25,87.2
2003-12-13,26,87.8
2003-12-14,27,92.4
2003-12-15,25,100.8
2003-12-16,10,106.3
2003-12-17,7,117.5
2003-12-18,3,123.0
2003-12-19,1,122.5
2003-12-20,16,130.1
2003-12-21,24,133.4
2003-12-22,18,137.6
2003-12-23,7,142.0
2003-12-24,6,138.9
2003-12-25,5,139.1
2003-12-26,8,137.2
2003-12-27,11,161.5
2003-12-28,13,119.0
2003-12-29,5,114.5
2003-12-30,6,107.7
2003-12-31,19,105.6
2004-01-01,24,116.0
2004-01-02,15,116.5
2004-01-03,22,116.1
2004-01-04,22,119.4
2004-01-05,25,123.0
2004-01-06,24,117.3
2004-01-07,29,118.8
2004-01-08,7,120.1
2004-01-09,23,118.4
2004-01-10,26,119.2
2004-01-11,19,118.5
2004-01-12,9,118.3
2004-01-13,20,117.9
2004-01-14,12,121.1
2004-01-15,18,119.1
2004-01-16,29,120.3
2004-01-17,18,122.6
2004-01-18,18,119.5
2004-01-19,18,134.6
2004-01-20,18,128.9
2004-01-21,14,130.1
2004-01-22,64,121.8
2004-01-23,43,115.2
2004-01-24,18,107.5
2004-01-25,38,102.3
2004-01-26,18,98.0
2004-01-27,17,93.7
2004-01-28,23,88.5
2004-01-29,9,87.4
2004-01-30,19,92.7
2004-01-31,10,94.4
2004-02-01,10,97.3
2004-02-02,18,101.5
2004-02-03,20,99.4
2004-02-04,15,101.4
2004-02-05,12,105.5
2004-02-06,21,106.7
2004-02-07,7,111.1
2004-02-08,4,116.2
2004-02-09,7,117.8
2004-02-10,6,116.5
2004-02-11,28,114.2
2004-02-12,30,112.2
2004-02-13,25,107.8
2004-02-14,20,103.7
2004-02-15,24,102.1
2004-02-16,7,98.7
2004-02-17,4,101.9
2004-02-18,8,97.7
2004-02-19,8,96.4
2004-02-20,4,95.4
2004-02-21,7,98.2
2004-02-22,8,103.9
2004-02-23,9,104.3
2004-02-24,11,105.5
2004-02-25,6,118.5
2004-02-26,3,120.8
2004-02-27,12,122.2
2004-02-28,19,115.8
2004-02-29,24,110.0
2004-03-01,21,101.8
2004-03-02,21,98.8
2004-03-03,13,90.4
2004-03-04,6,97.5
2004-03-05,5,106.7
2004-03-06,3,104.5
2004-03-07,3,106.1
2004-03-08,3,107.8
2004-03-09,28,108.7
2004-03-10,45,112.6
2004-03-11,40,113.2
2004-03-12,28,107.5
2004-03-13,14,103.8
2004-03-14,16,102.5
2004-03-15,15,101.4
2004-03-16,10,109.6
2004-03-17,6,109.8
2004-03-18,10,115.4
2004-03-19,7,112.2
2004-03-20,12,113.6
2004-03-21,11,111.2
2004-03-22,13,116.4
2004-03-23,7,118.3
2004-03-24,3,119.7
2004-03-25,4,127.0
2004-03-26,17,123.8
2004-03-27,22,127.6
2004-03-28,21,129.0
2004-03-29,10,128.6
2004-03-30,14,126.7
2004-03-31,9,121.2
2004-04-01,4,112.8
2004-04-02,3,108.1
2004-04-03,41,107.4
2004-04-04,18,108.9
2004-04-05,24,108.7
2004-04-06,25,101.4
2004-04-07,12,98.1
2004-04-08,14,93.5
2004-04-09,16,90.0
2004-04-10,11,87.7
2004-04-11,10,89.6
2004-04-12,10,91.3
2004-04-13,6,93.1
2004-04-14,4,95.2
2004-04-15,7,96.7
2004-04-16,13,96.9
2004-04-17,8,98.2
2004-04-18,8,109.0
2004-04-19,6,113.4
2004-04-20,4,110.7
2004-04-21,7,112.7
2004-04-22,4,117.1
2004-04-23,19,115.3
2004-04-24,10,111.6
2004-04-25,11,107.1
2004-04-26,5,99.6
2004-04-27,4,95.1
2004-04-28,9,89.5
2004-04-29,4,88.5
2004-04-30,16,89.4
2004-05-01,9,94.2
2004-05-02,6,97.5
2004-05-03,6,91.3
2004-05-04,7,87.4
2004-05-05,14,88.5
2004-05-06,8,86.4
2004-05-07,16,85.2
2004-05-08,8,87.2
2004-05-09,5,93.2
2004-05-10,6,93.0
2004-05-11,12,90.2
2004-05-12,12,98.8
2004-05-13,12,100.8
2004-05-14,5,109.6
2004-05-15,7,115.3
2004-05-16,4,118.3
2004-05-17,4,111.1
2004-05-18,4,107.8
2004-05-19,9,108.8
2004-05-20,13,104.6
2004-05-21,7,106.9
2004-05-22,8,102.4
2004-05-23,11,104.0
2004-05-24,10,105.2
2004-05-25,4,102.4
2004-05-26,3,103.3
2004-05-27,4,101.8
2004-05-28,7,102.4
2004-05-29,15,101.2
2004-05-30,12,99.6
2004-05-31,12,95.4
2004-06-01,16,90.0
2004-06-02,10,90.4
2004-06-03,8,90.0
2004-06-04,7,89.4
2004-06-05,11,84.5
2004-06-06,11,88.4
2004-06-07,8,88.5
2004-06-08,9,86.0
2004-06-09,13,85.2
2004-06-10,10,82.5
2004-06-11,5,83.9
2004-06-12,3,88.0
2004-06-13,4,95.2
2004-06-14,10,99.9
2004-06-15,18,109.4
2004-06-16,7,111.5
2004-06-17,7,111.3
2004-06-18,9,107.8
2004-06-19,4,112.7
2004-06-20,4,119.1
2004-06-21,4,115.8
2004-06-22,2,116.7
2004-06-23,3,112.5
2004-06-24,3,108.3
2004-06-25,3,102.9
2004-06-26,8,98.9
2004-06-27,3,97.2
2004-06-28,14,89.4
2004-06-29,19,85.1
2004-06-30,8,81.8
2004-07-01,8,81.3
2004-07-02,8,80.7
2004-07-03,6,79.5
2004-07-04,5,79.4
2004-07-05,6,78.2
2004-07-06,5,78.9
2004-07-07,3,79.3
2004-07-08,2,81.8
2004-07-09,4,86.7
2004-07-10,6,93.3
2004-07-11,18,104.4
2004-07-12,12,125.0
2004-07-13,14,149.5
2004-07-14,6,138.1
2004-07-15,6,145.7
2004-07-16,9,146.5
2004-07-17,21,149.2
2004-07-18,6,155.1
2004-07-19,8,170.2
2004-07-20,8,175.2
2004-07-21,4,172.2
2004-07-22,31,172.9
2004-07-23,52,165.1
2004-07-24,37,147.2
2004-07-25,154,156.2
2004-07-26,47,128.0
2004-07-27,186,118.1
2004-07-28,15,100.7
2004-07-29,6,99.7
2004-07-30,7,88.7
2004-07-31,7,86.4
2004-08-01,8,83.4
2004-08-02,6,84.5
2004-08-03,3,87.6
2004-08-04,3,85.4
2004-08-05,5,88.9
2004-08-06,5,91.0
2004-08-07,15,94.6
2004-08-08,3,104.8
2004-08-09,14,113.9
2004-08-10,16,121.4
2004-08-11,10,130.8
2004-08-12,7,147.2
2004-08-13,6,148.6
2004-08-14,7,149.2
2004-08-15,4,138.8
2004-08-16,5,133.6
2004-08-17,10,135.0
2004-08-18,8,139.9
2004-08-19,4,120.6
2004-08-20,15,121.4
2004-08-21,16,120.0
2004-08-22,12,115.2
2004-08-23,5,109.5
2004-08-24,3,104.9
2004-08-25,4,100.4
2004-08-26,5,97.5
2004-08-27,6,90.5
2004-08-28,7,87.2
2004-08-29,5,86.1
2004-08-30,42,89.9
2004-08-31,28,88.1
2004-09-01,7,89.9
2004-09-02,6,93.9
2004-09-03,2,96.7
2004-09-04,2,99.3
2004-09-05,7,103.2
2004-09-06,14,106.5
2004-09-07,11,118.9
2004-09-08,7,124.5
2004-09-09,3,131.0
2004-09-10,2,130.0
2004-09-11,2,116.4
2004-09-12,2,114.6
2004-09-13,8,117.7
2004-09-14,32,114.7
2004-09-15,14,109.6
2004-09-16,19,108.3
2004-09-17,21,104.5
2004-09-18,15,102.7
2004-09-19,5,105.2
2004-09-20,12,100.5
2004-09-21,8,94.9
2004-09-22,16,91.4
2004-09-23,12,90.2
2004-09-24,6,89.4
2004-09-25,3,89.5
2004-09-26,3,89.5
2004-09-27,4,89.8
2004-09-28,7,89.9
2004-09-29,4,89.8
2004-09-30,3,88.2
2004-10-01,3,88.0
2004-10-02,11,88.0
2004-10-03,12,89.0
2004-10-04,12,90.7
2004-10-05,4,90.8
2004-10-06,3,92.1
2004-10-07,2,93.8
2004-10-08,5,90.6
2004-10-09,5,88.0
2004-10-10,8,89.0
2004-10-11,11,86.9
2004-10-12,9,87.6
2004-10-13,33,88.5
2004-10-14,22,90.7
2004-10-15,8,89.2
2004-10-16,4,91.7
2004-10-17,2,91.9
2004-10-18,3,96.2
2004-10-19,4,99.1
2004-10-20,12,111.3
2004-10-21,8,112.1
2004-10-22,6,122.5
2004-10-23,2,131.6
2004-10-24,8,140.2
2004-10-25,12,141.4
2004-10-26,1,136.7
2004-10-27,3,129.5
2004-10-28,2,135.8
2004-10-29,6,130.6
2004-10-30,17,136.4
2004-10-31,12,139.2
2004-11-01,5,135.5
2004-11-02,4,133.1
2004-11-03,10,135.9
2004-11-04,8,136.0
2004-11-05,4,141.2
2004-11-06,1,128.8
2004-11-07,50,129.6
2004-11-08,140,124.1
2004-11-09,119,140.9
2004-11-10,161,104.6
2004-11-11,24,94.9
2004-11-12,30,96.0
2004-11-13,7,96.4
2004-11-14,8,100.3
2004-11-15,2,105.6
2004-11-16,7,106.6
2004-11-17,6,104.9
2004-11-18,2,104.0
2004-11-19,4,103.4
2004-11-20,20,99.3
2004-11-21,17,100.9
2004-11-22,8,106.3
2004-11-23,6,106.9
2004-11-24,8,107.3
2004-11-25,20,109.4
2004-11-26,12,111.1
2004-11-27,11,110.3
2004-11-28,13,112.8
2004-11-29,17,111.4
2004-11-30,18,110.6
2004-12-01,12,111.0
2004-12-02,4,105.6
2004-12-03,3,100.8
2004-12-04,0,97.4
2004-12-05,9,95.9
2004-12-06,20,93.2
2004-12-07,15,89.7
2004-12-08,11,96.5
2004-12-09,8,87.4
2004-12-10,10,84.8
2004-12-11,15,89.8
2004-12-12,28,90.5
2004-12-13,10,89.7
2004-12-14,7,89.3
2004-12-15,6,89.3
2004-12-16,13,90.0
2004-12-17,16,89.9
2004-12-18,13,90.6
2004-12-19,3,94.0
2004-12-20,4,93.9
2004-12-21,12,101.0
2004-12-22,20,98.8
2004-12-23,6,96.4
2004-12-24,3,97.2
2004-12-25,14,93.0
2004-12-26,11,91.7
2004-12-27,8,96.9
2004-12-28,16,105.2
2004-12-29,16,98.5
2004-12-30,18,100.0
2004-12-31,7,98.5
2005-01-01,18,98.9
2005-01-02,37,100.0
2005-01-03,19,94.2
2005-01-04,26,88.0
2005-01-05,17,86.9
2005-01-06,4,83.2
2005-01-07,40,83.5
2005-01-08,36,87.3
2005-01-09,4,87.5
2005-01-10,6,90.1
2005-01-11,14,94.2
2005-01-12,32,102.1
2005-01-13,15,115.6
2005-01-14,16,129.8
2005-01-15,18,144.9
2005-01-16,16,144.5
2005-01-17,58,137.5
2005-01-18,84,124.3
2005-01-19,60,132.5
2005-01-20,17,122.7
2005-01-21,66,113.5
2005-01-22,33,102.2
2005-01-23,19,95.8
2005-01-24,10,94.6
2005-01-25,4,94.1
2005-01-26,3,89.3
2005-01-27,2,86.9
2005-01-28,6,84.9
2005-01-29,20,86.4
2005-01-30,17,85.5
2005-01-31,19,86.2
2005-02-01,6,83.7
2005-02-02,9,81.8
2005-02-03,9,83.0
2005-02-04,3,82.1
2005-02-05,2,94.6
2005-02-06,10,97.0
2005-02-07,30,103.1
2005-02-08,32,108.2
2005-02-09,25,108.6
2005-02-10,21,114.1
2005-02-11,12,114.1
2005-02-12,4,116.4
2005-02-13,4,115.5
2005-02-14,5,118.1
2005-02-15,4,121.7
2005-02-16,14,112.8
2005-02-17,6,111.3
2005-02-18,32,104.2
2005-02-19,16,98.5
2005-02-20,14,95.7
2005-02-21,6,94.5
2005-02-22,4,92.3
2005-02-23,4,84.6
2005-02-24,5,80.3
2005-02-25,9,78.2
2005-02-26,10,76.6
2005-02-27,8,75.8
2005-02-28,13,75.0
2005-03-01,11,73.7
2005-03-02,14,74.6
2005-03-03,4,77.0
2005-03-04,2,78.9
2005-03-05,11,81.2
2005-03-06,37,83.6
2005-03-07,40,87.0
2005-03-08,29,93.5
2005-03-09,25,99.9
2005-03-10,14,101.6
2005-03-11,5,104.9
2005-03-12,3,110.1
2005-03-13,5,113.8
2005-03-14,19,111.5
2005-03-15,4,108.2
2005-03-16,6,104.6
2005-03-17,13,101.7
2005-03-18,10,96.5
2005-03-19,11,93.0
2005-03-20,4,89.0
2005-03-21,8,89.8
2005-03-22,3,87.3
2005-03-23,4,87.7
2005-03-24,5,87.1
2005-03-25,20,82.1
2005-03-26,16,77.7
2005-03-27,14,78.4
2005-03-28,4,79.7
2005-03-29,4,78.8
2005-03-30,7,77.6
2005-03-31,9,76.7
2005-04-01,5,78.3
2005-04-02,3,80.2
2005-04-03,5,81.1
2005-04-04,26,84.8
2005-04-05,50,88.3
2005-04-06,10,88.0
2005-04-07,6,87.8
2005-04-08,3,87.7
2005-04-09,3,88.4
2005-04-10,2,88.3
2005-04-11,11,87.5
2005-04-12,30,84.9
2005-04-13,30,83.5
2005-04-14,16,85.4
2005-04-15,13,84.9
2005-04-16,6,82.9
2005-04-17,4,83.6
2005-04-18,6,81.3
2005-04-19,7,78.2
2005-04-20,20,77.0
2005-04-21,3,77.1
2005-04-22,8,77.2
2005-04-23,6,79.3
2005-04-24,8,82.3
2005-04-25,8,86.0
2005-04-26,2,90.9
2005-04-27,1,95.3
2005-04-28,2,98.0
2005-04-29,10,105.0
2005-04-30,24,106.4
2005-05-01,22,111.6
2005-05-02,7,112.2
2005-05-03,9,112.3
2005-05-04,5,108.7
2005-05-05,4,109.1
2005-05-06,4,110.4
2005-05-07,10,99.9
2005-05-08,91,101.3
2005-05-09,10,110.0
2005-05-10,7,119.2
2005-05-11,12,125.3
2005-05-12,14,117.4
2005-05-13,21,125.9
2005-05-14,6,99.5
2005-05-15,87,103.0
2005-05-16,41,99.1
2005-05-17,16,90.0
2005-05-18,7,83.8
2005-05-19,7,84.7
2005-05-20,23,83.5
2005-05-21,18,81.9
2005-05-22,9,82.1
2005-05-23,4,83.4
2005-05-24,3,85.2
2005-05-25,4,83.8
2005-05-26,2,90.4
2005-05-27,2,95.5
2005-05-28,12,92.5
2005-05-29,20,92.7
2005-05-30,90,94.9
2005-05-31,14,96.3
2005-06-01,6,94.3
2005-06-02,6,93.3
2005-06-03,6,95.3
2005-06-04,22,96.9
2005-06-05,17,105.4
2005-06-06,10,106.0
2005-06-07,13,109.1
2005-06-08,4,115.7
2005-06-09,4,116.1
2005-06-10,3,114.3
2005-06-11,4,108.0
2005-06-12,54,103.0
2005-06-13,32,91.8
2005-06-14,11,93.8
2005-06-15,16,94.5
2005-06-16,26,98.1
2005-06-17,14,90.8
2005-06-18,5,90.0
2005-06-19,4,86.9
2005-06-20,3,86.1
2005-06-21,1,82.8
2005-06-22,6,79.5
2005-06-23,50,77.5
2005-06-24,10,76.7
2005-06-25,11,76.7
2005-06-26,6,78.7
2005-06-27,3,77.4
2005-06-28,4,80.0
2005-06-29,5,88.2
2005-06-30,6,
2005-07-01,14,114.6
2005-07-02,12,123.8
2005-07-03,7,129.8
2005-07-04,4,123.7
2005-07-05,4,126.8
2005-07-06,4,123.0
2005-07-07,6,124.9
2005-07-08,4,110.4
2005-07-09,24,106.6
2005-07-10,57,101.8
2005-07-11,21,93.3
2005-07-12,40,96.2
2005-07-13,31,
2005-07-14,6,89.9
2005-07-15,4,87.2
2005-07-16,8,76.3
2005-07-17,22,74.1
2005-07-18,24,72.0
2005-07-19,7,71.2
2005-07-20,20,72.1
2005-07-21,21,72.8
2005-07-22,12,73.6
2005-07-23,4,80.1
2005-07-24,4,80.2
2005-07-25,4,83.9
2005-07-26,4,86.5
2005-07-27,14,90.6
2005-07-28,23,95.8
2005-07-29,17,103.7
2005-07-30,10,105.0
2005-07-31,8,109.7
2005-08-01,14,111.2
2005-08-02,9,110.2
2005-08-03,9,108.9
2005-08-04,8,106.1
2005-08-05,8,98.8
2005-08-06,29,93.4
2005-08-07,14,92.3
2005-08-08,6,86.4
2005-08-09,9,82.5
2005-08-10,16,76.3
2005-08-11,3,75.9
2005-08-12,5,76.2
2005-08-13,16,75.4
2005-08-14,8,74.8
2005-08-15,6,75.8
2005-08-16,14,75.8
2005-08-17,13,77.0
2005-08-18,12,82.7
2005-08-19,6,93.1
2005-08-20,3,98.1
2005-08-21,9,98.5
2005-08-22,9,157.3
2005-08-23,7,112.3
2005-08-24,102,98.6
2005-08-25,22,92.4
2005-08-26,6,93.2
2005-08-27,5,92.1
2005-08-28,5,89.8
2005-08-29,7,89.2
2005-08-30,3,86.0
2005-08-31,49,84.0
2005-09-01,14,79.2
2005-09-02,39,77.1
2005-09-03,27,74.2
2005-09-04,24,74.6
2005-09-05,11,75.0
2005-09-06,8,83.4
2005-09-07,10,117.0
2005-09-08,6,94.1
2005-09-09,17,707.6
2005-09-10,33,116.0
2005-09-11,101,109.7
2005-09-12,75,118.0
2005-09-13,44,302.0
2005-09-14,18,116.6
2005-09-15,52,119.4
2005-09-16,18,134.1
2005-09-17,12,103.9
2005-09-18,10,102.2
2005-09-19,6,91.1
2005-09-20,5,87.8
2005-09-21,3,86.0
2005-09-22,6,83.7
2005-09-23,6,82.8
2005-09-24,2,81.4
2005-09-25,5,81.0
2005-09-26,15,81.3
2005-09-27,12,76.9
2005-09-28,11,74.6
2005-09-29,7,73.8
2005-09-30,8,72.2
2005-10-01,13,72.1
2005-10-02,15,74.9
2005-10-03,7,74.3
2005-10-04,3,82.7
2005-10-05,4,81.3
2005-10-06,4,79.5
2005-10-07,12,78.8
2005-10-08,26,78.1
2005-10-09,10,78.9
2005-10-10,10,79.1
2005-10-11,7,77.6
2005-10-12,2,76.8
2005-10-13,4,78.0
2005-10-14,2,78.4
2005-10-15,2,79.6
2005-10-16,7,79.2
2005-10-17,14,78.1
2005-10-18,5,78.3
2005-10-19,6,77.9
2005-10-20,3,76.7
2005-10-21,2,75.3
2005-10-22,8,74.7
2005-10-23,2,74.2
2005-10-24,4,73.4
2005-10-25,21,73.0
2005-10-26,11,72.0
2005-10-27,8,71.6
2005-10-28,5,73.1
2005-10-29,3,74.1
2005-10-30,5,75.6
2005-10-31,17,77.8
2005-11-01,10,77.3
2005-11-02,9,78.0
2005-11-03,24,76.8
2005-11-04,20,77.4
2005-11-05,13,79.3
2005-11-06,14,81.7
2005-11-07,7,79.4
2005-11-08,3,79.4
2005-11-09,3,78.1
2005-11-10,2,77.9
2005-11-11,5,78.6
2005-11-12,12,83.1
2005-11-13,14,87.8
2005-11-14,9,92.4
2005-11-15,4,100.0
2005-11-16,3,94.0
2005-11-17,2,100.5
2005-11-18,4,101.1
2005-11-19,11,102.0
2005-11-20,8,96.4
2005-11-21,4,94.7
2005-11-22,6,92.6
2005-11-23,8,89.7
2005-11-24,9,86.6
2005-11-25,12,79.9
2005-11-26,5,80.8
2005-11-27,3,80.7
2005-11-28,8,81.9
2005-11-29,9,84.7
2005-11-30,14,94.7
2005-12-01,17,98.2
2005-12-02,15,106.3
2005-12-03,15,101.3
2005-12-04,6,95.2
2005-12-05,3,91.7
2005-12-06,2,89.1
2005-12-07,0,89.0
2005-12-08,1,89.6
2005-12-09,6,89.1
2005-12-10,14,91.4
2005-12-11,21,93.1
2005-12-12,12,88.3
2005-12-13,5,87.9
2005-12-14,3,89.6
2005-12-15,2,87.0
2005-12-16,7,85.8
2005-12-17,4,85.2
2005-12-18,4,85.6
2005-12-19,10,89.5
2005-12-20,17,87.8
2005-12-21,9,86.5
2005-12-22,5,87.6
2005-12-23,0,93.1
2005-12-24,4,91.9
2005-12-25,6,91.8
2005-12-26,6,92.5
2005-12-27,20,92.3
2005-12-28,18,89.1
2005-12-29,13,90.3
2005-12-30,8,89.9
2005-12-31,11,87.4
2006-01-01,7,87.4
2006-01-02,6,84.5
2006-01-03,3,84.9
2006-01-04,2,84.0
2006-01-05,3,83.4
2006-01-06,7,82.0
2006-01-07,6,79.2
2006-01-08,4,78.2
2006-01-09,1,77.6
2006-01-10,1,77.8
2006-01-11,2,77.3
2006-01-12,3,76.5
2006-01-13,3,76.5
2006-01-14,3,77.4
2006-01-15,6,80.9
2006-01-16,12,83.8
2006-01-17,9,82.5
2006-01-18,11,85.6
2006-01-19,8,88.6
2006-01-20,7,90.7
2006-01-21,4,93.8
2006-01-22,6,92.8
2006-01-23,16,92.4
2006-01-24,7,92.6
2006-01-25,8,89.0
2006-01-26,30,86.9
2006-01-27,11,83.5
2006-01-28,6,80.0
2006-01-29,2,79.5
2006-01-30,2,78.8
2006-01-31,2,77.6
2006-02-01,4,77.6
2006-02-02,4,77.3
2006-02-03,5,78.7
2006-02-04,6,77.0
2006-02-05,3,76.3
2006-02-06,14,74.9
2006-02-07,4,74.0
2006-02-08,4,74.0
2006-02-09,2,74.8
2006-02-10,4,75.2
2006-02-11,6,76.0
2006-02-12,5,76.0
2006-02-13,2,76.3
2006-02-14,1,77.3
2006-02-15,10,78.5
2006-02-16,9,79.2
2006-02-17,5,79.2
2006-02-18,2,78.5
2006-02-19,6,76.5
2006-02-20,19,76.2
2006-02-21,19,75.9
2006-02-22,15,76.0
2006-02-23,4,75.1
2006-02-24,6,76.0
2006-02-25,2,76.0
2006-02-26,6,76.5
2006-02-27,4,77.0
2006-02-28,4,77.1
2006-03-01,8,77.0
2006-03-02,3,76.1
2006-03-03,3,75.5
2006-03-04,3,75.0
2006-03-05,1,74.2
2006-03-06,11,73.6
2006-03-07,11,74.4
2006-03-08,4,72.4
2006-03-09,3,72.9
2006-03-10,14,72.2
2006-03-11,10,74.0
2006-03-12,4,73.2
2006-03-13,3,72.6
2006-03-14,2,73.6
2006-03-15,8,74.2
2006-03-16,7,72.4
2006-03-17,3,72.0
2006-03-18,30,72.4
2006-03-19,38,75.2
2006-03-20,20,76.9
2006-03-21,14,76.7
2006-03-22,10,75.9
2006-03-23,4,76.6
2006-03-24,4,75.8
2006-03-25,6,75.6
2006-03-26,7,73.6
2006-03-27,10,74.3
2006-03-28,6,79.3
2006-03-29,5,81.7
2006-03-30,4,83.9
2006-03-31,4,86.3
2006-04-01,1,87.0
2006-04-02,1,91.1
2006-04-03,2,100.4
2006-04-04,8,99.5
2006-04-05,29,99.0
2006-04-06,8,98.9
2006-04-07,2,94.5
2006-04-08,4,91.0
2006-04-09,46,89.2
2006-04-10,15,88.7
2006-04-11,5,89.7
2006-04-12,1,81.1
2006-04-13,13,80.0
2006-04-14,65,78.9
2006-04-15,31,78.4
2006-04-16,10,76.5
2006-04-17,6,77.9
2006-04-18,8,75.8
2006-04-19,3,75.8
2006-04-20,5,78.6
2006-04-21,8,79.2
2006-04-22,19,82.4
2006-04-23,7,86.7
2006-04-24,6,92.8
2006-04-25,4,95.1
2006-04-26,3,100.0
2006-04-27,4,100.7
2006-04-28,10,100.1
2006-04-29,2,101.2
2006-04-30,0,99.9
2006-05-01,1,93.4
2006-05-02,3,89.4
2006-05-03,3,89.0
2006-05-04,13,91.8
2006-05-05,10,86.7
2006-05-06,21,87.0
2006-05-07,18,86.2
2006-05-08,6,84.7
2006-05-09,3,82.6
2006-05-10,3,78.2
2006-05-11,17,76.4
2006-05-12,14,75.7
2006-05-13,10,73.5
2006-05-14,7,72.0
2006-05-15,3,71.7
2006-05-16,2,71.5
2006-05-17,5,72.0
2006-05-18,14,73.3
2006-05-19,6,75.3
2006-05-20,5,76.2
2006-05-21,6,77.5
2006-05-22,8,83.1
2006-05-23,5,84.2
2006-05-24,3,83.7
2006-05-25,4,83.7
2006-05-26,3,81.6
2006-05-27,2,83.0
2006-05-28,5,84.7
2006-05-29,3,81.1
2006-05-30,8,80.0
2006-05-31,5,78.4
2006-06-01,10,77.2
2006-06-02,6,75.3
2006-06-03,4,75.9
2006-06-04,2,75.6
2006-06-05,3,77.9
2006-06-06,23,78.0
2006-06-07,21,82.7
2006-06-08,18,80.0
2006-06-09,8,77.6
2006-06-10,7,76.1
2006-06-11,5,74.4
2006-06-12,3,74.2
2006-06-13,2,77.1
2006-06-14,6,75.3
2006-06-15,20,76.4
2006-06-16,8,75.3
2006-06-17,8,73.2
2006-06-18,6,73.3
2006-06-19,2,73.3
2006-06-20,3,72.9
2006-06-21,2,72.7
2006-06-22,5,72.1
2006-06-23,2,71.8
2006-06-24,2,73.6
2006-06-25,4,74.0
2006-06-26,2,76.4
2006-06-27,4,78.5
2006-06-28,14,83.5
2006-06-29,10,85.5
2006-06-30,7,86.1
2006-07-01,4,85.5
2006-07-02,2,87.1
2006-07-03,2,85.9
2006-07-04,12,92.0
2006-07-05,19,84.7
2006-07-06,8,85.0
2006-07-07,6,79.9
2006-07-08,2,77.4
2006-07-09,4,74.6
2006-07-10,10,72.8
2006-07-11,6,71.2
2006-07-12,12,70.6
2006-07-13,5,69.9
2006-07-14,13,70.9
2006-07-15,4,70.2
2006-07-16,3,70.8
2006-07-17,3,71.0
2006-07-18,2,71.2
2006-07-19,2,71.1
2006-07-20,3,72.2
2006-07-21,2,72.6
2006-07-22,4,73.6
2006-07-23,4,76.5
2006-07-24,5,77.0
2006-07-25,6,75.5
2006-07-26,4,74.7
2006-07-27,8,74.4
2006-07-28,25,72.6
2006-07-29,4,73.0
2006-07-30,4,73.9
2006-07-31,14,72.4
2006-08-01,12,72.8
2006-08-02,9,72.1
2006-08-03,5,71.3
2006-08-04,2,69.6
2006-08-05,3,69.5
2006-08-06,3,69.5
2006-08-07,32,69.8
2006-08-08,10,71.4
2006-08-09,9,74.1
2006-08-10,4,80.3
2006-08-11,5,83.9
2006-08-12,5,84.7
2006-08-13,2,85.9
2006-08-14,2,86.4
2006-08-15,3,85.6
2006-08-16,3,100.6
2006-08-17,5,85.8
2006-08-18,11,88.5
2006-08-19,38,88.8
2006-08-20,22,88.1
2006-08-21,12,87.8
2006-08-22,23,80.8
2006-08-23,5,78.3
2006-08-24,4,78.2
2006-08-25,2,77.2
2006-08-26,3,75.7
2006-08-27,16,78.6
2006-08-28,12,76.4
2006-08-29,8,73.0
2006-08-30,6,74.2
2006-08-31,8,83.2
2006-09-01,14,76.9
2006-09-02,7,75.6
2006-09-03,6,76.5
2006-09-04,20,79.0
2006-09-05,9,80.4
2006-09-06,6,84.0
2006-09-07,8,86.7
2006-09-08,4,87.2
2006-09-09,2,85.5
2006-09-10,4,87.3
2006-09-11,6,84.6
2006-09-12,5,84.1
2006-09-13,5,82.9
2006-09-14,4,82.8
2006-09-15,0,80.1
2006-09-16,3,79.2
2006-09-17,14,78.0
2006-09-18,23,74.4
2006-09-19,11,73.4
2006-09-20,3,70.9
2006-09-21,3,71.4
2006-09-22,2,72.3
2006-09-23,11,70.4
2006-09-24,24,69.8
2006-09-25,8,70.2
2006-09-26,7,70.7
2006-09-27,3,72.0
2006-09-28,4,73.0
2006-09-29,4,76.5
2006-09-30,14,77.7
2006-10-01,23,78.4
2006-10-02,6,77.9
2006-10-03,7,76.6
2006-10-04,4,76.7
2006-10-05,4,77.3
2006-10-06,2,76.4
2006-10-07,10,76.5
2006-10-08,6,75.2
2006-10-09,4,75.0
2006-10-10,2,75.3
2006-10-11,3,73.6
2006-10-12,5,73.6
2006-10-13,29,73.3
2006-10-14,23,72.4
2006-10-15,9,71.1
2006-10-16,6,69.5
2006-10-17,3,69.6
2006-10-18,3,69.5
2006-10-19,2,69.6
2006-10-20,11,71.1
2006-10-21,20,74.7
2006-10-22,14,75.8
2006-10-23,3,76.4
2006-10-24,4,74.8
2006-10-25,4,74.7
2006-10-26,2,71.9
2006-10-27,4,72.0
2006-10-28,14,74.7
2006-10-29,21,73.3
2006-10-30,10,75.7
2006-10-31,4,80.1
2006-11-01,6,86.7
2006-11-02,8,88.2
2006-11-03,8,87.4
2006-11-04,7,85.5
2006-11-05,4,84.7
2006-11-06,2,83.5
2006-11-07,0,87.1
2006-11-08,0,86.4
2006-11-09,10,89.4
2006-11-10,36,91.1
2006-11-11,21,97.0
2006-11-12,7,96.7
2006-11-13,1,95.2
2006-11-14,5,94.5
2006-11-15,7,96.1
2006-11-16,8,94.1
2006-11-17,6,89.5
2006-11-18,1,88.8
2006-11-19,4,84.9
2006-11-20,1,80.5
2006-11-21,1,77.5
2006-11-22,6,76.5
2006-11-23,15,76.8
2006-11-24,16,77.4
2006-11-25,15,78.6
2006-11-26,14,78.2
2006-11-27,8,82.4
2006-11-28,6,85.5
2006-11-29,7,85.0
2006-11-30,28,84.1
2006-12-01,5,84.2
2006-12-02,2,87.3
2006-12-03,3,
2006-12-04,0,
2006-12-05,3,102.4
2006-12-06,26,573.4
2006-12-07,25,124.7
2006-12-08,24,96.0
2006-12-09,8,92.4
2006-12-10,16,90.0
2006-12-11,14,92.2
2006-12-12,27,104.2
2006-12-13,8,94.6
2006-12-14,47,94.4
2006-12-15,94,88.2
2006-12-16,12,82.6
2006-12-17,6,82.1
2006-12-18,11,75.4
2006-12-19,13,74.4
2006-12-20,24,72.7
2006-12-21,18,74.0
2006-12-22,18,74.6
2006-12-23,16,73.5
2006-12-24,12,74.4
2006-12-25,8,76.4
2006-12-26,4,75.0
2006-12-27,2,73.3
2006-12-28,2,76.3
2006-12-29,2,78.4
2006-12-30,3,80.9
2006-12-31,2,85.1
2007-01-01,9,88.4
2007-01-02,24,91.7
2007-01-03,20,87.7
2007-01-04,17,91.0
2007-01-05,9,89.4
2007-01-06,5,88.6
2007-01-07,1,88.3
2007-01-08,3,88.7
2007-01-09,4,92.2
2007-01-10,6,86.2
2007-01-11,6,83.9
2007-01-12,3,83.8
2007-01-13,0,81.4
2007-01-14,3,82.1
2007-01-15,16,82.0
2007-01-16,14,78.7
2007-01-17,25,78.1
2007-01-18,18,76.8
2007-01-19,13,76.3
2007-01-20,8,78.8
2007-01-21,8,78.6
2007-01-22,3,78.5
2007-01-23,3,79.3
2007-01-24,2,80.4
2007-01-25,2,79.9
2007-01-26,3,79.7
2007-01-27,4,80.5
2007-01-28,5,81.7
2007-01-29,28,86.7
2007-01-30,24,87.5
2007-01-31,20,89.2
2007-02-01,9,89.9
2007-02-02,4,90.3
2007-02-03,2,87.3
2007-02-04,2,83.7
2007-02-05,6,83.0
2007-02-06,6,81.9
2007-02-07,13,82.0
2007-02-08,9,78.4
2007-02-09,5,76.7
2007-02-10,4,75.9
2007-02-11,2,74.7
2007-02-12,8,73.6
2007-02-13,21,72.7
2007-02-14,18,72.7
2007-02-15,13,73.6
2007-02-16,8,74.7
2007-02-17,9,75.3
2007-02-18,5,75.8
2007-02-19,3,74.9
2007-02-20,2,74.7
2007-02-21,1,74.8
2007-02-22,2,75.5
2007-02-23,3,75.1
2007-02-24,2,75.5
2007-02-25,3,76.6
2007-02-26,6,75.4
2007-02-27,12,74.8
2007-02-28,22,75.8
2007-03-01,11,74.8
2007-03-02,4,75.5
2007-03-03,2,73.3
2007-03-04,4,72.5
2007-03-05,10,71.9
2007-03-06,18,71.9
2007-03-07,17,72.9
2007-03-08,4,72.5
2007-03-09,2,71.6
2007-03-10,4,71.2
2007-03-11,8,71.0
2007-03-12,12,71.2
2007-03-13,24,71.4
2007-03-14,12,70.0
2007-03-15,10,69.2
2007-03-16,12,68.7
2007-03-17,7,69.3
2007-03-18,3,70.5
2007-03-19,2,70.1
2007-03-20,1,72.6
2007-03-21,1,72.8
2007-03-22,3,72.5
2007-03-23,10,72.5
2007-03-24,18,72.8
2007-03-25,11,73.7
2007-03-26,10,73.8
2007-03-27,11,73.3
2007-03-28,7,74.6
2007-03-29,3,73.8
2007-03-30,4,74.1
2007-03-31,3,73.2
2007-04-01,29,71.7
2007-04-02,22,71.2
2007-04-03,11,70.8
2007-04-04,9,70.7
2007-04-05,4,70.9
2007-04-06,4,71.0
2007-04-07,3,71.2
2007-04-08,3,71.1
2007-04-09,10,69.9
2007-04-10,7,69.4
2007-04-11,4,69.1
2007-04-12,10,68.3
2007-04-13,1,68.3
2007-04-14,4,68.2
2007-04-15,4,69.3
2007-04-16,0,69.3
2007-04-17,9,69.2
2007-04-18,9,68.8
2007-04-19,5,68.3
2007-04-20,3,68.5
2007-04-21,2,68.7
2007-04-22,9,68.9
2007-04-23,16,69.1
2007-04-24,4,73.2
2007-04-25,5,76.5
2007-04-26,6,80.5
2007-04-27,16,82.7
2007-04-28,28,84.9
2007-04-29,21,84.8
2007-04-30,15,87.0
2007-05-01,7,86.3
2007-05-02,2,87.4
2007-05-03,4,83.1
2007-05-04,2,82.5
2007-05-05,2,81.0
2007-05-06,1,78.1
2007-05-07,16,75.7
2007-05-08,14,73.4
2007-05-09,5,72.1
2007-05-10,3,71.2
2007-05-11,2,71.5
2007-05-12,2,71.4
2007-05-13,2,73.5
2007-05-14,3,72.9
2007-05-15,4,76.9
2007-05-16,3,77.1
2007-05-17,5,76.5
2007-05-18,16,75.8
2007-05-19,12,74.8
2007-05-20,6,74.1
2007-05-21,5,73.2
2007-05-22,13,72.0
2007-05-23,34,70.1
2007-05-24,30,69.9
2007-05-25,14,68.1
2007-05-26,13,67.7
2007-05-27,10,67.0
2007-05-28,4,68.7
2007-05-29,4,69.6
2007-05-30,3,70.7
2007-05-31,3,74.6
2007-06-01,6,79.4
2007-06-02,6,83.2
2007-06-03,10,87.0
2007-06-04,8,85.7
2007-06-05,2,81.2
2007-06-06,2,
2007-06-07,3,85.5
2007-06-08,7,84.3
2007-06-09,6,78.6
2007-06-10,7,75.9
2007-06-11,3,73.3
2007-06-12,2,70.4
2007-06-13,6,70.9
2007-06-14,18,68.5
2007-06-15,7,69.1
2007-06-16,6,68.0
2007-06-17,6,66.7
2007-06-18,5,66.6
2007-06-19,5,66.4
2007-06-20,4,65.7
2007-06-21,14,65.5
2007-06-22,13,65.3
2007-06-23,8,65.9
2007-06-24,6,66.9
2007-06-25,3,67.6
2007-06-26,3,70.5
2007-06-27,4,73.2
2007-06-28,4,74.9
2007-06-29,9,75.3
2007-06-30,4,74.0
2007-07-01,4,74.3
2007-07-02,3,72.6
2007-07-03,8,71.7
2007-07-04,15,72.4
2007-07-05,5,71.5
2007-07-06,5,71.1
2007-07-07,5,73.1
2007-07-08,4,75.1
2007-07-09,2,77.1
2007-07-10,4,78.1
2007-07-11,21,78.5
2007-07-12,5,76.9
2007-07-13,4,78.0
2007-07-14,19,75.7
2007-07-15,12,74.7
2007-07-16,4,72.9
2007-07-17,3,72.3
2007-07-18,2,69.6
2007-07-19,2,68.3
2007-07-20,14,67.3
2007-07-21,10,66.4
2007-07-22,3,66.2
2007-07-23,3,67.2
2007-07-24,2,68.0
2007-07-25,2,68.6
2007-07-26,9,68.4
2007-07-27,7,68.7
2007-07-28,4,69.9
2007-07-29,14,69.0
2007-07-30,9,68.9
2007-07-31,5,68.0
2007-08-01,15,68.4
2007-08-02,5,69.4
2007-08-03,4,70.4
2007-08-04,2,69.4
2007-08-05,2,68.9
2007-08-06,16,70.0
2007-08-07,22,69.0
2007-08-08,5,69.0
2007-08-09,3,67.4
2007-08-10,15,67.5
2007-08-11,9,67.6
2007-08-12,4,68.1
2007-08-13,2,67.7
2007-08-14,4,68.5
2007-08-15,8,67.6
2007-08-16,5,67.3
2007-08-17,3,67.6
2007-08-18,2,67.9
2007-08-19,4,67.8
2007-08-20,2,69.1
2007-08-21,4,69.3
2007-08-22,3,70.0
2007-08-23,2,70.8
2007-08-24,1,71.6
2007-08-25,7,71.5
2007-08-26,11,70.1
2007-08-27,14,69.2
2007-08-28,10,70.1
2007-08-29,4,69.6
2007-08-30,4,71.6
2007-08-31,6,70.8
2007-09-01,10,70.8
2007-09-02,24,69.4
2007-09-03,10,68.0
2007-09-04,5,68.2
2007-09-05,10,67.6
2007-09-06,11,66.7
2007-09-07,12,67.1
2007-09-08,6,66.6
2007-09-09,2,66.7
2007-09-10,2,66.9
2007-09-11,2,66.1
2007-09-12,2,65.9
2007-09-13,1,66.4
2007-09-14,4,66.8
2007-09-15,4,67.7
2007-09-16,2,67.0
2007-09-17,2,66.9
2007-09-18,3,66.5
2007-09-19,3,66.8
2007-09-20,10,66.8
2007-09-21,9,66.9
2007-09-22,12,66.7
2007-09-23,16,66.3
2007-09-24,11,66.1
2007-09-25,7,66.2
2007-09-26,3,66.5
2007-09-27,18,67.1
2007-09-28,24,67.2
2007-09-29,30,67.6
2007-09-30,12,65.0
2007-10-01,7,67.7
2007-10-02,5,66.4
2007-10-03,17,67.3
2007-10-04,11,67.3
2007-10-05,6,67.8
2007-10-06,4,69.0
2007-10-07,2,68.1
2007-10-08,1,68.1
2007-10-09,1,68.7
2007-10-10,1,68.1
2007-10-11,1,68.8
2007-10-12,4,68.6
2007-10-13,2,67.6
2007-10-14,5,67.1
2007-10-15,2,67.2
2007-10-16,2,67.1
2007-10-17,1,67.4
2007-10-18,12,68.2
2007-10-19,16,67.3
2007-10-20,13,66.9
2007-10-21,5,67.2
2007-10-22,6,66.7
2007-10-23,7,67.1
2007-10-24,3,67.5
2007-10-25,17,67.1
2007-10-26,14,67.5
2007-10-27,13,67.1
2007-10-28,7,67.5
2007-10-29,13,67.1
2007-10-30,10,67.2
2007-10-31,4,67.1
2007-11-01,5,67.3
2007-11-02,2,67.9
2007-11-03,2,67.6
2007-11-04,4,67.7
2007-11-05,2,67.4
2007-11-06,0,68.5
2007-11-07,0,68.1
2007-11-08,4,69.7
2007-11-09,4,69.5
2007-11-10,4,69.8
2007-11-11,2,69.0
2007-11-12,3,69.7
2007-11-13,10,69.9
2007-11-14,10,70.4
2007-11-15,7,69.2
2007-11-16,8,70.6
2007-11-17,7,69.8
2007-11-18,2,68.8
2007-11-19,3,69.5
2007-11-20,24,69.7
2007-11-21,16,69.1
2007-11-22,12,69.7
2007-11-23,14,70.0
2007-11-24,14,71.3
2007-11-25,15,70.7
2007-11-26,9,71.5
2007-11-27,5,71.4
2007-11-28,4,71.2
2007-11-29,3,71.2
2007-11-30,3,71.2
2007-12-01,3,71.9
2007-12-02,2,73.0
2007-12-03,1,72.6
2007-12-04,1,73.6
2007-12-05,2,75.3
2007-12-06,3,78.2
2007-12-07,1,82.2
2007-12-08,0,86.9
2007-12-09,3,88.9
2007-12-10,9,86.9
2007-12-11,16,93.4
2007-12-12,10,93.9
2007-12-13,6,93.8
2007-12-14,4,91.9
2007-12-15,2,88.9
2007-12-16,3,81.7
2007-12-17,18,79.5
2007-12-18,22,76.8
2007-12-19,10,74.5
2007-12-20,14,72.6
2007-12-21,14,71.0
2007-12-22,9,71.5
2007-12-23,8,71.4
2007-12-24,3,71.4
2007-12-25,1,72.0
2007-12-26,2,72.6
2007-12-27,5,72.1
2007-12-28,4,71.8
2007-12-29,2,72.7
2007-12-30,4,75.0
2007-12-31,5,76.7
2008-01-01,4,79.4
2008-01-02,2,79.6
2008-01-03,2,79.3
2008-01-04,2,79.0
2008-01-05,19,79.7
2008-01-06,17,79.2
2008-01-07,14,77.7
2008-01-08,14,75.5
2008-01-09,8,76.5
2008-01-10,4,75.7
2008-01-11,3,76.0
2008-01-12,8,75.7
2008-01-13,11,75.3
2008-01-14,19,75.6
2008-01-15,10,73.7
2008-01-16,13,72.9
2008-01-17,11,73.7
2008-01-18,12,71.1
2008-01-19,11,70.8
2008-01-20,6,70.2
2008-01-21,6,71.6
2008-01-22,2,70.3
2008-01-23,4,70.6
2008-01-24,5,71.3
2008-01-25,10,71.0
2008-01-26,7,72.5
2008-01-27,4,72.0
2008-01-28,4,71.3
2008-01-29,4,71.6
2008-01-30,2,72.7
2008-01-31,5,72.0
2008-02-01,18,71.1
2008-02-02,19,71.8
2008-02-03,17,
2008-02-04,8,71.3
2008-02-05,4,70.5
2008-02-06,4,71.6
2008-02-07,7,70.8
2008-02-08,7,70.9
2008-02-09,4,72.2
2008-02-10,21,72.6
2008-02-11,17,72.1
2008-02-12,13,72.1
2008-02-13,14,70.5
2008-02-14,13,70.6
2008-02-15,13,69.7
2008-02-16,10,70.3
2008-02-17,5,71.1
2008-02-18,13,71.2
2008-02-19,14,71.7
2008-02-20,6,70.9
2008-02-21,6,71.8
2008-02-22,4,72.4
2008-02-23,5,71.6
2008-02-24,4,70.7
2008-02-25,4,71.4
2008-02-26,4,70.7
2008-02-27,10,70.7
2008-02-28,23,70.0
2008-02-29,31,69.8
2008-03-01,22,68.6
2008-03-02,9,69.2
2008-03-03,6,68.4
2008-03-04,3,68.3
2008-03-05,8,69.3
2008-03-06,3,70.3
2008-03-07,2,70.5
2008-03-08,10,69.8
2008-03-09,30,69.5
2008-03-10,19,70.3
2008-03-11,15,70.2
2008-03-12,14,69.4
2008-03-13,11,69.5
2008-03-14,16,69.9
2008-03-15,11,69.5
2008-03-16,6,70.3
2008-03-17,4,69.8
2008-03-18,8,69.6
2008-03-19,7,69.0
2008-03-20,8,68.4
2008-03-21,6,68.2
2008-03-22,4,69.6
2008-03-23,9,72.0
2008-03-24,3,79.4
2008-03-25,3,88.6
2008-03-26,26,81.6
2008-03-27,36,84.8
2008-03-28,24,82.9
2008-03-29,9,82.6
2008-03-30,9,80.5
2008-03-31,4,79.2
2008-04-01,4,77.8
2008-04-02,1,75.9
2008-04-03,2,76.4
2008-04-04,11,73.0
2008-04-05,18,71.0
2008-04-06,20,69.4
2008-04-07,13,69.1
2008-04-08,10,69.8
2008-04-09,13,68.0
2008-04-10,9,67.9
2008-04-11,5,67.1
2008-04-12,13,68.2
2008-04-13,8,69.3
2008-04-14,2,68.5
2008-04-15,5,69.2
2008-04-16,15,69.5
2008-04-17,7,69.2
2008-04-18,6,70.2
2008-04-19,6,71.0
2008-04-20,4,70.8
2008-04-21,5,70.9
2008-04-22,6,71.3
2008-04-23,27,70.7
2008-04-24,16,70.4
2008-04-25,8,69.8
2008-04-26,10,69.0
2008-04-27,7,68.1
2008-04-28,11,68.5
2008-04-29,6,68.6
2008-04-30,8,67.0
2008-05-01,8,68.5
2008-05-02,11,68.1
2008-05-03,11,67.3
2008-05-04,8,68.3
2008-05-05,12,67.6
2008-05-06,9,67.2
2008-05-07,4,66.5
2008-05-08,4,66.4
2008-05-09,3,67.3
2008-05-10,4,67.4
2008-05-11,4,68.0
2008-05-12,3,68.0
2008-05-13,3,68.3
2008-05-14,3,69.0
2008-05-15,2,71.1
2008-05-16,4,71.6
2008-05-17,1,71.2
2008-05-18,2,71.6
2008-05-19,6,68.9
2008-05-20,8,68.6
2008-05-21,10,69.1
2008-05-22,9,69.3
2008-05-23,8,67.8
2008-05-24,7,68.5
2008-05-25,5,68.3
2008-05-26,3,68.0
2008-05-27,3,67.9
2008-05-28,11,67.8
2008-05-29,9,68.1
2008-05-30,10,67.1
2008-05-31,9,66.9
2008-06-01,7,66.6
2008-06-02,4,67.1
2008-06-03,4,66.3
2008-06-04,3,65.2
2008-06-05,2,66.4
2008-06-06,6,65.9
2008-06-07,11,65.6
2008-06-08,7,64.9
2008-06-09,3,66.0
2008-06-10,2,66.2
2008-06-11,3,65.7
2008-06-12,3,67.1
2008-06-13,2,66.5
2008-06-14,18,67.1
2008-06-15,17,66.5
2008-06-16,12,65.3
2008-06-17,9,65.9
2008-06-18,8,65.4
2008-06-19,6,64.9
2008-06-20,9,65.2
2008-06-21,4,64.8
2008-06-22,3,65.4
2008-06-23,4,65.3
2008-06-24,5,65.8
2008-06-25,10,65.9
2008-06-26,14,65.4
2008-06-27,8,66.1
2008-06-28,5,65.9
2008-06-29,7,66.6
2008-06-30,4,66.7
2008-07-01,4,65.6
2008-07-02,2,65.9
2008-07-03,2,65.5
2008-07-04,3,65.4
2008-07-05,7,65.1
2008-07-06,3,66.1
2008-07-07,2,65.5
2008-07-08,2,65.5
2008-07-09,3,66.0
2008-07-10,3,65.4
2008-07-11,6,65.7
2008-07-12,16,64.9
2008-07-13,11,65.2
2008-07-14,10,65.6
2008-07-15,7,65.7
2008-07-16,5,64.6
2008-07-17,4,65.0
2008-07-18,3,65.3
2008-07-19,2,66.4
2008-07-20,3,65.9
2008-07-21,5,66.2
2008-07-22,11,65.8
2008-07-23,16,65.5
2008-07-24,10,65.4
2008-07-25,2,65.8
2008-07-26,4,66.1
2008-07-27,6,66.3
2008-07-28,5,66.3
2008-07-29,3,66.0
2008-07-30,4,66.5
2008-07-31,3,65.5
2008-08-01,4,66.1
2008-08-02,2,66.2
2008-08-03,4,65.5
2008-08-04,3,66.2
2008-08-05,2,66.5
2008-08-06,4,67.0
2008-08-07,4,66.1
2008-08-08,3,65.5
2008-08-09,21,65.5
2008-08-10,12,65.6
2008-08-11,6,65.7
2008-08-12,6,65.2
2008-08-13,4,65.3
2008-08-14,5,65.9
2008-08-15,2,65.3
2008-08-16,4,66.2
2008-08-17,7,66.5
2008-08-18,19,66.2
2008-08-19,9,67.3
2008-08-20,4,65.9
2008-08-21,3,67.1
2008-08-22,3,67.6
2008-08-23,3,67.9
2008-08-24,2,67.1
2008-08-25,1,66.6
2008-08-26,2,66.9
2008-08-27,3,66.6
2008-08-28,3,66.1
2008-08-29,3,66.8
2008-08-30,2,67.1
2008-08-31,4,66.7
2008-09-01,3,65.8
2008-09-02,3,66.0
2008-09-03,8,66.2
2008-09-04,31,65.9
2008-09-05,7,65.2
2008-09-06,8,65.8
2008-09-07,9,66.6
2008-09-08,9,67.1
2008-09-09,6,67.1
2008-09-10,5,67.2
2008-09-11,2,66.9
2008-09-12,1,66.3
2008-09-13,0,66.4
2008-09-14,6,66.8
2008-09-15,17,67.5
2008-09-16,9,69.4
2008-09-17,3,67.1
2008-09-18,6,67.2
2008-09-19,4,67.9
2008-09-20,4,67.8
2008-09-21,2,67.9
2008-09-22,4,69.1
2008-09-23,3,69.4
2008-09-24,2,68.4
2008-09-25,3,68.2
2008-09-26,2,67.7
2008-09-27,3,67.3
2008-09-28,2,67.0
2008-09-29,2,66.8
2008-09-30,4,66.2
2008-10-01,8,65.8
2008-10-02,14,66.3
2008-10-03,14,67.2
2008-10-04,10,66.6
2008-10-05,4,67.4
2008-10-06,4,67.2
2008-10-07,2,66.7
2008-10-08,1,67.7
2008-10-09,0,68.7
2008-10-10,2,68.9
2008-10-11,34,70.8
2008-10-12,13,70.1
2008-10-13,8,70.9
2008-10-14,3,70.4
2008-10-15,8,70.9
2008-10-16,4,71.9
2008-10-17,2,70.0
2008-10-18,1,69.2
2008-10-19,8,69.6
2008-10-20,3,69.2
2008-10-21,4,68.8
2008-10-22,5,67.7
2008-10-23,3,67.2
2008-10-24,1,67.5
2008-10-25,1,67.5
2008-10-26,5,66.9
2008-10-27,1,67.0
2008-10-28,4,67.1
2008-10-29,17,66.7
2008-10-30,13,66.8
2008-10-31,6,68.1
2008-11-01,3,66.7
2008-11-02,3,69.1
2008-11-03,1,69.5
2008-11-04,1,68.0
2008-11-05,2,67.7
2008-11-06,1,68.6
2008-11-07,10,67.8
2008-11-08,14,68.3
2008-11-09,12,68.4
2008-11-10,3,69.3
2008-11-11,1,71.4
2008-11-12,3,70.9
2008-11-13,1,69.1
2008-11-14,1,68.3
2008-11-15,4,68.2
2008-11-16,10,67.7
2008-11-17,3,67.7
2008-11-18,1,69.8
2008-11-19,1,69.4
2008-11-20,2,69.6
2008-11-21,0,68.5
2008-11-22,0,69.0
2008-11-23,2,69.0
2008-11-24,2,67.9
2008-11-25,14,67.7
2008-11-26,11,68.3
2008-11-27,9,68.2
2008-11-28,5,67.0
2008-11-29,3,68.2
2008-11-30,2,68.4
2008-12-01,0,68.1
2008-12-02,0,68.9
2008-12-03,4,69.2
2008-12-04,9,69.6
2008-12-05,12,68.8
2008-12-06,17,69.1
2008-12-07,8,69.0
2008-12-08,3,68.5
2008-12-09,1,68.7
2008-12-10,3,70.8
2008-12-11,5,70.2
2008-12-12,3,71.0
2008-12-13,2,69.7
2008-12-14,1,68.8
2008-12-15,3,68.9
2008-12-16,6,69.4
2008-12-17,6,68.8
2008-12-18,2,68.4
2008-12-19,4,69.2
2008-12-20,2,69.1
2008-12-21,1,
2008-12-22,5,67.7
2008-12-23,11,68.6
2008-12-24,7,69.4
2008-12-25,4,69.3
2008-12-26,2,69.2
2008-12-27,2,69.4
2008-12-28,2,69.8
2008-12-29,1,69.8
2008-12-30,1,68.5
2008-12-31,13,69.3
2009-01-01,7,68.9
2009-01-02,4,69.9
2009-01-03,11,69.5
2009-01-04,5,68.8
2009-01-05,5,69.2
2009-01-06,4,68.7
2009-01-07,2,69.0
2009-01-08,3,68.7
2009-01-09,5,69.7
2009-01-10,5,70.9
2009-01-11,1,70.0
2009-01-12,0,69.3
2009-01-13,4,70.5
2009-01-14,6,71.2
2009-01-15,6,71.1
2009-01-16,4,70.8
2009-01-17,3,71.9
2009-01-18,2,71.1
2009-01-19,9,70.8
2009-01-20,4,70.4
2009-01-21,3,69.4
2009-01-22,2,69.0
2009-01-23,1,70.0
2009-01-24,2,68.8
2009-01-25,2,69.8
2009-01-26,11,69.9
2009-01-27,4,69.7
2009-01-28,2,69.5
2009-01-29,4,69.3
2009-01-30,4,69.1
2009-01-31,7,69.4
2009-02-01,3,69.5
2009-02-02,1,69.1
2009-02-03,4,69.3
2009-02-04,14,69.5
2009-02-05,7,70.1
2009-02-06,1,70.1
2009-02-07,2,71.1
2009-02-08,0,71.2
2009-02-09,2,70.7
2009-02-10,2,67.6
2009-02-11,3,70.3
2009-02-12,3,69.7
2009-02-13,2,70.1
2009-02-14,17,70.1
2009-02-15,10,69.6
2009-02-16,4,69.5
2009-02-17,1,70.6
2009-02-18,3,69.8
2009-02-19,1,68.9
2009-02-20,4,69.2
2009-02-21,3,70.6
2009-02-22,4,70.3
2009-02-23,5,70.8
2009-02-24,8,71.0
2009-02-25,4,70.7
2009-02-26,3,69.9
2009-02-27,11,68.9
2009-02-28,5,70.6
2009-03-01,3,69.4
2009-03-02,1,69.2
2009-03-03,7,69.1
2009-03-04,7,69.7
2009-03-05,4,69.2
2009-03-06,2,69.1
2009-03-07,2,69.1
2009-03-08,9,68.9
2009-03-09,2,68.1
2009-03-10,4,68.8
2009-03-11,4,68.9
2009-03-12,8,68.7
2009-03-13,17,68.2
2009-03-14,10,68.5
2009-03-15,8,68.4
2009-03-16,5,69.4
2009-03-17,4,68.8
2009-03-18,2,68.4
2009-03-19,4,69.1
2009-03-20,4,68.7
2009-03-21,8,70.1
2009-03-22,5,68.7
2009-03-23,2,68.0
2009-03-24,7,69.1
2009-03-25,9,68.5
2009-03-26,7,69.1
2009-03-27,5,71.6
2009-03-28,3,70.6
2009-03-29,4,70.9
2009-03-30,4,70.9
2009-03-31,3,71.2
2009-04-01,4,70.8
2009-04-02,2,70.6
2009-04-03,2,70.4
2009-04-04,1,70.1
2009-04-05,4,70.4
2009-04-06,3,68.8
2009-04-07,3,70.2
2009-04-08,6,70.0
2009-04-09,12,70.1
2009-04-10,8,69.4
2009-04-11,10,69.3
2009-04-12,7,69.3
2009-04-13,4,68.4
2009-04-14,2,69.4
2009-04-15,4,69.4
2009-04-16,5,69.9
2009-04-17,5,69.8
2009-04-18,8,69.9
2009-04-19,5,70.1
2009-04-20,4,69.8
2009-04-21,4,71.0
2009-04-22,4,71.1
2009-04-23,2,70.6
2009-04-24,6,69.7
2009-04-25,4,69.4
2009-04-26,3,69.2
2009-04-27,3,67.7
2009-04-28,2,68.8
2009-04-29,3,69.5
2009-04-30,2,69.4
2009-05-01,3,68.5
2009-05-02,4,68.3
2009-05-03,3,68.6
2009-05-04,3,68.0
2009-05-05,2,68.0
2009-05-06,6,68.7
2009-05-07,7,69.5
2009-05-08,11,70.8
2009-05-09,5,72.3
2009-05-10,4,71.8
2009-05-11,4,71.9
2009-05-12,1,73.9
2009-05-13,3,73.8
2009-05-14,8,73.9
2009-05-15,2,73.7
2009-05-16,4,74.2
2009-05-17,1,74.0
2009-05-18,3,72.9
2009-05-19,3,72.3
2009-05-20,5,71.5
2009-05-21,4,71.8
2009-05-22,5,72.1
2009-05-23,4,70.4
2009-05-24,4,69.2
2009-05-25,2,68.9
2009-05-26,3,68.1
2009-05-27,1,66.7
2009-05-28,5,67.7
2009-05-29,4,68.2
2009-05-30,3,68.5
2009-05-31,3,68.5
2009-06-01,2,72.5
2009-06-02,2,71.9
2009-06-03,4,72.5
2009-06-04,5,71.0
2009-06-05,4,70.1
2009-06-06,3,69.0
2009-06-07,4,68.9
2009-06-08,3,69.0
2009-06-09,2,69.1
2009-06-10,3,69.2
2009-06-11,3,69.3
2009-06-12,1,69.0
2009-06-13,3,68.2
2009-06-14,5,68.1
2009-06-15,3,67.4
2009-06-16,2,68.3
2009-06-17,2,67.8
2009-06-18,3,67.7
2009-06-19,2,67.0
2009-06-20,4,66.7
2009-06-21,6,67.0
2009-06-22,2,68.0
2009-06-23,5,67.9
2009-06-24,16,66.8
2009-06-25,6,68.0
2009-06-26,3,66.8
2009-06-27,4,67.0
2009-06-28,10,67.0
2009-06-29,7,68.5
2009-06-30,4,68.2
2009-07-01,3,67.5
2009-07-02,2,66.5
2009-07-03,3,67.3
2009-07-04,3,71.0
2009-07-05,5,71.6
2009-07-06,3,68.9
2009-07-07,4,71.3
2009-07-08,4,70.8
2009-07-09,6,69.1
2009-07-10,7,67.8
2009-07-11,3,68.2
2009-07-12,3,68.0
2009-07-13,8,67.2
2009-07-14,8,66.6
2009-07-15,4,66.5
2009-07-16,2,66.7
2009-07-17,1,66.2
2009-07-18,2,67.0
2009-07-19,1,67.6
2009-07-20,4,68.2
2009-07-21,4,67.7
2009-07-22,24,67.8
2009-07-23,7,67.8
2009-07-24,5,68.3
2009-07-25,4,69.1
2009-07-26,2,67.6
2009-07-27,3,68.4
2009-07-28,3,68.7
2009-07-29,2,68.3
2009-07-30,3,68.0
2009-07-31,4,68.7
2009-08-01,3,68.1
2009-08-02,3,68.1
2009-08-03,6,67.4
2009-08-04,3,65.8
2009-08-05,5,66.2
2009-08-06,10,66.8
2009-08-07,7,67.8
2009-08-08,3,67.0
2009-08-09,6,67.2
2009-08-10,3,67.1
2009-08-11,3,66.6
2009-08-12,4,66.5
2009-08-13,4,67.2
2009-08-14,2,67.6
2009-08-15,1,68.1
2009-08-16,2,68.8
2009-08-17,2,68.1
2009-08-18,3,67.4
2009-08-19,8,67.1
2009-08-20,10,67.6
2009-08-21,7,66.4
2009-08-22,4,66.6
2009-08-23,4,67.3
2009-08-24,2,67.6
2009-08-25,2,67.1
2009-08-26,3,67.3
2009-08-27,6,67.7
2009-08-28,2,67.9
2009-08-29,2,68.0
2009-08-30,20,67.2
2009-08-31,5,68.3
2009-09-01,3,69.1
2009-09-02,3,68.2
2009-09-03,5,68.6
2009-09-04,6,68.4
2009-09-05,2,68.5
2009-09-06,3,69.2
2009-09-07,2,68.8
2009-09-08,2,68.9
2009-09-09,2,69.2
2009-09-10,2,69.3
2009-09-11,3,69.3
2009-09-12,2,69.0
2009-09-13,5,69.1
2009-09-14,6,69.0
2009-09-15,5,69.2
2009-09-16,4,68.8
2009-09-17,7,69.1
2009-09-18,2,69.0
2009-09-19,2,70.5
2009-09-20,5,71.3
2009-09-21,6,71.9
2009-09-22,3,74.7
2009-09-23,0,76.1
2009-09-24,1,74.6
2009-09-25,2,72.4
2009-09-26,3,71.8
2009-09-27,7,72.3
2009-09-28,8,73.2
2009-09-29,1,72.3
2009-09-30,5,72.0
2009-10-01,2,72.0
2009-10-02,2,71.6
2009-10-03,1,71.6
2009-10-04,4,71.1
2009-10-05,3,69.9
2009-10-06,2,68.9
2009-10-07,2,68.5
2009-10-08,2,68.8
2009-10-09,2,69.2
2009-10-10,1,70.0
2009-10-11,7,70.4
2009-10-12,2,70.1
2009-10-13,3,69.8
2009-10-14,1,70.9
2009-10-15,5,70.4
2009-10-16,3,69.6
2009-10-17,1,70.7
2009-10-18,1,70.1
2009-10-19,2,70.9
2009-10-20,0,71.0
2009-10-21,1,71.3
2009-10-22,13,71.6
2009-10-23,10,72.9
2009-10-24,8,75.6
2009-10-25,5,75.5
2009-10-26,4,81.3
2009-10-27,3,81.5
2009-10-28,3,79.9
2009-10-29,5,76.7
2009-10-30,9,75.2
2009-10-31,2,75.1
2009-11-01,3,72.3
2009-11-02,3,71.4
2009-11-03,0,71.5
2009-11-04,0,71.4
2009-11-05,1,70.5
2009-11-06,0,70.9
2009-11-07,0,70.6
2009-11-08,7,70.9
2009-11-09,4,72.1
2009-11-10,1,72.8
2009-11-11,0,72.4
2009-11-12,0,73.2
2009-11-13,2,74.1
2009-11-14,5,74.8
2009-11-15,6,75.1
2009-11-16,0,76.2
2009-11-17,1,77.2
2009-11-18,2,76.1
2009-11-19,2,76.7
2009-11-20,2,76.2
2009-11-21,8,75.8
2009-11-22,5,76.3
2009-11-23,0,75.7
2009-11-24,8,74.7
2009-11-25,6,74.2
2009-11-26,6,74.7
2009-11-27,2,73.7
2009-11-28,2,72.9
2009-11-29,0,72.1
2009-11-30,1,72.4
2009-12-01,0,72.2
2009-12-02,1,71.4
2009-12-03,0,71.6
2009-12-04,0,71.5
2009-12-05,4,71.7
2009-12-06,3,71.9
2009-12-07,3,71.1
2009-12-08,0,72.2
2009-12-09,0,73.0
2009-12-10,1,73.9
2009-12-11,0,72.1
2009-12-12,2,74.5
2009-12-13,2,75.5
2009-12-14,6,78.6
2009-12-15,1,81.6
2009-12-16,5,83.2
2009-12-17,2,86.9
2009-12-18,3,84.2
2009-12-19,2,81.7
2009-12-20,2,83.7
2009-12-21,3,82.7
2009-12-22,3,82.2
2009-12-23,4,78.4
2009-12-24,2,77.1
2009-12-25,4,76.0
2009-12-26,4,75.9
2009-12-27,2,76.8
2009-12-28,1,75.8
2009-12-29,0,75.1
2009-12-30,0,76.9
2009-12-31,0,79.9
2010-01-01,0,75.2
2010-01-02,1,78.0
2010-01-03,4,76.4
2010-01-04,2,73.0
2010-01-05,1,76.8
2010-01-06,1,77.3
2010-01-07,0,78.1
2010-01-08,1,77.4
2010-01-09,1,81.7
2010-01-10,3,84.4
2010-01-11,6,89.2
2010-01-12,4,93.3
2010-01-13,7,90.5
2010-01-14,4,89.9
2010-01-15,4,85.3
2010-01-16,1,84.2
2010-01-17,1,82.6
2010-01-18,3,81.5
2010-01-19,1,84.2
2010-01-20,12,81.7
2010-01-21,5,82.6
2010-01-22,3,82.4
2010-01-23,5,84.6
2010-01-24,4,84.6
2010-01-25,3,81.2
2010-01-26,3,79.8
2010-01-27,1,77.8
2010-01-28,3,76.3
2010-01-29,1,73.3
2010-01-30,5,75.0
2010-01-31,4,75.3
2010-02-01,9,75.3
2010-02-02,10,75.2
2010-02-03,10,74.4
2010-02-04,2,73.9
2010-02-05,2,77.8
2010-02-06,4,87.5
2010-02-07,3,90.3
2010-02-08,4,93.7
2010-02-09,3,91.4
2010-02-10,3,91.3
2010-02-11,5,94.2
2010-02-12,6,95.5
2010-02-13,4,94.1
2010-02-14,4,89.4
2010-02-15,14,87.6
2010-02-16,9,86.8
2010-02-17,6,86.9
2010-02-18,5,85.0
2010-02-19,4,83.7
2010-02-20,1,83.8
2010-02-21,1,83.5
2010-02-22,4,83.7
2010-02-23,2,84.2
2010-02-24,4,82.6
2010-02-25,3,82.7
2010-02-26,2,80.5
2010-02-27,1,78.6
2010-02-28,2,78.1
2010-03-01,5,77.9
2010-03-02,4,79.4
2010-03-03,8,80.4
2010-03-04,7,81.3
2010-03-05,3,79.5
2010-03-06,4,78.3
2010-03-07,5,76.6
2010-03-08,3,76.3
2010-03-09,2,77.9
2010-03-10,9,80.3
2010-03-11,10,84.2
2010-03-12,9,89.6
2010-03-13,3,91.8
2010-03-14,6,89.4
2010-03-15,2,86.4
2010-03-16,4,85.2
2010-03-17,7,86.7
2010-03-18,6,85.8
2010-03-19,3,84.4
2010-03-20,6,83.5
2010-03-21,1,84.8
2010-03-22,0,82.5
2010-03-23,1,83.9
2010-03-24,3,84.4
2010-03-25,6,87.6
2010-03-26,3,85.9
2010-03-27,3,88.1
2010-03-28,6,86.0
2010-03-29,4,83.2
2010-03-30,7,82.8
2010-03-31,5,81.0
2010-04-01,12,79.2
2010-04-02,13,76.2
2010-04-03,9,77.4
2010-04-04,13,78.7
2010-04-05,55,79.3
2010-04-06,44,77.5
2010-04-07,22,76.3
2010-04-08,12,75.7
2010-04-09,6,76.0
2010-04-10,3,75.0
2010-04-11,12,74.6
2010-04-12,19,74.5
2010-04-13,3,74.9
2010-04-14,10,75.1
2010-04-15,8,74.5
2010-04-16,3,74.8
2010-04-17,3,73.9
2010-04-18,3,74.7
2010-04-19,4,75.4
2010-04-20,4,75.6
2010-04-21,6,76.1
2010-04-22,6,76.1
2010-04-23,10,75.0
2010-04-24,7,74.2
2010-04-25,3,75.4
2010-04-26,2,76.0
2010-04-27,4,74.8
2010-04-28,3,76.1
2010-04-29,6,76.2
2010-04-30,3,78.6
2010-05-01,3,77.8
2010-05-02,36,79.5
2010-05-03,24,80.3
2010-05-04,10,81.7
2010-05-05,7,83.2
2010-05-06,8,79.1
2010-05-07,8,79.0
2010-05-08,5,78.8
2010-05-09,2,75.4
2010-05-10,4,73.6
2010-05-11,6,73.5
2010-05-12,5,71.2
2010-05-13,3,69.4
2010-05-14,3,69.7
2010-05-15,2,70.3
2010-05-16,3,68.5
2010-05-17,5,69.2
2010-05-18,5,68.7
2010-05-19,7,68.6
2010-05-20,10,68.8
2010-05-21,4,70.9
2010-05-22,3,72.5
2010-05-23,0,74.5
2010-05-24,1,72.6
2010-05-25,5,73.2
2010-05-26,5,72.4
2010-05-27,2,72.7
2010-05-28,11,73.2
2010-05-29,28,73.7
2010-05-30,21,73.0
2010-05-31,15,72.0
2010-06-01,11,72.7
2010-06-02,6,74.0
2010-06-03,10,74.6
2010-06-04,14,71.9
2010-06-05,5,70.3
2010-06-06,5,68.0
2010-06-07,4,68.5
2010-06-08,3,71.9
2010-06-09,4,71.5
2010-06-10,5,72.9
2010-06-11,4,74.6
2010-06-12,2,76.2
2010-06-13,5,76.3
2010-06-14,4,72.8
2010-06-15,8,70.1
2010-06-16,17,71.6
2010-06-17,8,70.4
2010-06-18,4,70.5
2010-06-19,3,68.9
2010-06-20,3,70.0
2010-06-21,4,72.0
2010-06-22,4,73.3
2010-06-23,3,74.0
2010-06-24,4,74.4
2010-06-25,7,74.5
2010-06-26,12,74.5
2010-06-27,12,72.9
2010-06-28,6,73.9
2010-06-29,10,73.6
2010-06-30,16,73.8
2010-07-01,10,73.0
2010-07-02,8,73.4
2010-07-03,6,72.4
2010-07-04,4,71.6
2010-07-05,3,72.7
2010-07-06,2,72.7
2010-07-07,2,74.1
2010-07-08,2,75.6
2010-07-09,4,80.0
2010-07-10,1,79.9
2010-07-11,4,82.6
2010-07-12,3,80.0
2010-07-13,2,78.5
2010-07-14,9,77.7
2010-07-15,8,75.9
2010-07-16,3,76.6
2010-07-17,2,78.7
2010-07-18,2,76.9
2010-07-19,3,79.8
2010-07-20,4,87.0
2010-07-21,4,89.1
2010-07-22,4,87.7
2010-07-23,7,86.4
2010-07-24,4,85.2
2010-07-25,5,85.2
2010-07-26,5,84.4
2010-07-27,19,82.6
2010-07-28,11,85.3
2010-07-29,6,84.6
2010-07-30,6,83.2
2010-07-31,5,81.5
2010-08-01,4,79.7
2010-08-02,5,79.1
2010-08-03,25,80.6
2010-08-04,49,80.8
2010-08-05,8,82.7
2010-08-06,5,82.0
2010-08-07,4,90.5
2010-08-08,3,82.6
2010-08-09,9,84.1
2010-08-10,6,83.5
2010-08-11,7,85.8
2010-08-12,4,83.8
2010-08-13,3,83.7
2010-08-14,3,85.2
2010-08-15,5,85.6
2010-08-16,5,84.7
2010-08-17,4,81.1
2010-08-18,4,79.8
2010-08-19,3,77.9
2010-08-20,2,77.1
2010-08-21,2,75.5
2010-08-22,1,74.6
2010-08-23,6,74.9
2010-08-24,20,73.6
2010-08-25,18,73.5
2010-08-26,10,73.4
2010-08-27,14,73.2
2010-08-28,7,71.9
2010-08-29,2,73.9
2010-08-30,1,75.0
2010-08-31,3,74.6
2010-09-01,4,76.3
2010-09-02,6,77.0
2010-09-03,2,77.2
2010-09-04,2,82.2
2010-09-05,4,82.1
2010-09-06,8,79.7
2010-09-07,10,76.2
2010-09-08,11,74.5
2010-09-09,5,73.7
2010-09-10,2,75.3
2010-09-11,1,78.0
2010-09-12,1,78.3
2010-09-13,2,79.5
2010-09-14,8,80.7
2010-09-15,6,81.2
2010-09-16,6,82.5
2010-09-17,8,82.2
2010-09-18,4,82.1
2010-09-19,3,81.2
2010-09-20,4,82.6
2010-09-21,4,84.6
2010-09-22,2,84.8
2010-09-23,6,84.3
2010-09-24,15,82.6
2010-09-25,8,82.9
2010-09-26,7,83.9
2010-09-27,6,83.0
2010-09-28,11,83.2
2010-09-29,4,90.7
2010-09-30,2,89.9
2010-10-01,2,86.7
2010-10-02,0,85.0
2010-10-03,2,80.0
2010-10-04,2,76.1
2010-10-05,5,75.4
2010-10-06,5,74.2
2010-10-07,3,75.1
2010-10-08,5,74.9
2010-10-09,4,76.4
2010-10-10,3,75.9
2010-10-11,20,75.3
2010-10-12,10,75.2
2010-10-13,4,78.1
2010-10-14,1,80.4
2010-10-15,5,82.2
2010-10-16,7,86.9
2010-10-17,11,83.6
2010-10-18,5,90.6
2010-10-19,6,86.6
2010-10-20,4,83.9
2010-10-21,3,83.5
2010-10-22,6,82.2
2010-10-23,26,84.3
2010-10-24,17,82.1
2010-10-25,7,86.2
2010-10-26,8,86.1
2010-10-27,5,87.6
2010-10-28,4,86.4
2010-10-29,3,85.7
2010-10-30,2,84.8
2010-10-31,4,81.2
2010-11-01,3,79.1
2010-11-02,3,78.9
2010-11-03,5,78.5
2010-11-04,3,79.2
2010-11-05,2,83.0
2010-11-06,1,88.6
2010-11-07,2,85.0
2010-11-08,4,83.7
2010-11-09,2,84.1
2010-11-10,4,85.6
2010-11-11,17,84.5
2010-11-12,16,85.4
2010-11-13,7,85.4
2010-11-14,8,86.4
2010-11-15,9,90.8
2010-11-16,7,91.8
2010-11-17,5,91.2
2010-11-18,6,86.5
2010-11-19,2,84.0
2010-11-20,3,79.8
2010-11-21,4,77.6
2010-11-22,6,74.8
2010-11-23,10,75.3
2010-11-24,6,75.8
2010-11-25,4,77.9
2010-11-26,1,76.2
2010-11-27,11,76.5
2010-11-28,9,80.1
2010-11-29,4,82.5
2010-11-30,4,86.4
2010-12-01,2,86.5
2010-12-02,2,86.5
2010-12-03,1,86.8
2010-12-04,1,87.4
2010-12-05,1,87.9
2010-12-06,3,88.5
2010-12-07,5,87.1
2010-12-08,7,87.2
2010-12-09,1,86.8
2010-12-10,1,88.4
2010-12-11,1,86.9
2010-12-12,4,89.4
2010-12-13,9,87.7
2010-12-14,16,90.3
2010-12-15,9,86.9
2010-12-16,6,84.1
2010-12-17,4,81.6
2010-12-18,4,80.5
2010-12-19,2,80.9
2010-12-20,11,77.9
2010-12-21,2,77.9
2010-12-22,1,77.7
2010-12-23,1,80.1
2010-12-24,3,78.6
2010-12-25,5,79.4
2010-12-26,3,80.5
2010-12-27,2,80.1
2010-12-28,10,80.7
2010-12-29,4,82.6
2010-12-30,4,82.9
2010-12-31,4,90.9
2011-01-01,4,
2011-01-02,4,91.1
2011-01-03,5,92.1
2011-01-04,6,90.6
2011-01-05,2,87.7
2011-01-06,7,86.8
2011-01-07,16,86.4
2011-01-08,8,84.8
2011-01-09,7,82.7
2011-01-10,6,83.3
2011-01-11,8,82.6
2011-01-12,6,80.0
2011-01-13,9,79.5
2011-01-14,9,79.3
2011-01-15,5,80.2
2011-01-16,5,80.3
2011-01-17,6,81.8
2011-01-18,5,81.0
2011-01-19,8,80.8
2011-01-20,5,82.3
2011-01-21,3,87.5
2011-01-22,4,87.7
2011-01-23,2,84.3
2011-01-24,4,82.5
2011-01-25,6,80.5
2011-01-26,4,80.0
2011-01-27,3,80.5
2011-01-28,5,80.6
2011-01-29,4,81.4
2011-01-30,1,82.6
2011-01-31,5,81.3
2011-02-01,10,79.9
2011-02-02,6,79.2
2011-02-03,2,80.4
2011-02-04,22,82.1
2011-02-05,16,81.0
2011-02-06,12,80.2
2011-02-07,4,82.3
2011-02-08,5,89.7
2011-02-09,2,88.7
2011-02-10,4,91.4
2011-02-11,5,91.2
2011-02-12,4,95.6
2011-02-13,2,106.8
2011-02-14,13,112.6
2011-02-15,7,112.8
2011-02-16,3,114.1
2011-02-17,2,110.9
2011-02-18,21,124.8
2011-02-19,6,109.4
2011-02-20,9,104.6
2011-02-21,8,96.7
2011-02-22,2,90.9
2011-02-23,2,89.3
2011-02-24,1,88.9
2011-02-25,3,88.2
2011-02-26,3,90.2
2011-02-27,2,90.4
2011-02-28,2,95.8
2011-03-01,27,110.5
2011-03-02,18,113.4
2011-03-03,16,120.9
2011-03-04,13,126.8
2011-03-05,6,134.6
2011-03-06,6,142.5
2011-03-07,10,938.6
2011-03-08,5,166.7
2011-03-09,4,143.1
2011-03-10,19,131.3
2011-03-11,37,123.1
2011-03-12,15,120.7
2011-03-13,8,112.9
2011-03-14,3,107.4
2011-03-15,1,101.5
2011-03-16,1,104.9
2011-03-17,6,90.1
2011-03-18,2,87.6
2011-03-19,4,88.8
2011-03-20,6,92.0
2011-03-21,5,101.0
2011-03-22,8,99.8
2011-03-23,12,104.6
2011-03-24,4,107.6
2011-03-25,3,112.6
2011-03-26,1,114.5
2011-03-27,2,115.6
2011-03-28,2,118.5
2011-03-29,3,116.2
2011-03-30,4,117.6
2011-03-31,3,113.3
2011-04-01,12,108.9
2011-04-02,20,107.5
2011-04-03,16,114.0
2011-04-04,7,112.7
2011-04-05,6,109.2
2011-04-06,26,117.1
2011-04-07,5,112.3
2011-04-08,10,108.7
2011-04-09,6,105.0
2011-04-10,2,104.8
2011-04-11,7,105.8
2011-04-12,23,110.3
2011-04-13,12,117.8
2011-04-14,4,118.7
2011-04-15,4,129.4
2011-04-16,3,119.2
2011-04-17,3,114.4
2011-04-18,9,111.0
2011-04-19,4,110.9
2011-04-20,16,117.0
2011-04-21,4,113.0
2011-04-22,5,114.8
2011-04-23,3,119.1
2011-04-24,6,117.2
2011-04-25,4,112.1
2011-04-26,2,109.4
2011-04-27,1,107.9
2011-04-28,2,110.4
2011-04-29,12,109.6
2011-04-30,26,109.5
2011-05-01,17,106.1
2011-05-02,20,109.8
2011-05-03,13,107.0
2011-05-04,5,106.9
2011-05-05,7,104.9
2011-05-06,3,101.9
2011-05-07,5,102.2
2011-05-08,2,102.2
2011-05-09,2,103.7
2011-05-10,11,97.5
2011-05-11,5,94.1
2011-05-12,2,92.8
2011-05-13,3,91.5
2011-05-14,3,91.4
2011-05-15,10,94.5
2011-05-16,13,92.2
2011-05-17,9,91.5
2011-05-18,5,90.6
2011-05-19,3,84.4
2011-05-20,2,83.7
2011-05-21,4,83.6
2011-05-22,4,84.5
2011-05-23,4,84.1
2011-05-24,6,81.7
2011-05-25,3,80.3
2011-05-26,6,82.7
2011-05-27,11,89.9
2011-05-28,45,100.5
2011-05-29,34,110.8
2011-05-30,8,111.9
2011-05-31,13,112.0
2011-06-01,10,113.6
2011-06-02,7,111.6
2011-06-03,3,107.1
2011-06-04,13,102.8
2011-06-05,25,102.9
2011-06-06,5,100.2
2011-06-07,9,96.4
2011-06-08,11,90.2
2011-06-09,8,87.5
2011-06-10,8,86.7
2011-06-11,10,84.5
2011-06-12,7,84.6
2011-06-13,8,86.6
2011-06-14,7,99.3
2011-06-15,6,101.5
2011-06-16,5,103.3
2011-06-17,9,104.3
2011-06-18,4,99.2
2011-06-19,4,99.1
2011-06-20,7,96.4
2011-06-21,9,95.1
2011-06-22,12,92.9
2011-06-23,18,96.3
2011-06-24,11,96.2
2011-06-25,6,93.6
2011-06-26,7,90.1
2011-06-27,4,89.2
2011-06-28,3,86.9
2011-06-29,2,87.3
2011-06-30,4,89.2
2011-07-01,13,87.6
2011-07-02,4,85.6
2011-07-03,6,86.2
2011-07-04,11,85.0
2011-07-05,11,84.8
2011-07-06,8,84.6
2011-07-07,6,85.5
2011-07-08,6,85.8
2011-07-09,10,85.6
2011-07-10,10,90.7
2011-07-11,12,90.1
2011-07-12,8,91.7
2011-07-13,6,94.6
2011-07-14,7,94.1
2011-07-15,5,93.8
2011-07-16,4,93.8
2011-07-17,4,103.6
2011-07-18,6,102.0
2011-07-19,15,100.3
2011-07-20,18,100.1
2011-07-21,12,96.0
2011-07-22,10,92.4
2011-07-23,7,88.2
2011-07-24,4,86.2
2011-07-25,10,87.0
2011-07-26,6,93.5
2011-07-27,3,99.3
2011-07-28,3,107.3
2011-07-29,4,111.7
2011-07-30,16,112.7
2011-07-31,9,118.6
2011-08-01,6,124.9
2011-08-02,3,121.6
2011-08-03,3,119.9
2011-08-04,4,116.3
2011-08-05,42,109.4
2011-08-06,31,110.0
2011-08-07,7,105.4
2011-08-08,7,101.5
2011-08-09,8,97.5
2011-08-10,6,90.3
2011-08-11,4,84.2
2011-08-12,4,83.4
2011-08-13,4,83.1
2011-08-14,9,88.1
2011-08-15,11,90.4
2011-08-16,7,93.0
2011-08-17,6,97.5
2011-08-18,2,97.8
2011-08-19,2,98.2
2011-08-20,5,100.5
2011-08-21,3,100.9
2011-08-22,6,108.2
2011-08-23,9,103.7
2011-08-24,7,104.1
2011-08-25,4,104.2
2011-08-26,4,104.6
2011-08-27,5,103.8
2011-08-28,5,101.0
2011-08-29,8,101.2
2011-08-30,4,101.3
2011-08-31,1,109.0
2011-09-01,2,111.8
2011-09-02,3,115.4
2011-09-03,11,118.7
2011-09-04,9,119.4
2011-09-05,6,118.7
2011-09-06,6,111.5
2011-09-07,6,112.8
2011-09-08,2,110.1
2011-09-09,30,111.8
2011-09-10,40,116.2
2011-09-11,12,121.3
2011-09-12,27,123.9
2011-09-13,18,129.4
2011-09-14,5,142.6
2011-09-15,6,140.7
2011-09-16,3,143.1
2011-09-17,32,144.8
2011-09-18,5,150.1
2011-09-19,2,140.9
2011-09-20,6,144.3
2011-09-21,4,144.2
2011-09-22,4,150.8
2011-09-23,2,158.2
2011-09-24,4,190.4
2011-09-25,4,168.8
2011-09-26,38,148.2
2011-09-27,30,139.0
2011-09-28,20,133.4
2011-09-29,24,136.6
2011-09-30,7,138.1
2011-10-01,16,136.9
2011-10-02,13,130.9
2011-10-03,4,128.9
2011-10-04,5,130.3
2011-10-05,16,126.7
2011-10-06,7,123.9
2011-10-07,4,122.0
2011-10-08,8,118.4
2011-10-09,10,121.0
2011-10-10,3,126.4
2011-10-11,3,130.1
2011-10-12,5,134.1
2011-10-13,3,137.6
2011-10-14,2,136.1
2011-10-15,8,137.7
2011-10-16,7,151.0
2011-10-17,4,152.6
2011-10-18,4,146.8
2011-10-19,5,147.3
2011-10-20,4,159.1
2011-10-21,4,167.8
2011-10-22,2,164.1
2011-10-23,2,155.5
2011-10-24,26,145.3
2011-10-25,38,138.8
2011-10-26,4,132.2
2011-10-27,4,131.5
2011-10-28,0,133.9
2011-10-29,0,123.0
2011-10-30,6,126.7
2011-10-31,10,138.1
2011-11-01,19,138.6
2011-11-02,9,153.6
2011-11-03,3,160.4
2011-11-04,3,163.9
2011-11-05,3,171.9
2011-11-06,3,176.7
2011-11-07,4,182.1
2011-11-08,7,181.0
2011-11-09,1,180.2
2011-11-10,3,178.6
2011-11-11,3,173.9
2011-11-12,3,168.8
2011-11-13,2,155.3
2011-11-14,1,161.1
2011-11-15,6,148.3
2011-11-16,3,142.3
2011-11-17,4,147.7
2011-11-18,3,144.4
2011-11-19,0,139.6
2011-11-20,1,139.9
2011-11-21,5,141.1
2011-11-22,7,142.4
2011-11-23,6,140.0
2011-11-24,7,137.2
2011-11-25,4,135.2
2011-11-26,4,132.8
2011-11-27,6,135.2
2011-11-28,4,137.6
2011-11-29,12,140.6
2011-11-30,12,144.0
2011-12-01,7,152.2
2011-12-02,6,157.3
2011-12-03,10,164.1
2011-12-04,4,163.6
2011-12-05,2,158.1
2011-12-06,1,151.1
2011-12-07,1,148.9
2011-12-08,2,144.8
2011-12-09,4,143.5
2011-12-10,8,140.0
2011-12-11,7,134.3
2011-12-12,6,131.5
2011-12-13,4,133.1
2011-12-14,3,132.0
2011-12-15,1,124.2
2011-12-16,0,121.0
2011-12-17,1,119.6
2011-12-18,2,127.4
2011-12-19,6,128.2
2011-12-20,6,137.4
2011-12-21,6,144.5
2011-12-22,4,145.8
2011-12-23,1,138.2
2011-12-24,2,142.8
2011-12-25,3,144.3
2011-12-26,1,145.6
2011-12-27,0,140.3
2011-12-28,4,144.8
2011-12-29,9,147.1
2011-12-30,7,141.1
2011-12-31,6,132.9
2012-01-01,4,
2012-01-02,4,134.7
2012-01-03,9,134.6
2012-01-04,2,136.2
2012-01-05,5,141.3
2012-01-06,6,135.5
2012-01-07,6,140.5
2012-01-08,4,135.8
2012-01-09,7,142.3
2012-01-10,5,128.8
2012-01-11,6,120.1
2012-01-12,5,116.8
2012-01-13,8,124.1
2012-01-14,2,132.3
2012-01-15,4,133.5
2012-01-16,9,139.7
2012-01-17,6,139.0
2012-01-18,4,148.1
2012-01-19,2,157.0
2012-01-20,4,141.2
2012-01-21,6,141.6
2012-01-22,24,141.0
2012-01-23,12,144.3
2012-01-24,18,135.7
2012-01-25,16,126.4
2012-01-26,7,128.2
2012-01-27,7,141.7
2012-01-28,6,114.5
2012-01-29,6,109.8
2012-01-30,8,114.4
2012-01-31,3,116.5
2012-02-01,6,117.5
2012-02-02,4,118.0
2012-02-03,6,111.1
2012-02-04,9,107.0
2012-02-05,8,102.7
2012-02-06,7,112.0
2012-02-07,15,107.2
2012-02-08,11,97.2
2012-02-09,5,99.2
2012-02-10,5,110.8
2012-02-11,5,112.3
2012-02-12,4,110.4
2012-02-13,10,108.4
2012-02-14,12,107.4
2012-02-15,22,104.6
2012-02-16,4,103.2
2012-02-17,1,103.7
2012-02-18,4,104.1
2012-02-19,21,105.3
2012-02-20,20,111.1
2012-02-21,7,103.3
2012-02-22,11,104.2
2012-02-23,3,103.3
2012-02-24,6,108.9
2012-02-25,6,108.0
2012-02-26,7,107.0
2012-02-27,19,105.5
2012-02-28,12,103.3
2012-02-29,7,102.0
2012-03-01,17,103.4
2012-03-02,10,108.2
2012-03-03,8,116.4
2012-03-04,12,120.1
2012-03-05,10,131.6
2012-03-06,9,138.1
2012-03-07,48,135.7
2012-03-08,25,139.5
2012-03-09,87,145.5
2012-03-10,19,148.9
2012-03-11,10,131.2
2012-03-12,32,114.9
2012-03-13,10,140.7
2012-03-14,8,118.8
2012-03-15,36,110.6
2012-03-16,26,98.5
2012-03-17,26,102.4
2012-03-18,13,102.0
2012-03-19,10,101.8
2012-03-20,5,99.6
2012-03-21,5,99.9
2012-03-22,7,102.4
2012-03-23,5,104.8
2012-03-24,11,102.7
2012-03-25,4,101.3
2012-03-26,4,102.4
2012-03-27,17,105.6
2012-03-28,15,107.0
2012-03-29,3,111.5
2012-03-30,4,110.6
2012-03-31,4,110.1
2012-04-01,6,107.3
2012-04-02,9,105.9
2012-04-03,5,103.5
2012-04-04,7,102.1
2012-04-05,16,100.9
2012-04-06,2,97.4
2012-04-07,10,98.5
2012-04-08,4,93.3
2012-04-09,3,94.5
2012-04-10,7,93.3
2012-04-11,4,93.4
2012-04-12,15,95.3
2012-04-13,20,97.7
2012-04-14,10,98.1
2012-04-15,5,101.7
2012-04-16,4,107.9
2012-04-17,9,113.8
2012-04-18,8,121.5
2012-04-19,5,137.8
2012-04-20,8,141.7
2012-04-21,8,149.1
2012-04-22,8,147.9
2012-04-23,26,141.8
2012-04-24,41,133.6
2012-04-25,27,127.2
2012-04-26,16,119.2
2012-04-27,8,117.9
2012-04-28,6,121.1
2012-04-29,4,116.0
2012-04-30,2,114.1
2012-05-01,3,109.9
2012-05-02,4,115.5
2012-05-03,7,114.0
2012-05-04,3,114.0
2012-05-05,2,116.0
2012-05-06,4,117.3
2012-05-07,2,121.7
2012-05-08,8,122.8
2012-05-09,26,127.3
2012-05-10,10,130.7
2012-05-11,10,136.4
2012-05-12,9,129.5
2012-05-13,10,130.5
2012-05-14,4,130.0
2012-05-15,4,129.0
2012-05-16,9,130.9
2012-05-17,4,136.3
2012-05-18,8,132.2
2012-05-19,4,130.9
2012-05-20,10,130.8
2012-05-21,4,125.1
2012-05-22,19,121.3
2012-05-23,16,117.2
2012-05-24,6,115.5
2012-05-25,5,117.2
2012-05-26,2,110.0
2012-05-27,2,110.7
2012-05-28,4,110.3
2012-05-29,5,106.3
2012-05-30,6,111.0
2012-05-31,9,117.3
2012-06-01,5,128.6
2012-06-02,9,129.1
2012-06-03,24,129.4
2012-06-04,16,128.2
2012-06-05,17,138.7
2012-06-06,17,151.9
2012-06-07,7,128.2
2012-06-08,6,124.2
2012-06-09,7,128.3
2012-06-10,4,128.3
2012-06-11,17,133.9
2012-06-12,12,141.3
2012-06-13,4,142.8
2012-06-14,3,148.6
2012-06-15,2,144.9
2012-06-16,20,134.5
2012-06-17,43,124.0
2012-06-18,17,118.0
2012-06-19,1,109.9
2012-06-20,3,103.7
2012-06-21,2,97.7
2012-06-22,4,88.4
2012-06-23,4,84.0
2012-06-24,4,85.3
2012-06-25,8,88.6
2012-06-26,6,99.2
2012-06-27,6,106.3
2012-06-28,6,119.7
2012-06-29,5,117.4
2012-06-30,25,124.0
2012-07-01,18,133.4
2012-07-02,20,165.9
2012-07-03,9,145.8
2012-07-04,8,163.2
2012-07-05,14,164.6
2012-07-06,15,157.7
2012-07-07,7,158.4
2012-07-08,12,177.7
2012-07-09,42,173.8
2012-07-10,12,173.4
2012-07-11,11,161.7
2012-07-12,10,165.4
2012-07-13,2,147.2
2012-07-14,19,147.9
2012-07-15,78,140.5
2012-07-16,42,154.4
2012-07-17,17,127.5
2012-07-18,4,109.5
2012-07-19,5,100.0
2012-07-20,10,92.3
2012-07-21,8,89.9
2012-07-22,6,93.7
2012-07-23,9,96.7
2012-07-24,8,102.4
2012-07-25,5,105.4
2012-07-26,2,114.7
2012-07-27,4,123.3
2012-07-28,11,126.6
2012-07-29,5,131.4
2012-07-30,14,136.0
2012-07-31,4,139.8
2012-08-01,5,150.1
2012-08-02,18,134.6
2012-08-03,6,139.7
2012-08-04,5,138.7
2012-08-05,4,134.0
2012-08-06,10,134.1
2012-08-07,6,128.5
2012-08-08,10,133.3
2012-08-09,5,131.2
2012-08-10,2,125.4
2012-08-11,4,119.7
2012-08-12,7,112.3
2012-08-13,8,108.1
2012-08-14,6,105.8
2012-08-15,5,100.7
2012-08-16,12,98.3
2012-08-17,8,95.1
2012-08-18,10,97.0
2012-08-19,13,96.2
2012-08-20,11,96.2
2012-08-21,6,94.2
2012-08-22,5,94.8
2012-08-23,9,96.7
2012-08-24,7,104.2
2012-08-25,9,105.9
2012-08-26,11,113.2
2012-08-27,6,111.5
2012-08-28,3,111.2
2012-08-29,3,118.3
2012-08-30,3,127.8
2012-08-31,1,130.5
2012-09-01,5,145.6
2012-09-02,16,142.3
2012-09-03,31,141.6
2012-09-04,16,137.6
2012-09-05,32,132.7
2012-09-06,12,128.0
2012-09-07,10,133.4
2012-09-08,7,128.6
2012-09-09,4,123.0
2012-09-10,3,111.3
2012-09-11,1,105.1
2012-09-12,5,102.6
2012-09-13,5,99.1
2012-09-14,6,100.5
2012-09-15,6,97.5
2012-09-16,7,97.3
2012-09-17,4,101.5
2012-09-18,9,104.3
2012-09-19,14,109.8
2012-09-20,10,117.4
2012-09-21,6,116.9
2012-09-22,4,124.5
2012-09-23,0,133.6
2012-09-24,2,136.6
2012-09-25,2,139.8
2012-09-26,6,139.2
2012-09-27,4,133.2
2012-09-28,0,137.8
2012-09-29,3,136.0
2012-09-30,13,135.6
2012-10-01,32,128.1
2012-10-02,5,118.2
2012-10-03,5,111.7
2012-10-04,1,109.5
2012-10-05,4,106.2
2012-10-06,6,98.8
2012-10-07,5,98.1
2012-10-08,40,103.4
2012-10-09,46,106.2
2012-10-10,11,112.0
2012-10-11,6,116.6
2012-10-12,13,121.9
2012-10-13,47,124.9
2012-10-14,21,132.1
2012-10-15,9,136.8
2012-10-16,5,137.0
2012-10-17,7,135.0
2012-10-18,5,137.6
2012-10-19,3,141.4
2012-10-20,2,151.4
2012-10-21,3,144.2
2012-10-22,2,155.5
2012-10-23,7,141.6
2012-10-24,3,135.6
2012-10-25,3,130.0
2012-10-26,4,130.7
2012-10-27,3,121.7
2012-10-28,3,117.0
2012-10-29,2,108.4
2012-10-30,2,106.3
2012-10-31,5,104.2
2012-11-01,22,98.4
2012-11-02,5,96.5
2012-11-03,2,93.3
2012-11-04,2,95.0
2012-11-05,2,96.6
2012-11-06,4,98.7
2012-11-07,15,101.7
2012-11-08,2,104.1
2012-11-09,1,115.1
2012-11-10,2,122.2
2012-11-11,2,133.3
2012-11-12,5,143.8
2012-11-13,19,146.2
2012-11-14,37,142.1
2012-11-15,3,141.7
2012-11-16,7,138.3
2012-11-17,9,135.5
2012-11-18,4,141.0
2012-11-19,4,133.9
2012-11-20,15,141.2
2012-11-21,8,140.4
2012-11-22,2,127.7
2012-11-23,7,126.7
2012-11-24,15,118.0
2012-11-25,4,121.6
2012-11-26,5,121.8
2012-11-27,4,117.1
2012-11-28,1,114.3
2012-11-29,2,113.1
2012-11-30,1,110.6
2012-12-01,4,101.7
2012-12-02,8,97.7
2012-12-03,4,96.6
2012-12-04,4,96.2
2012-12-05,1,95.5
2012-12-06,0,97.4
2012-12-07,0,97.1
2012-12-08,1,101.1
2012-12-09,4,103.7
2012-12-10,3,104.0
2012-12-11,2,103.7
2012-12-12,2,111.9
2012-12-13,2,116.6
2012-12-14,3,119.2
2012-12-15,9,122.4
2012-12-16,5,119.5
2012-12-17,12,115.0
2012-12-18,6,116.2
2012-12-19,4,113.4
2012-12-20,8,114.1
2012-12-21,4,114.6
2012-12-22,1,115.3
2012-12-23,1,114.2
2012-12-24,2,113.1
2012-12-25,3,113.0
2012-12-26,3,109.8
2012-12-27,0,106.8
2012-12-28,1,105.8
2012-12-29,3,104.3
2012-12-30,5,106.7
2012-12-31,1,113.6
2013-01-01,1,117.8
2013-01-02,4,119.0
2013-01-03,2,128.8
2013-01-04,2,143.1
2013-01-05,2,145.1
2013-01-06,4,142.2
2013-01-07,3,149.7
2013-01-08,4,155.6
2013-01-09,4,169.3
2013-01-10,3,173.9
2013-01-11,3,172.3
2013-01-12,4,168.5
2013-01-13,10,156.4
2013-01-14,9,154.1
2013-01-15,5,139.7
2013-01-16,5,137.1
2013-01-17,14,122.7
2013-01-18,11,115.2
2013-01-19,8,106.7
2013-01-20,10,106.6
2013-01-21,4,108.3
2013-01-22,1,110.3
2013-01-23,2,104.9
2013-01-24,2,103.4
2013-01-25,6,100.5
2013-01-26,21,99.4
2013-01-27,7,97.7
2013-01-28,4,97.6
2013-01-29,3,95.4
2013-01-30,2,96.6
2013-01-31,3,102.7
2013-02-01,4,103.7
2013-02-02,10,111.8
2013-02-03,4,111.1
2013-02-04,4,106.7
2013-02-05,2,105.1
2013-02-06,1,103.5
2013-02-07,7,102.8
2013-02-08,8,104.2
2013-02-09,3,107.6
2013-02-10,4,105.9
2013-02-11,5,105.2
2013-02-12,5,101.8
2013-02-13,12,100.3
2013-02-14,15,99.5
2013-02-15,4,100.1
2013-02-16,8,103.2
2013-02-17,9,105.5
2013-02-18,4,104.7
2013-02-19,6,112.4
2013-02-20,7,113.5
2013-02-21,7,108.5
2013-02-22,10,107.0
2013-02-23,8,99.6
2013-02-24,3,94.9
2013-02-25,3,95.4
2013-02-26,5,98.7
2013-02-27,4,102.0
2013-02-28,8,105.5
2013-03-01,34,112.6
2013-03-02,14,111.0
2013-03-03,9,112.0
2013-03-04,4,114.3
2013-03-05,4,118.4
2013-03-06,3,114.3
2013-03-07,2,113.8
2013-03-08,2,115.0
2013-03-09,6,116.2
2013-03-10,3,119.2
2013-03-11,5,119.7
2013-03-12,5,123.0
2013-03-13,3,122.9
2013-03-14,4,122.8
2013-03-15,6,123.1
2013-03-16,10,126.0
2013-03-17,72,125.7
2013-03-18,7,117.6
2013-03-19,5,110.4
2013-03-20,9,107.6
2013-03-21,13,106.1
2013-03-22,4,100.9
2013-03-23,10,98.2
2013-03-24,6,96.0
2013-03-25,3,92.6
2013-03-26,2,92.4
2013-03-27,20,93.0
2013-03-28,10,98.7
2013-03-29,28,105.1
2013-03-30,19,108.4
2013-03-31,4,113.3
2013-04-01,5,119.1
2013-04-02,3,122.1
2013-04-03,2,127.0
2013-04-04,4,128.5
2013-04-05,3,134.4
2013-04-06,5,137.0
2013-04-07,4,137.8
2013-04-08,2,139.2
2013-04-09,3,146.5
2013-04-10,4,148.0
2013-04-11,4,137.1
2013-04-12,4,137.9
2013-04-13,6,125.1
2013-04-14,12,116.8
2013-04-15,5,113.3
2013-04-16,3,113.3
2013-04-17,2,108.1
2013-04-18,2,105.0
2013-04-19,1,99.4
2013-04-20,3,104.9
2013-04-21,2,109.3
2013-04-22,4,112.9
2013-04-23,6,117.5
2013-04-24,24,114.7
2013-04-25,10,119.2
2013-04-26,18,121.9
2013-04-27,6,127.0
2013-04-28,5,131.7
2013-04-29,4,142.4
2013-04-30,6,154.4
2013-05-01,29,159.2
2013-05-02,10,149.4
2013-05-03,5,147.9
2013-05-04,5,141.6
2013-05-05,7,137.1
2013-05-06,7,130.7
2013-05-07,9,128.7
2013-05-08,6,126.9
2013-05-09,4,128.4
2013-05-10,4,124.8
2013-05-11,3,136.6
2013-05-12,3,147.3
2013-05-13,4,150.3
2013-05-14,6,147.9
2013-05-15,8,145.6
2013-05-16,16,144.7
2013-05-17,8,136.4
2013-05-18,19,132.1
2013-05-19,11,135.3
2013-05-20,6,132.0
2013-05-21,5,125.3
2013-05-22,10,133.4
2013-05-23,8,134.5
2013-05-24,20,127.3
2013-05-25,37,121.3
2013-05-26,18,120.0
2013-05-27,13,110.1
2013-05-28,7,104.8
2013-05-29,1,106.9
2013-05-30,2,104.1
2013-05-31,9,101.8
2013-06-01,58,105.8
2013-06-02,17,110.9
2013-06-03,9,111.8
2013-06-04,8,109.9
2013-06-05,5,108.8
2013-06-06,23,109.0
2013-06-07,27,109.8
2013-06-08,8,103.2
2013-06-09,7,96.0
2013-06-10,10,93.3
2013-06-11,5,89.5
2013-06-12,4,93.3
2013-06-13,3,98.9
2013-06-14,3,109.1
2013-06-15,4,111.0
2013-06-16,2,115.9
2013-06-17,3,123.8
2013-06-18,4,124.8
2013-06-19,4,123.4
2013-06-20,11,126.3
2013-06-21,18,133.2
2013-06-22,13,130.0
2013-06-23,18,128.2
2013-06-24,18,120.6
2013-06-25,6,109.2
2013-06-26,2,106.5
2013-06-27,7,99.5
2013-06-28,22,101.0
2013-06-29,50,100.2
2013-06-30,10,102.8
2013-07-01,6,107.8
2013-07-02,3,114.3
2013-07-03,4,124.5
2013-07-04,3,137.7
2013-07-05,8,140.8
2013-07-06,27,134.2
2013-07-07,6,125.6
2013-07-08,4,119.3
2013-07-09,9,119.9
2013-07-10,26,117.9
2013-07-11,20,113.4
2013-07-12,8,117.6
2013-07-13,8,114.0
2013-07-14,26,112.9
2013-07-15,24,114.1
2013-07-16,4,113.9
2013-07-17,4,111.3
2013-07-18,17,114.8
2013-07-19,15,113.6
2013-07-20,5,112.5
2013-07-21,4,109.4
2013-07-22,5,109.9
2013-07-23,4,106.7
2013-07-24,4,107.6
2013-07-25,12,106.9
2013-07-26,11,109.5
2013-07-27,9,107.9
2013-07-28,6,109.4
2013-07-29,4,112.1
2013-07-30,5,113.1
2013-07-31,4,108.7
2013-08-01,4,112.1
2013-08-02,2,112.9
2013-08-03,4,107.3
2013-08-04,15,104.8
2013-08-05,14,104.3
2013-08-06,5,103.9
2013-08-07,3,105.5
2013-08-08,3,104.4
2013-08-09,6,103.6
2013-08-10,5,102.5
2013-08-11,4,110.4
2013-08-12,5,114.1
2013-08-13,8,122.0
2013-08-14,10,125.2
2013-08-15,14,122.7
2013-08-16,26,119.9
2013-08-17,7,149.7
2013-08-18,5,126.1
2013-08-19,4,128.3
2013-08-20,3,131.5
2013-08-21,18,130.4
2013-08-22,13,131.6
2013-08-23,15,124.1
2013-08-24,6,117.4
2013-08-25,5,112.6
2013-08-26,5,111.2
2013-08-27,16,109.7
2013-08-28,9,108.1
2013-08-29,2,108.8
2013-08-30,8,107.5
2013-08-31,12,107.5
2013-09-01,10,103.8
2013-09-02,9,105.6
2013-09-03,6,106.0
2013-09-04,5,109.3
2013-09-05,2,110.1
2013-09-06,5,101.3
2013-09-07,3,98.5
2013-09-08,6,95.7
2013-09-09,3,94.3
2013-09-10,6,94.9
2013-09-11,5,92.8
2013-09-12,6,92.9
2013-09-13,9,91.6
2013-09-14,5,92.5
2013-09-15,2,92.8
2013-09-16,4,94.5
2013-09-17,8,98.7
2013-09-18,8,104.1
2013-09-19,13,107.9
2013-09-20,6,109.2
2013-09-21,7,110.3
2013-09-22,5,111.2
2013-09-23,4,107.8
2013-09-24,12,110.2
2013-09-25,4,111.1
2013-09-26,1,109.9
2013-09-27,1,107.9
2013-09-28,0,105.7
2013-09-29,1,103.1
2013-09-30,2,104.9
2013-10-01,4,106.8
2013-10-02,58,108.1
2013-10-03,4,113.8
2013-10-04,1,109.1
2013-10-05,0,105.9
2013-10-06,2,106.5
2013-10-07,5,112.0
2013-10-08,17,111.9
2013-10-09,29,113.4
2013-10-10,9,120.7
2013-10-11,5,129.0
2013-10-12,4,127.9
2013-10-13,2,129.3
2013-10-14,18,125.0
2013-10-15,17,125.3
2013-10-16,10,128.1
2013-10-17,9,136.1
2013-10-18,2,139.9
2013-10-19,1,132.7
2013-10-20,2,133.4
2013-10-21,1,135.8
2013-10-22,4,146.3
2013-10-23,4,152.7
2013-10-24,2,160.6
2013-10-25,2,161.4
2013-10-26,2,171.8
2013-10-27,2,166.9
2013-10-28,1,159.9
2013-10-29,5,152.6
2013-10-30,13,141.9
2013-10-31,6,142.6
2013-11-01,5,146.5
2013-11-02,3,141.6
2013-11-03,7,143.5
2013-11-04,5,147.3
2013-11-05,4,148.5
2013-11-06,4,153.5
2013-11-07,12,148.0
2013-11-08,4,146.0
2013-11-09,22,148.1
2013-11-10,12,154.1
2013-11-11,22,163.7
2013-11-12,2,167.5
2013-11-13,2,171.0
2013-11-14,2,175.8
2013-11-15,10,177.9
2013-11-16,12,174.5
2013-11-17,6,177.0
2013-11-18,2,163.3
2013-11-19,3,152.9
2013-11-20,4,147.0
2013-11-21,1,141.2
2013-11-22,1,142.8
2013-11-23,8,135.6
2013-11-24,0,127.1
2013-11-25,0,119.1
2013-11-26,1,115.5
2013-11-27,1,129.0
2013-11-28,1,132.9
2013-11-29,7,128.5
2013-11-30,9,131.2
2013-12-01,10,130.5
2013-12-02,1,133.7
2013-12-03,7,135.7
2013-12-04,4,138.0
2013-12-05,4,149.6
2013-12-06,3,150.5
2013-12-07,5,156.9
2013-12-08,28,165.5
2013-12-09,3,168.1
2013-12-10,4,175.2
2013-12-11,3,170.8
2013-12-12,1,164.8
2013-12-13,3,163.1
2013-12-14,14,164.2
2013-12-15,5,156.2
2013-12-16,6,154.3
2013-12-17,3,159.0
2013-12-18,3,156.0
2013-12-19,5,153.4
2013-12-20,5,149.2
2013-12-21,3,144.2
2013-12-22,1,137.9
2013-12-23,2,136.1
2013-12-24,1,128.3
2013-12-25,6,122.7
2013-12-26,2,124.7
2013-12-27,1,130.6
2013-12-28,2,134.5
2013-12-29,4,137.0
2013-12-30,2,142.9
2013-12-31,5,145.3
2014-01-01,11,159.6
2014-01-02,18,160.5
2014-01-03,9,182.3
2014-01-04,6,262.0
2014-01-05,3,217.5
2014-01-06,3,203.9
2014-01-07,7,237.1
2014-01-08,7,194.6
2014-01-09,8,184.1
2014-01-10,4,175.1
2014-01-11,3,166.1
2014-01-12,7,155.3
2014-01-13,6,143.3
2014-01-14,10,137.0
2014-01-15,3,126.2
2014-01-16,2,121.0
2014-01-17,2,128.8
2014-01-18,1,129.6
2014-01-19,0,127.5
2014-01-20,2,137.4
2014-01-21,8,146.0
2014-01-22,10,143.3
2014-01-23,6,136.3
2014-01-24,4,135.5
2014-01-25,6,133.2
2014-01-26,6,137.9
2014-01-27,3,143.9
2014-01-28,4,157.2
2014-01-29,6,156.4
2014-01-30,3,160.5
2014-01-31,1,165.7
2014-02-01,4,176.7
2014-02-02,3,189.8
2014-02-03,6,188.3
2014-02-04,4,188.1
2014-02-05,3,193.5
2014-02-06,8,191.3
2014-02-07,8,178.0
2014-02-08,23,171.8
2014-02-09,16,169.0
2014-02-10,10,161.0
2014-02-11,5,172.2
2014-02-12,7,160.1
2014-02-13,1,166.6
2014-02-14,2,166.6
2014-02-15,9,162.1
2014-02-16,19,153.9
2014-02-17,4,152.4
2014-02-18,6,151.4
2014-02-19,43,157.7
2014-02-20,37,156.4
2014-02-21,10,156.8
2014-02-22,12,163.2
2014-02-23,18,171.8
2014-02-24,5,170.7
2014-02-25,3,173.9
2014-02-26,2,178.2
2014-02-27,20,175.7
2014-02-28,11,170.6
2014-03-01,6,164.6
2014-03-02,4,161.3
2014-03-03,5,161.0
2014-03-04,6,158.0
2014-03-05,6,149.1
2014-03-06,5,148.8
2014-03-07,2,148.2
2014-03-08,2,141.6
2014-03-09,2,145.9
2014-03-10,4,151.5
2014-03-11,3,164.6
2014-03-12,5,147.6
2014-03-13,11,147.7
2014-03-14,5,143.8
2014-03-15,3,139.0
2014-03-16,1,135.6
2014-03-17,2,136.4
2014-03-18,5,138.3
2014-03-19,4,149.2
2014-03-20,5,151.3
2014-03-21,9,152.6
2014-03-22,4,154.9
2014-03-23,6,157.0
2014-03-24,3,158.6
2014-03-25,7,152.8
2014-03-26,9,153.2
2014-03-27,5,144.8
2014-03-28,6,146.4
2014-03-29,7,142.7
2014-03-30,4,148.4
2014-03-31,6,152.4
2014-04-01,5,153.3
2014-04-02,3,154.7
2014-04-03,5,153.0
2014-04-04,5,156.9
2014-04-05,12,142.1
2014-04-06,2,140.9
2014-04-07,10,139.9
2014-04-08,4,132.0
2014-04-09,4,130.6
2014-04-10,2,136.7
2014-04-11,7,137.6
2014-04-12,20,135.9
2014-04-13,15,137.1
2014-04-14,6,150.3
2014-04-15,5,161.9
2014-04-16,3,183.9
2014-04-17,11,178.9
2014-04-18,6,172.3
2014-04-19,14,169.3
2014-04-20,22,162.5
2014-04-21,18,158.8
2014-04-22,4,144.8
2014-04-23,5,136.1
2014-04-24,11,130.1
2014-04-25,8,124.7
2014-04-26,5,120.7
2014-04-27,3,118.1
2014-04-28,5,120.8
2014-04-29,4,120.1
2014-04-30,16,123.6
2014-05-01,4,125.7
2014-05-02,2,135.4
2014-05-03,5,132.6
2014-05-04,13,131.5
2014-05-05,8,139.0
2014-05-06,2,138.9
2014-05-07,2,145.9
2014-05-08,20,148.1
2014-05-09,6,152.3
2014-05-10,8,152.1
2014-05-11,10,164.4
2014-05-12,6,162.9
2014-05-13,3,159.4
2014-05-14,4,163.2
2014-05-15,4,152.1
2014-05-16,4,138.7
2014-05-17,3,133.5
2014-05-18,4,127.5
2014-05-19,4,116.9
2014-05-20,3,117.2
2014-05-21,2,113.9
2014-05-22,8,111.3
2014-05-23,17,116.3
2014-05-24,4,124.5
2014-05-25,3,113.0
2014-05-26,3,108.2
2014-05-27,3,105.9
2014-05-28,4,99.4
2014-05-29,6,102.7
2014-05-30,10,101.6
2014-05-31,2,103.7
2014-06-01,2,103.3
2014-06-02,4,105.3
2014-06-03,6,107.0
2014-06-04,5,105.4
2014-06-05,7,110.5
2014-06-06,4,133.0
2014-06-07,13,136.7
2014-06-08,38,148.6
2014-06-09,4,161.2
2014-06-10,6,166.2
2014-06-11,6,168.4
2014-06-12,3,174.5
2014-06-13,4,152.7
2014-06-14,6,143.5
2014-06-15,3,130.2
2014-06-16,4,116.8
2014-06-17,8,114.3
2014-06-18,16,110.8
2014-06-19,9,111.1
2014-06-20,8,102.2
2014-06-21,4,101.2
2014-06-22,3,94.2
2014-06-23,4,92.6
2014-06-24,6,93.5
2014-06-25,4,97.0
2014-06-26,4,100.0
2014-06-27,3,104.2
2014-06-28,6,114.6
2014-06-29,6,125.7
2014-06-30,5,140.5
2014-07-01,3,151.8
2014-07-02,4,169.4
2014-07-03,5,178.1
2014-07-04,4,187.6
2014-07-05,3,193.0
2014-07-06,3,201.0
2014-07-07,5,197.9
2014-07-08,6,201.4
2014-07-09,7,198.4
2014-07-10,7,177.4
2014-07-11,5,166.3
2014-07-12,5,145.0
2014-07-13,4,126.8
2014-07-14,8,109.4
2014-07-15,6,100.6
2014-07-16,4,92.1
2014-07-17,4,88.6
2014-07-18,2,88.5
2014-07-19,1,86.1
2014-07-20,2,87.1
2014-07-21,3,90.1
2014-07-22,4,92.6
2014-07-23,4,99.1
2014-07-24,5,104.1
2014-07-25,5,106.5
2014-07-26,6,116.5
2014-07-27,4,121.4
2014-07-28,9,132.2
2014-07-29,3,141.6
2014-07-30,3,151.9
2014-07-31,5,156.4
2014-08-01,8,168.4
2014-08-02,9,155.6
2014-08-03,6,151.7
2014-08-04,11,139.3
2014-08-05,9,139.3
2014-08-06,6,136.6
2014-08-07,5,136.2
2014-08-08,8,123.0
2014-08-09,3,113.1
2014-08-10,7,108.4
2014-08-11,6,104.5
2014-08-12,12,104.0
2014-08-13,5,102.9
2014-08-14,4,102.7
2014-08-15,4,113.1
2014-08-16,1,112.0
2014-08-17,5,115.1
2014-08-18,4,110.6
2014-08-19,15,110.7
2014-08-20,5,118.3
2014-08-21,9,128.3
2014-08-22,3,126.4
2014-08-23,4,132.0
2014-08-24,2,140.9
2014-08-25,2,151.5
2014-08-26,3,128.1
2014-08-27,19,122.8
2014-08-28,19,118.6
2014-08-29,18,120.1
2014-08-30,14,123.1
2014-08-31,14,124.8
2014-09-01,10,126.6
2014-09-02,9,136.3
2014-09-03,9,137.7
2014-09-04,6,146.0
2014-09-05,7,143.9
2014-09-06,9,157.3
2014-09-07,7,160.2
2014-09-08,4,163.9
2014-09-09,7,159.3
2014-09-10,6,174.6
2014-09-11,11,151.4
2014-09-12,37,152.0
2014-09-13,12,145.1
2014-09-14,2,139.3
2014-09-15,2,132.9
2014-09-16,7,132.7
2014-09-17,4,132.8
2014-09-18,6,120.2
2014-09-19,20,121.8
2014-09-20,5,119.1
2014-09-21,6,123.9
2014-09-22,7,135.8
2014-09-23,10,138.2
2014-09-24,21,144.7
2014-09-25,11,166.9
2014-09-26,16,170.2
2014-09-27,14,181.4
2014-09-28,7,181.1
2014-09-29,9,175.0
2014-09-30,12,162.1
2014-10-01,11,155.1
2014-10-02,7,149.0
2014-10-03,4,136.7
2014-10-04,5,127.5
2014-10-05,5,128.4
2014-10-06,6,130.0
2014-10-07,5,125.4
2014-10-08,8,126.4
2014-10-09,13,118.9
2014-10-10,7,120.8
2014-10-11,8,112.0
2014-10-12,3,110.5
2014-10-13,6,113.1
2014-10-14,18,132.6
2014-10-15,9,125.8
2014-10-16,6,138.9
2014-10-17,7,145.8
2014-10-18,15,172.4
2014-10-19,9,173.1
2014-10-20,24,204.0
2014-10-21,15,199.0
2014-10-22,13,216.3
2014-10-23,8,227.1
2014-10-24,9,217.8
2014-10-25,9,219.3
2014-10-26,10,216.6
2014-10-27,12,187.8
2014-10-28,12,167.2
2014-10-29,7,150.4
2014-10-30,4,140.4
2014-10-31,6,121.2
2014-11-01,7,119.9
2014-11-02,8,124.4
2014-11-03,4,125.2
2014-11-04,20,129.4
2014-11-05,13,145.2
2014-11-06,7,135.5
2014-11-07,11,145.5
2014-11-08,7,132.0
2014-11-09,9,131.7
2014-11-10,20,136.1
2014-11-11,11,142.3
2014-11-12,8,152.9
2014-11-13,4,153.5
2014-11-14,12,161.0
2014-11-15,16,160.6
2014-11-16,20,171.5
2014-11-17,10,167.5
2014-11-18,10,167.4
2014-11-19,8,169.6
2014-11-20,10,168.1
2014-11-21,12,162.5
2014-11-22,9,166.6
2014-11-23,8,173.1
2014-11-24,6,144.4
2014-11-25,5,169.4
2014-11-26,3,170.9
2014-11-27,7,178.8
2014-11-28,3,181.4
2014-11-29,4,177.3
2014-11-30,8,177.3
2014-12-01,9,168.1
2014-12-02,11,167.7
2014-12-03,7,154.2
2014-12-04,9,157.6
2014-12-05,10,136.8
2014-12-06,11,128.7
2014-12-07,25,131.8
2014-12-08,14,132.6
2014-12-09,14,139.7
2014-12-10,8,149.8
2014-12-11,4,147.5
2014-12-12,18,154.2
2014-12-13,8,159.8
2014-12-14,10,166.4
2014-12-15,14,169.3
2014-12-16,6,184.6
2014-12-17,6,198.5
2014-12-18,5,213.2
2014-12-19,7,215.7
2014-12-20,7,203.2
2014-12-21,12,205.8
2014-12-22,19,179.2
2014-12-23,11,165.9
2014-12-24,15,151.4
2014-12-25,11,145.3
2014-12-26,17,137.0
2014-12-27,6,134.1
2014-12-28,8,132.6
2014-12-29,21,131.5
2014-12-30,15,130.4
2014-12-31,8,133.6
2015-01-01,6,137.5
2015-01-02,11,145.8
2015-01-03,12,148.7
2015-01-04,18,149.7
2015-01-05,15,141.9
2015-01-06,12,141.9
2015-01-07,31,147.2
2015-01-08,13,157.2
2015-01-09,6,151.2
2015-01-10,9,151.9
2015-01-11,10,153.7
2015-01-12,7,158.6
2015-01-13,7,
2015-01-14,6,141.8
2015-01-15,5,131.4
2015-01-16,7,124.7
2015-01-17,6,121.9
2015-01-18,4,125.8
2015-01-19,4,130.0
2015-01-20,2,125.6
2015-01-21,11,123.9
2015-01-22,12,120.3
2015-01-23,8,121.1
2015-01-24,6,125.3
2015-01-25,5,126.6
2015-01-26,15,147.0
2015-01-27,11,158.1
2015-01-28,7,159.3
2015-01-29,8,171.8
2015-01-30,9,159.4
2015-01-31,9,153.5
2015-02-01,20,141.7
2015-02-02,27,144.0
2015-02-03,16,149.3
2015-02-04,8,154.4
2015-02-05,12,141.9
2015-02-06,5,143.3
2015-02-07,9,153.0
2015-02-08,10,152.8
2015-02-09,7,145.8
2015-02-10,6,141.0
2015-02-11,5,131.1
2015-02-12,4,127.6
2015-02-13,2,124.9
2015-02-14,2,120.4
2015-02-15,6,119.6
2015-02-16,5,118.1
2015-02-17,22,118.5
2015-02-18,18,121.0
2015-02-19,8,118.7
2015-02-20,5,119.7
2015-02-21,7,116.1
2015-02-22,6,117.5
2015-02-23,16,116.8
2015-02-24,25,114.4
2015-02-25,8,111.0
2015-02-26,4,111.3
2015-02-27,2,118.0
2015-02-28,11,123.4
2015-03-01,26,127.6
2015-03-02,28,130.4
2015-03-03,10,125.1
2015-03-04,9,124.2
2015-03-05,5,140.2
2015-03-06,10,127.4
2015-03-07,21,137.8
2015-03-08,11,124.2
2015-03-09,5,122.9
2015-03-10,4,120.9
2015-03-11,9,131.7
2015-03-12,8,126.7
2015-03-13,6,119.4
2015-03-14,5,115.6
2015-03-15,6,114.4
2015-03-16,12,117.2
2015-03-17,108,114.3
2015-03-18,47,114.8
2015-03-19,26,109.3
2015-03-20,22,112.7
2015-03-21,12,113.6
2015-03-22,24,122.4
2015-03-23,19,128.1
2015-03-24,10,133.0
2015-03-25,13,137.8
2015-03-26,8,136.1
2015-03-27,8,137.8
2015-03-28,8,145.6
2015-03-29,11,144.5
2015-03-30,4,133.6
2015-03-31,9,128.1
2015-04-01,7,124.1
2015-04-02,12,121.3
2015-04-03,12,119.9
2015-04-04,11,122.4
2015-04-05,6,122.2
2015-04-06,5,125.6
2015-04-07,4,111.2
2015-04-08,3,106.0
2015-04-09,11,111.3
2015-04-10,33,115.1
2015-04-11,16,122.9
2015-04-12,3,133.9
2015-04-13,6,141.3
2015-04-14,13,146.8
2015-04-15,28,154.7
2015-04-16,42,150.2
2015-04-17,22,149.6
2015-04-18,10,147.6
2015-04-19,8,151.7
2015-04-20,10,149.6
2015-04-21,22,153.8
2015-04-22,10,150.3
2015-04-23,6,140.5
2015-04-24,3,134.5
2015-04-25,0,125.9
2015-04-26,2,118.5
2015-04-27,4,107.5
2015-04-28,5,107.7
2015-04-29,4,104.0
2015-04-30,4,101.8
2015-05-01,5,99.9
2015-05-02,7,105.7
2015-05-03,8,111.1
2015-05-04,7,123.4
2015-05-05,5,127.8
2015-05-06,22,136.2
2015-05-07,6,146.6
2015-05-08,5,149.8
2015-05-09,7,154.5
2015-05-10,9,159.9
2015-05-11,14,163.0
2015-05-12,15,163.2
2015-05-13,46,157.0
2015-05-14,8,145.1
2015-05-15,6,136.5
2015-05-16,5,131.0
2015-05-17,4,119.6
2015-05-18,15,115.0
2015-05-19,13,110.3
2015-05-20,6,105.6
2015-05-21,2,101.8
2015-05-22,2,99.1
2015-05-23,3,97.7
2015-05-24,4,98.7
2015-05-25,2,96.5
2015-05-26,5,94.5
2015-05-27,4,95.2
2015-05-28,6,93.0
2015-05-29,6,92.3
2015-05-30,4,95.0
2015-05-31,4,94.3
2015-06-01,6,100.4
2015-06-02,2,101.0
2015-06-03,3,108.5
2015-06-04,2,118.0
2015-06-05,2,126.0
2015-06-06,4,132.7
2015-06-07,7,137.3
2015-06-08,36,134.2
2015-06-09,14,136.5
2015-06-10,11,135.4
2015-06-11,9,139.9
2015-06-12,6,136.7
2015-06-13,8,136.1
2015-06-14,17,131.7
2015-06-15,12,134.8
2015-06-16,10,136.1
2015-06-17,14,135.8
2015-06-18,6,150.8
2015-06-19,3,137.3
2015-06-20,1,135.4
2015-06-21,7,131.7
2015-06-22,57,246.9
2015-06-23,72,116.1
2015-06-24,16,109.5
2015-06-25,32,101.8
2015-06-26,8,101.2
2015-06-27,8,97.3
2015-06-28,13,97.3
2015-06-29,4,97.1
2015-06-30,5,100.8
2015-07-01,4,109.6
2015-07-02,2,113.8
2015-07-03,2,112.3
2015-07-04,19,116.8
2015-07-05,22,124.8
2015-07-06,10,133.4
2015-07-07,4,132.6
2015-07-08,4,128.9
2015-07-09,4,121.9
2015-07-10,8,129.0
2015-07-11,23,120.2
2015-07-12,12,116.0
2015-07-13,33,110.1
2015-07-14,6,105.2
2015-07-15,6,101.0
2015-07-16,7,99.6
2015-07-17,4,97.4
2015-07-18,2,96.0
2015-07-19,2,99.4
2015-07-20,3,93.2
2015-07-21,7,91.0
2015-07-22,6,89.0
2015-07-23,21,89.4
2015-07-24,5,92.2
2015-07-25,7,94.0
2015-07-26,6,97.0
2015-07-27,9,100.1
2015-07-28,7,101.1
2015-07-29,4,100.7
2015-07-30,12,102.0
2015-07-31,13,100.7
2015-08-01,9,102.9
2015-08-02,10,101.5
2015-08-03,6,105.6
2015-08-04,6,106.8
2015-08-05,5,112.2
2015-08-06,10,121.6
2015-08-07,18,122.1
2015-08-08,10,121.0
2015-08-09,10,114.5
2015-08-10,8,106.2
2015-08-11,7,102.8
2015-08-12,10,99.2
2015-08-13,10,94.8
2015-08-14,2,93.2
2015-08-15,35,89.4
2015-08-16,32,85.6
2015-08-17,22,87.0
2015-08-18,8,88.7
2015-08-19,18,98.2
2015-08-20,11,102.8
2015-08-21,5,118.6
2015-08-22,8,116.9
2015-08-23,26,133.1
2015-08-24,6,127.7
2015-08-25,8,121.2
2015-08-26,27,126.2
2015-08-27,52,110.2
2015-08-28,40,109.1
2015-08-29,13,100.1
2015-08-30,4,91.6
2015-08-31,4,91.0
2015-09-01,4,89.0
2015-09-02,7,88.2
2015-09-03,8,86.5
2015-09-04,20,89.9
2015-09-05,12,85.4
2015-09-06,13,85.6
2015-09-07,44,83.7
2015-09-08,24,83.5
2015-09-09,59,82.3
2015-09-10,12,83.5
2015-09-11,60,92.8
2015-09-12,16,99.1
2015-09-13,11,98.8
2015-09-14,14,96.5
2015-09-15,17,101.1
2015-09-16,11,109.4
2015-09-17,10,106.8
2015-09-18,11,102.8
2015-09-19,16,105.7
2015-09-20,44,110.4
2015-09-21,8,103.4
2015-09-22,10,107.0
2015-09-23,12,110.7
2015-09-24,7,106.8
2015-09-25,6,119.8
2015-09-26,4,120.2
2015-09-27,3,127.5
2015-09-28,3,124.0
2015-09-29,5,129.2
2015-09-30,2,131.1
2015-10-01,10,119.7
2015-10-02,12,107.4
2015-10-03,10,96.9
2015-10-04,17,88.3
2015-10-05,18,82.6
2015-10-06,18,81.4
2015-10-07,74,80.5
2015-10-08,45,79.7
2015-10-09,27,81.2
2015-10-10,11,81.4
2015-10-11,12,84.6
2015-10-12,21,89.1
2015-10-13,24,95.6
2015-10-14,21,100.7
2015-10-15,8,106.8
2015-10-16,6,109.1
2015-10-17,10,116.6
2015-10-18,19,119.5
2015-10-19,4,123.7
2015-10-20,8,122.8
2015-10-21,10,129.0
2015-10-22,4,120.5
2015-10-23,6,114.9
2015-10-24,9,106.3
2015-10-25,6,106.4
2015-10-26,1,106.2
2015-10-27,3,110.1
2015-10-28,1,112.2
2015-10-29,4,112.9
2015-10-30,8,121.2
2015-10-31,6,118.5
2015-11-01,9,124.3
2015-11-02,4,122.0
2015-11-03,29,124.2
2015-11-04,30,113.8
2015-11-05,16,109.9
2015-11-06,14,115.2
2015-11-07,38,115.0
2015-11-08,14,107.7
2015-11-09,25,107.6
2015-11-10,37,105.4
2015-11-11,22,105.0
2015-11-12,4,103.5
2015-11-13,13,102.9
2015-11-14,8,106.3
2015-11-15,8,105.8
2015-11-16,12,105.6
2015-11-17,8,107.1
2015-11-18,15,107.6
2015-11-19,8,108.1
2015-11-20,4,111.0
2015-11-21,2,122.2
2015-11-22,2,122.9
2015-11-23,1,119.7
2015-11-24,0,113.2
2015-11-25,0,109.0
2015-11-26,1,103.9
2015-11-27,6,98.9
2015-11-28,6,96.6
2015-11-29,8,95.5
2015-11-30,17,95.7
2015-12-01,13,94.6
2015-12-02,8,95.3
2015-12-03,4,94.5
2015-12-04,4,97.6
2015-12-05,14,100.5
2015-12-06,22,102.2
2015-12-07,19,100.7
2015-12-08,10,111.2
2015-12-09,8,108.8
2015-12-10,24,108.5
2015-12-11,19,113.7
2015-12-12,10,116.7
2015-12-13,7,122.5
2015-12-14,20,124.0
2015-12-15,16,118.9
2015-12-16,6,126.2
2015-12-17,6,117.8
2015-12-18,5,117.1
2015-12-19,10,119.0
2015-12-20,70,116.6
2015-12-21,38,121.7
2015-12-22,12,130.1
2015-12-23,9,133.9
2015-12-24,11,132.7
2015-12-25,7,126.4
2015-12-26,14,117.4
2015-12-27,9,110.3
2015-12-28,4,112.1
2015-12-29,6,105.4
2015-12-30,2,101.5
2015-12-31,35,96.2
2016-01-01,28,98.4
2016-01-02,9,100.0
2016-01-03,6,101.9
2016-01-04,4,95.3
2016-01-05,5,95.2
2016-01-06,16,100.2
2016-01-07,13,103.4
2016-01-08,7,108.5
2016-01-09,5,107.0
2016-01-10,8,108.9
2016-01-11,13,108.0
2016-01-12,13,105.5
2016-01-13,13,104.1
2016-01-14,7,103.2
2016-01-15,4,103.5
2016-01-16,3,99.9
2016-01-17,3,100.6
2016-01-18,4,99.9
2016-01-19,10,97.5
2016-01-20,26,100.4
2016-01-21,33,104.0
2016-01-22,13,100.5
2016-01-23,11,98.9
2016-01-24,10,103.8
2016-01-25,2,107.6
2016-01-26,3,114.8
2016-01-27,4,112.7
2016-01-28,4,109.9
2016-01-29,3,106.9
2016-01-30,2,105.1
2016-01-31,9,101.2
2016-02-01,7,100.2
2016-02-02,5,102.1
2016-02-03,12,112.1
2016-02-04,5,123.3
2016-02-05,10,119.7
2016-02-06,6,117.1
2016-02-07,8,117.1
2016-02-08,17,115.2
2016-02-09,8,117.3
2016-02-10,4,112.2
2016-02-11,8,112.8
2016-02-12,12,112.2
2016-02-13,7,110.3
2016-02-14,9,108.0
2016-02-15,11,107.3
2016-02-16,37,104.0
2016-02-17,34,99.9
2016-02-18,29,94.9
2016-02-19,16,94.0
2016-02-20,5,100.0
2016-02-21,4,95.6
2016-02-22,2,93.7
2016-02-23,5,91.0
2016-02-24,6,87.9
2016-02-25,5,91.7
2016-02-26,7,89.0
2016-02-27,3,90.4
2016-02-28,3,93.2
2016-02-29,4,90.9
2016-03-01,8,96.8
2016-03-02,6,98.2
2016-03-03,6,98.7
2016-03-04,4,100.5
2016-03-05,3,96.2
2016-03-06,31,95.5
2016-03-07,24,94.1
2016-03-08,6,95.5
2016-03-09,6,97.4
2016-03-10,7,95.0
2016-03-11,19,94.2
2016-03-12,11,95.0
2016-03-13,3,92.6
2016-03-14,12,93.4
2016-03-15,24,94.1
2016-03-16,20,91.0
2016-03-17,22,91.6
2016-03-18,7,90.3
2016-03-19,14,89.4
2016-03-20,10,87.6
2016-03-21,6,88.9
2016-03-22,6,87.3
2016-03-23,10,86.8
2016-03-24,6,86.5
2016-03-25,5,85.5
2016-03-26,2,85.5
2016-03-27,11,88.2
2016-03-28,9,87.7
2016-03-29,11,87.8
2016-03-30,11,83.8
2016-03-31,6,81.7
2016-04-01,2,82.1
2016-04-02,19,81.5
2016-04-03,14,82.3
2016-04-04,6,83.4
2016-04-05,5,83.4
2016-04-06,6,87.1
2016-04-07,17,92.3
2016-04-08,8,98.3
2016-04-09,2,105.5
2016-04-10,6,110.6
2016-04-11,4,116.6
2016-04-12,18,111.3
2016-04-13,25,108.2
2016-04-14,22,111.1
2016-04-15,8,112.4
2016-04-16,11,113.2
2016-04-17,18,102.1
2016-04-18,4,94.6
2016-04-19,2,89.1
2016-04-20,3,83.2
2016-04-21,4,76.8
2016-04-22,12,76.6
2016-04-23,11,78.7
2016-04-24,11,81.8
2016-04-25,4,81.9
2016-04-26,5,85.2
2016-04-27,9,92.6
2016-04-28,4,94.9
2016-04-29,2,92.4
2016-04-30,7,94.0
2016-05-01,14,92.2
2016-05-02,30,89.8
2016-05-03,10,90.0
2016-05-04,3,90.1
2016-05-05,6,87.1
2016-05-06,15,89.6
2016-05-07,9,88.0
2016-05-08,70,84.0
2016-05-09,30,88.5
2016-05-10,13,88.7
2016-05-11,5,93.9
2016-05-12,3,92.0
2016-05-13,6,93.4
2016-05-14,9,101.2
2016-05-15,13,108.4
2016-05-16,12,102.0
2016-05-17,12,103.2
2016-05-18,7,102.3
2016-05-19,7,98.8
2016-05-20,5,99.5
2016-05-21,15,97.8
2016-05-22,6,97.4
2016-05-23,3,97.4
2016-05-24,4,94.3
2016-05-25,2,93.6
2016-05-26,2,91.7
2016-05-27,9,90.4
2016-05-28,13,87.7
2016-05-29,6,83.0
2016-05-30,11,86.2
2016-05-31,10,86.6
2016-06-01,5,86.0
2016-06-02,3,85.2
2016-06-03,2,83.2
2016-06-04,3,80.0
2016-06-05,29,79.1
2016-06-06,23,78.5
2016-06-07,8,78.5
2016-06-08,5,80.1
2016-06-09,3,85.2
2016-06-10,6,84.9
2016-06-11,9,88.2
2016-06-12,10,94.1
2016-06-13,8,91.0
2016-06-14,21,87.6
2016-06-15,11,87.3
2016-06-16,6,88.2
2016-06-17,7,86.6
2016-06-18,7,83.6
2016-06-19,4,85.2
2016-06-20,4,84.3
2016-06-21,3,80.2
2016-06-22,12,78.3
2016-06-23,10,77.5
2016-06-24,12,75.7
2016-06-25,7,77.1
2016-06-26,10,76.6
2016-06-27,8,75.4
2016-06-28,5,73.1
2016-06-29,4,73.6
2016-06-30,6,72.9
2016-07-01,6,72.0
2016-07-02,7,70.9
2016-07-03,8,72.3
2016-07-04,5,73.8
2016-07-05,3,72.4
2016-07-06,4,77.1
2016-07-07,21,83.3
2016-07-08,19,87.1
2016-07-09,12,92.2
2016-07-10,9,94.4
2016-07-11,10,94.7
2016-07-12,18,92.4
2016-07-13,7,96.8
2016-07-14,11,95.1
2016-07-15,10,102.1
2016-07-16,7,106.6
2016-07-17,5,105.2
2016-07-18,3,107.1
2016-07-19,8,100.8
2016-07-20,19,108.0
2016-07-21,5,100.1
2016-07-22,7,90.4
2016-07-23,7,86.2
2016-07-24,14,82.2
2016-07-25,18,73.6
2016-07-26,4,73.5
2016-07-27,2,71.6
2016-07-28,14,70.3
2016-07-29,13,70.5
2016-07-30,5,71.0
2016-07-31,3,71.5
2016-08-01,2,71.9
2016-08-02,17,74.9
2016-08-03,32,74.8
2016-08-04,16,76.3
2016-08-05,16,79.8
2016-08-06,12,83.1
2016-08-07,12,92.7
2016-08-08,10,96.4
2016-08-09,12,92.3
2016-08-10,15,95.0
2016-08-11,8,94.7
2016-08-12,10,94.8
2016-08-13,4,90.5
2016-08-14,3,87.2
2016-08-15,3,87.6
2016-08-16,5,86.5
2016-08-17,8,82.9
2016-08-18,6,82.4
2016-08-19,4,80.8
2016-08-20,3,78.1
2016-08-21,8,76.7
2016-08-22,4,80.0
2016-08-23,18,81.3
2016-08-24,19,78.0
2016-08-25,10,78.7
2016-08-26,6,81.9
2016-08-27,4,83.9
2016-08-28,2,85.4
2016-08-29,6,87.8
2016-08-30,17,100.4
2016-08-31,6,97.5
2016-09-01,28,95.2
2016-09-02,37,94.6
2016-09-03,36,99.0
2016-09-04,25,97.4
2016-09-05,17,93.8
2016-09-06,13,92.4
2016-09-07,12,93.0
2016-09-08,12,94.5
2016-09-09,3,91.0
2016-09-10,3,93.0
2016-09-11,3,86.4
2016-09-12,4,86.5
2016-09-13,4,86.0
2016-09-14,8,85.2
2016-09-15,6,84.4
2016-09-16,2,83.7
2016-09-17,3,80.3
2016-09-18,6,83.0
2016-09-19,8,82.6
2016-09-20,18,84.5
2016-09-21,8,85.5
2016-09-22,3,85.1
2016-09-23,3,85.5
2016-09-24,4,84.9
2016-09-25,22,84.6
2016-09-26,20,86.8
2016-09-27,35,85.6
2016-09-28,36,84.4
2016-09-29,36,82.7
2016-09-30,20,80.6
2016-10-01,17,81.0
2016-10-02,16,82.3
2016-10-03,13,87.8
2016-10-04,23,93.1
2016-10-05,11,99.3
2016-10-06,5,101.5
2016-10-07,5,104.2
2016-10-08,7,104.3
2016-10-09,5,104.5
2016-10-10,10,102.0
2016-10-11,2,99.2
2016-10-12,5,97.6
2016-10-13,46,95.3
2016-10-14,22,92.8
2016-10-15,10,84.9
2016-10-16,17,80.9
2016-10-17,20,76.2
2016-10-18,9,77.4
2016-10-19,6,76.5
2016-10-20,2,74.7
2016-10-21,1,77.8
2016-10-22,5,77.5
2016-10-23,8,76.9
2016-10-24,16,75.3
2016-10-25,57,77.8
2016-10-26,44,78.0
2016-10-27,26,78.9
2016-10-28,16,79.2
2016-10-29,27,79.1
2016-10-30,16,76.2
2016-10-31,8,76.7
2016-11-01,10,76.5
2016-11-02,14,76.0
2016-11-03,16,75.6
2016-11-04,4,76.7
2016-11-05,2,76.7
2016-11-06,4,76.2
2016-11-07,3,76.5
2016-11-08,2,76.9
2016-11-09,6,79.9
2016-11-10,14,80.2
2016-11-11,11,78.4
2016-11-12,18,78.4
2016-11-13,21,77.8
2016-11-14,10,77.3
2016-11-15,7,76.5
2016-11-16,4,80.9
2016-11-17,3,78.6
2016-11-18,2,77.6
2016-11-19,1,76.8
2016-11-20,2,76.4
2016-11-21,5,75.0
2016-11-22,11,77.3
2016-11-23,11,77.7
2016-11-24,20,79.0
2016-11-25,30,80.9
2016-11-26,11,81.2
2016-11-27,8,82.6
2016-11-28,7,85.2
2016-11-29,5,85.5
2016-11-30,3,83.6
2016-12-01,2,84.5
2016-12-02,4,84.4
2016-12-03,2,84.7
2016-12-04,1,82.4
2016-12-05,4,82.7
2016-12-06,7,79.8
2016-12-07,9,77.2
2016-12-08,21,74.8
2016-12-09,24,72.9
2016-12-10,15,72.2
2016-12-11,14,71.4
2016-12-12,5,70.8
2016-12-13,4,71.2
2016-12-14,4,72.4
2016-12-15,2,72.5
2016-12-16,1,72.6
2016-12-17,5,72.1
2016-12-18,8,72.3
2016-12-19,5,72.8
2016-12-20,5,74.9
2016-12-21,23,75.0
2016-12-22,22,74.8
2016-12-23,19,73.7
2016-12-24,12,73.1
2016-12-25,20,72.5
2016-12-26,20,73.8
2016-12-27,11,73.7
2016-12-28,5,73.3
2016-12-29,4,73.4
2016-12-30,2,73.6
2016-12-31,12,73.5
2017-01-01,12,72.5
2017-01-02,6,73.0
2017-01-03,11,73.4
2017-01-04,10,72.4
2017-01-05,17,73.3
2017-01-06,14,72.0
2017-01-07,20,72.0
2017-01-08,16,71.5
2017-01-09,11,71.2
2017-01-10,10,72.7
2017-01-11,7,74.5
2017-01-12,4,75.5
2017-01-13,4,74.9
2017-01-14,4,76.6
2017-01-15,4,77.5
2017-01-16,2,78.3
2017-01-17,3,78.6
2017-01-18,14,78.6
2017-01-19,10,79.5
2017-01-20,10,83.2
2017-01-21,10,86.1
2017-01-22,9,86.8
2017-01-23,4,84.1
2017-01-24,2,82.3
2017-01-25,5,85.1
2017-01-26,11,83.1
2017-01-27,20,80.3
2017-01-28,9,78.5
2017-01-29,6,76.6
2017-01-30,6,77.0
2017-01-31,22,76.0
2017-02-01,28,76.0
2017-02-02,21,75.3
2017-02-03,18,75.1
2017-02-04,10,74.0
2017-02-05,15,72.6
2017-02-06,12,72.5
2017-02-07,7,72.1
2017-02-08,4,73.1
2017-02-09,6,73.4
2017-02-10,7,74.0
2017-02-11,4,75.7
2017-02-12,3,76.2
2017-02-13,5,74.8
2017-02-14,1,74.5
2017-02-15,2,74.8
2017-02-16,8,74.0
2017-02-17,19,74.6
2017-02-18,16,76.6
2017-02-19,10,78.1
2017-02-20,9,80.7
2017-02-21,4,82.5
2017-02-22,9,83.2
2017-02-23,10,83.3
2017-02-24,18,82.1
2017-02-25,6,80.0
2017-02-26,2,79.0
2017-02-27,7,82.2
2017-02-28,8,81.6
2017-03-01,35,80.8
2017-03-02,32,79.1
2017-03-03,18,78.0
2017-03-04,20,75.2
2017-03-05,18,72.8
2017-03-06,23,72.4
2017-03-07,14,71.7
2017-03-08,12,70.6
2017-03-09,13,71.2
2017-03-10,10,71.0
2017-03-11,5,70.0
2017-03-12,8,70.1
2017-03-13,2,70.3
2017-03-14,4,69.6
2017-03-15,6,69.8
2017-03-16,4,70.5
2017-03-17,2,70.5
2017-03-18,2,70.2
2017-03-19,2,71.2
2017-03-20,1,72.7
2017-03-21,24,71.0
2017-03-22,24,72.5
2017-03-23,9,72.0
2017-03-24,5,72.3
2017-03-25,3,74.0
2017-03-26,3,77.2
2017-03-27,46,82.8
2017-03-28,27,83.7
2017-03-29,20,83.3
2017-03-30,19,85.9
2017-03-31,27,90.6
2017-04-01,15,101.0
2017-04-02,7,112.0
2017-04-03,4,107.9
2017-04-04,19,93.8
2017-04-05,8,84.6
2017-04-06,6,75.7
2017-04-07,9,73.9
2017-04-08,15,73.1
2017-04-09,15,74.4
2017-04-10,4,73.6
2017-04-11,10,74.6
2017-04-12,5,71.4
2017-04-13,4,73.5
2017-04-14,11,72.9
2017-04-15,6,73.0
2017-04-16,3,74.5
2017-04-17,3,75.2
2017-04-18,6,85.6
2017-04-19,14,80.9
2017-04-20,28,80.7
2017-04-21,17,82.2
2017-04-22,47,83.6
2017-04-23,36,82.5
2017-04-24,19,80.2
2017-04-25,10,81.3
2017-04-26,8,79.6
2017-04-27,6,78.2
2017-04-28,5,78.0
2017-04-29,5,77.0
2017-04-30,5,77.4
2017-05-01,4,75.3
2017-05-02,4,77.2
2017-05-03,3,74.9
2017-05-04,5,74.2
2017-05-05,4,73.5
2017-05-06,4,72.8
2017-05-07,8,71.7
2017-05-08,5,70.5
2017-05-09,5,68.9
2017-05-10,5,68.6
2017-05-11,6,69.1
2017-05-12,7,68.9
2017-05-13,4,70.4
2017-05-14,8,71.2
2017-05-15,12,70.6
2017-05-16,8,71.9
2017-05-17,6,71.4
2017-05-18,9,72.2
2017-05-19,12,72.3
2017-05-20,22,72.4
2017-05-21,8,73.5
2017-05-22,9,74.4
2017-05-23,8,76.0
2017-05-24,3,77.9
2017-05-25,2,76.1
2017-05-26,2,80.2
2017-05-27,13,81.9
2017-05-28,47,78.8
2017-05-29,9,75.8
2017-05-30,5,73.7
2017-05-31,3,74.1
2017-06-01,6,75.7
2017-06-02,4,78.2
2017-06-03,8,77.9
2017-06-04,2,77.7
2017-06-05,5,79.4
2017-06-06,4,75.4
2017-06-07,4,75.5
2017-06-08,3,74.0
2017-06-09,3,73.7
2017-06-10,3,74.7
2017-06-11,15,74.3
2017-06-12,6,75.2
2017-06-13,6,74.9
2017-06-14,5,74.1
2017-06-15,3,77.4
2017-06-16,23,73.5
2017-06-17,14,74.8
2017-06-18,10,74.9
2017-06-19,4,73.6
2017-06-20,2,74.4
2017-06-21,3,73.7
2017-06-22,4,73.7
2017-06-23,4,73.7
2017-06-24,8,74.1
2017-06-25,9,73.7
2017-06-26,6,73.7
2017-06-27,4,74.1
2017-06-28,3,72.1
2017-06-29,4,71.8
2017-06-30,3,71.5
2017-07-01,12,70.7
2017-07-02,17,71.2
2017-07-03,5,71.7
2017-07-04,4,71.8
2017-07-05,2,73.0
2017-07-06,6,75.9
2017-07-07,4,79.5
2017-07-08,2,86.6
2017-07-09,24,90.9
2017-07-10,8,95.1
2017-07-11,6,91.1
2017-07-12,4,90.2
2017-07-13,3,92.3
2017-07-14,2,93.9
2017-07-15,3,91.6
2017-07-16,44,86.5
2017-07-17,26,85.6
2017-07-18,6,78.2
2017-07-19,3,73.1
2017-07-20,6,70.2
2017-07-21,13,69.4
2017-07-22,15,69.5
2017-07-23,12,70.6
2017-07-24,10,70.1
2017-07-25,9,69.8
2017-07-26,10,68.6
2017-07-27,5,68.3
2017-07-28,7,69.5
2017-07-29,3,69.9
2017-07-30,3,69.5
2017-07-31,2,72.2
2017-08-01,4,73.5
2017-08-02,4,74.4
2017-08-03,10,75.1
2017-08-04,22,74.1
2017-08-05,15,74.1
2017-08-06,12,73.5
2017-08-07,4,72.7
2017-08-08,4,71.1
2017-08-09,4,71.5
2017-08-10,4,71.0
2017-08-11,7,69.8
2017-08-12,9,70.3
2017-08-13,6,68.2
2017-08-14,4,73.0
2017-08-15,2,74.2
2017-08-16,5,77.3
2017-08-17,24,76.7
2017-08-18,20,80.0
2017-08-19,29,86.8
2017-08-20,20,86.0
2017-08-21,9,87.1
2017-08-22,17,90.2
2017-08-23,23,85.1
2017-08-24,10,78.8
2017-08-25,4,80.8
2017-08-26,3,77.5
2017-08-27,8,78.2
2017-08-28,2,81.6
2017-08-29,8,84.3
2017-08-30,3,86.9
2017-08-31,30,91.9
2017-09-01,16,93.4
2017-09-02,20,100.0
2017-09-03,7,120.2
2017-09-04,16,182.5
2017-09-05,11,120.5
2017-09-06,8,132.9
2017-09-07,36,128.5
2017-09-08,106,116.8
2017-09-09,3,107.2
2017-09-10,4,100.2
2017-09-11,11,79.9
2017-09-12,17,75.5
2017-09-13,14,75.1
2017-09-14,22,74.2
2017-09-15,34,72.8
2017-09-16,28,72.1
2017-09-17,14,72.2
2017-09-18,20,72.2
2017-09-19,7,70.6
2017-09-20,8,73.9
2017-09-21,5,73.0
2017-09-22,5,77.5
2017-09-23,4,81.2
2017-09-24,6,86.9
2017-09-25,4,89.9
2017-09-26,3,90.7
2017-09-27,37,91.0
2017-09-28,51,90.9
2017-09-29,11,89.7
2017-09-30,14,89.4
2017-10-01,11,85.7
2017-10-02,5,86.0
2017-10-03,6,86.4
2017-10-04,5,86.8
2017-10-05,6,84.7
2017-10-06,8,84.1
2017-10-07,3,79.6
2017-10-08,3,76.7
2017-10-09,1,72.3
2017-10-10,2,70.9
2017-10-11,28,69.6
2017-10-12,26,70.2
2017-10-13,37,69.7
2017-10-14,30,69.0
2017-10-15,25,70.3
2017-10-16,8,70.9
2017-10-17,5,70.3
2017-10-18,4,73.2
2017-10-19,12,73.4
2017-10-20,7,75.7
2017-10-21,8,76.5
2017-10-22,6,77.3
2017-10-23,4,78.0
2017-10-24,18,77.5
2017-10-25,19,78.8
2017-10-26,17,77.3
2017-10-27,4,76.0
2017-10-28,5,75.4
2017-10-29,3,75.3
2017-10-30,2,75.6
2017-10-31,2,75.4
2017-11-01,2,72.6
2017-11-02,8,73.6
2017-11-03,8,73.2
2017-11-04,3,72.1
2017-11-05,1,71.1
2017-11-06,1,69.4
2017-11-07,35,68.3
2017-11-08,44,67.6
2017-11-09,18,65.8
2017-11-10,20,68.6
2017-11-11,7,67.3
2017-11-12,5,69.4
2017-11-13,6,72.1
2017-11-14,11,74.4
2017-11-15,11,74.2
2017-11-16,14,73.2
2017-11-17,4,76.4
2017-11-18,6,76.1
2017-11-19,4,74.4
2017-11-20,6,73.6
2017-11-21,27,73.2
2017-11-22,10,73.4
2017-11-23,8,72.4
2017-11-24,9,74.1
2017-11-25,6,74.3
2017-11-26,2,75.5
2017-11-27,4,73.6
2017-11-28,7,71.9
2017-11-29,4,72.6
2017-11-30,10,71.7
2017-12-01,7,70.2
2017-12-02,3,71.5
2017-12-03,1,69.0
2017-12-04,10,68.4
2017-12-05,28,67.9
2017-12-06,15,68.3
2017-12-07,10,67.9
2017-12-08,5,69.9
2017-12-09,3,71.1
2017-12-10,2,72.0
2017-12-11,10,72.3
2017-12-12,12,71.4
2017-12-13,6,72.1
2017-12-14,4,72.1
2017-12-15,3,71.7
2017-12-16,3,71.3
2017-12-17,23,71.0
2017-12-18,16,71.6
2017-12-19,4,68.8
2017-12-20,5,74.2
2017-12-21,2,76.0
2017-12-22,1,75.3
2017-12-23,5,76.2
2017-12-24,11,76.1
2017-12-25,9,75.7
2017-12-26,10,71.8
2017-12-27,7,71.0
2017-12-28,4,71.1
2017-12-29,4,71.5
2017-12-30,3,70.4
2017-12-31,3,70.7
2018-01-01,10,69.1
2018-01-02,4,69.5
2018-01-03,2,70.7
2018-01-04,3,69.5
2018-01-05,4,69.3
2018-01-06,2,69.4
2018-01-07,2,69.9
2018-01-08,9,70.3
2018-01-09,9,70.8
2018-01-10,3,70.4
2018-01-11,2,70.8
2018-01-12,3,70.9
2018-01-13,6,70.8
2018-01-14,13,70.5
2018-01-15,9,70.2
2018-01-16,4,71.1
2018-01-17,1,70.9
2018-01-18,1,71.1
2018-01-19,7,70.8
2018-01-20,7,69.6
2018-01-21,9,68.3
2018-01-22,11,70.1
2018-01-23,4,70.5
2018-01-24,9,69.9
2018-01-25,9,70.3
2018-01-26,7,69.8
2018-01-27,6,68.8
2018-01-28,3,68.5
2018-01-29,3,68.2
2018-01-30,3,68.9
2018-01-31,6,69.2
2018-02-01,4,69.0
2018-02-02,3,68.8
2018-02-03,3,69.2
2018-02-04,3,73.0
2018-02-05,8,74.0
2018-02-06,4,76.9
2018-02-07,2,76.6
2018-02-08,2,77.5
2018-02-09,4,78.1
2018-02-10,6,78.2
2018-02-11,2,78.2
2018-02-12,3,78.6
2018-02-13,2,75.9
2018-02-14,2,75.3
2018-02-15,11,72.5
2018-02-16,7,71.5
2018-02-17,11,69.0
2018-02-18,13,70.3
2018-02-19,16,69.1
2018-02-20,3,67.8
2018-02-21,2,67.6
2018-02-22,10,68.4
2018-02-23,15,67.6
2018-02-24,8,68.2
2018-02-25,3,67.2
2018-02-26,6,69.8
2018-02-27,18,67.9
2018-02-28,6,68.8
2018-03-01,6,67.2
2018-03-02,4,67.8
2018-03-03,5,67.8
2018-03-04,6,67.5
2018-03-05,4,67.6
2018-03-06,4,67.6
2018-03-07,3,67.8
2018-03-08,3,66.6
2018-03-09,10,67.5
2018-03-10,12,67.7
2018-03-11,4,67.8
2018-03-12,2,68.1
2018-03-13,2,68.6
2018-03-14,10,67.7
2018-03-15,15,69.0
2018-03-16,18,68.6
2018-03-17,14,69.7
2018-03-18,22,69.1
2018-03-19,14,70.3
2018-03-20,7,68.8
2018-03-21,4,69.3
2018-03-22,6,68.5
2018-03-23,15,68.1
2018-03-24,8,67.6
2018-03-25,16,68.3
2018-03-26,10,67.8
2018-03-27,8,68.3
2018-03-28,2,68.6
2018-03-29,3,69.0
2018-03-30,4,68.8
2018-03-31,6,69.0
2018-04-01,4,69.0
2018-04-02,4,68.4
2018-04-03,2,67.8
2018-04-04,4,68.5
2018-04-05,8,66.4
2018-04-06,3,67.3
2018-04-07,4,66.8
2018-04-08,5,67.9
2018-04-09,11,68.7
2018-04-10,17,68.5
2018-04-11,12,68.3
2018-04-12,8,70.0
2018-04-13,8,69.7
2018-04-14,5,69.5
2018-04-15,5,70.6
2018-04-16,2,69.2
2018-04-17,3,69.3
2018-04-18,5,70.8
2018-04-19,2,70.8
2018-04-20,43,73.0
2018-04-21,12,76.8
2018-04-22,5,75.7
2018-04-23,6,73.9
2018-04-24,4,72.9
2018-04-25,4,70.8
2018-04-26,4,69.4
2018-04-27,5,68.7
2018-04-28,3,70.2
2018-04-29,3,71.1
2018-04-30,5,70.2
2018-05-01,2,68.4
2018-05-02,4,67.1
2018-05-03,3,66.5
2018-05-04,4,67.8
2018-05-05,23,67.6
2018-05-06,26,67.2
2018-05-07,16,69.6
2018-05-08,14,69.6
2018-05-09,14,69.6
2018-05-10,11,69.6
2018-05-11,14,70.3
2018-05-12,8,69.8
2018-05-13,7,70.9
2018-05-14,4,70.3
2018-05-15,3,70.3
2018-05-16,3,69.9
2018-05-17,10,69.0
2018-05-18,4,69.4
2018-05-19,2,70.3
2018-05-20,2,68.8
2018-05-21,2,69.6
2018-05-22,4,70.8
2018-05-23,8,73.1
2018-05-24,3,73.7
2018-05-25,3,75.7
2018-05-26,3,72.9
2018-05-27,3,74.6
2018-05-28,4,76.9
2018-05-29,3,74.9
2018-05-30,4,75.3
2018-05-31,12,76.8
2018-06-01,23,74.8
2018-06-02,16,74.4
2018-06-03,8,73.6
2018-06-04,4,70.5
2018-06-05,5,71.3
2018-06-06,6,71.1
2018-06-07,5,69.3
2018-06-08,4,68.2
2018-06-09,3,66.8
2018-06-10,2,70.2
2018-06-11,3,69.9
2018-06-12,3,70.3
2018-06-13,4,70.8
2018-06-14,4,72.4
2018-06-15,3,70.6
2018-06-16,2,70.5
2018-06-17,4,72.3
2018-06-18,16,73.7
2018-06-19,5,76.6
2018-06-20,5,82.1
2018-06-21,3,81.5
2018-06-22,3,80.3
2018-06-23,18,77.1
2018-06-24,6,74.5
2018-06-25,12,72.8
2018-06-26,20,71.1
2018-06-27,6,70.0
2018-06-28,5,69.5
2018-06-29,3,68.6
2018-06-30,3,68.8
2018-07-01,2,68.1
2018-07-02,2,66.6
2018-07-03,2,68.2
2018-07-04,4,67.9
2018-07-05,17,68.1
2018-07-06,7,70.5
2018-07-07,5,72.0
2018-07-08,4,71.6
2018-07-09,2,72.9
2018-07-10,6,72.1
2018-07-11,7,73.3
2018-07-12,7,72.1
2018-07-13,5,72.5
2018-07-14,4,72.3
2018-07-15,3,71.7
2018-07-16,7,71.9
2018-07-17,7,71.2
2018-07-18,3,71.2
2018-07-19,3,70.5
2018-07-20,6,70.5
2018-07-21,10,70.0
2018-07-22,4,68.2
2018-07-23,3,67.0
2018-07-24,17,66.9
2018-07-25,8,65.8
2018-07-26,3,66.2
2018-07-27,3,66.6
2018-07-28,4,67.9
2018-07-29,4,68.0
2018-07-30,4,68.3
2018-07-31,4,68.9
2018-08-01,5,70.2
2018-08-02,5,69.9
2018-08-03,5,70.2
2018-08-04,4,70.4
2018-08-05,4,69.2
2018-08-06,3,69.1
2018-08-07,9,69.5
2018-08-08,4,69.6
2018-08-09,4,70.3
2018-08-10,3,69.5
2018-08-11,10,67.4
2018-08-12,5,68.1
2018-08-13,4,67.8
2018-08-14,3,68.7
2018-08-15,13,68.8
2018-08-16,10,68.3
2018-08-17,12,67.3
2018-08-18,9,67.2
2018-08-19,7,66.8
2018-08-20,14,68.0
2018-08-21,7,67.8
2018-08-22,5,66.9
2018-08-23,4,69.5
2018-08-24,4,72.4
2018-08-25,12,71.6
2018-08-26,67,71.1
2018-08-27,25,69.6
2018-08-28,8,69.8
2018-08-29,5,70.5
2018-08-30,3,68.3
2018-08-31,4,67.5
2018-09-01,4,68.3
2018-09-02,4,67.7
2018-09-03,4,68.1
2018-09-04,8,67.5
2018-09-05,10,67.5
2018-09-06,4,67.4
2018-09-07,4,67.5
2018-09-08,4,68.7
2018-09-09,6,68.4
2018-09-10,20,69.0
2018-09-11,35,69.4
2018-09-12,9,69.7
2018-09-13,17,69.6
2018-09-14,14,69.0
2018-09-15,7,68.5
2018-09-16,5,69.1
2018-09-17,11,67.8
2018-09-18,5,68.1
2018-09-19,3,67.9
2018-09-20,1,66.6
2018-09-21,7,66.9
2018-09-22,27,67.9
2018-09-23,10,68.4
2018-09-24,6,68.6
2018-09-25,10,67.6
2018-09-26,7,69.0
2018-09-27,6,67.1
2018-09-28,7,69.1
2018-09-29,9,68.7
2018-09-30,5,68.3
2018-10-01,8,70.1
2018-10-02,7,67.0
2018-10-03,4,68.4
2018-10-04,4,67.2
2018-10-05,8,68.7
2018-10-06,4,68.6
2018-10-07,24,69.5
2018-10-08,19,68.8
2018-10-09,16,69.5
2018-10-10,15,69.8
2018-10-11,9,70.9
2018-10-12,5,71.6
2018-10-13,13,72.4
2018-10-14,5,71.5
2018-10-15,10,70.0
2018-10-16,5,69.7
2018-10-17,2,70.0
2018-10-18,0,69.5
2018-10-19,2,69.6
2018-10-20,1,70.4
2018-10-21,4,71.0
2018-10-22,5,70.9
2018-10-23,3,71.6
2018-10-24,3,69.7
2018-10-25,5,69.4
2018-10-26,6,69.2
2018-10-27,3,69.3
2018-10-28,3,68.3
2018-10-29,1,68.8
2018-10-30,3,67.1
2018-10-31,3,68.1
2018-11-01,4,66.8
2018-11-02,4,67.6
2018-11-03,3,67.4
2018-11-04,16,66.6
2018-11-05,32,68.3
2018-11-06,7,68.8
2018-11-07,9,68.7
2018-11-08,11,69.5
2018-11-09,11,68.9
2018-11-10,13,69.0
2018-11-11,7,69.3
2018-11-12,9,68.2
2018-11-13,3,67.0
2018-11-14,3,67.9
2018-11-15,1,68.4
2018-11-16,1,71.1
2018-11-17,1,73.3
2018-11-18,2,72.3
2018-11-19,4,71.1
2018-11-20,6,70.5
2018-11-21,4,68.8
2018-11-22,2,69.2
2018-11-23,2,69.2
2018-11-24,3,70.0
2018-11-25,3,69.6
2018-11-26,2,68.6
2018-11-27,5,68.4
2018-11-28,2,67.5
2018-11-29,2,67.8
2018-11-30,2,67.9
2018-12-01,6,69.4
2018-12-02,11,69.0
2018-12-03,8,68.4
2018-12-04,8,68.7
2018-12-05,4,70.9
2018-12-06,5,69.7
2018-12-07,9,70.1
2018-12-08,10,70.5
2018-12-09,9,71.6
2018-12-10,10,71.0
2018-12-11,8,71.0
2018-12-12,4,70.8
2018-12-13,1,70.2
2018-12-14,2,70.8
2018-12-15,1,71.2
2018-12-16,2,69.8
2018-12-17,5,70.1
2018-12-18,6,70.4
2018-12-19,5,70.2
2018-12-20,11,69.8
2018-12-21,4,71.1
2018-12-22,2,71.0
2018-12-23,2,70.2
2018-12-24,2,69.5
2018-12-25,3,69.6
2018-12-26,2,68.7
2018-12-27,3,68.5
2018-12-28,22,69.3
2018-12-29,9,69.0
2018-12-30,9,69.4
2018-12-31,7,69.3
2019-01-01,5,71.9
2019-01-02,0,75.2
2019-01-03,1,72.6
2019-01-04,9,71.5
2019-01-05,16,71.1
2019-01-06,9,72.0
2019-01-07,6,71.5
2019-01-08,6,71.3
2019-01-09,4,71.5
2019-01-10,3,70.1
2019-01-11,6,68.1
2019-01-12,2,69.6
2019-01-13,2,68.9
2019-01-14,6,70.0
2019-01-15,5,69.5
2019-01-16,5,69.7
2019-01-17,6,68.6
2019-01-18,5,68.8
2019-01-19,4,69.7
2019-01-20,3,69.2
2019-01-21,3,69.9
2019-01-22,3,70.7
2019-01-23,12,71.5
2019-01-24,17,72.4
2019-01-25,12,75.0
2019-01-26,7,76.6
2019-01-27,4,75.1
2019-01-28,1,75.8
2019-01-29,2,73.1
2019-01-30,1,73.5
2019-01-31,14,72.1
2019-02-01,15,72.1
2019-02-02,16,70.9
2019-02-03,10,71.1
2019-02-04,5,70.7
2019-02-05,5,70.6
2019-02-06,8,69.8
2019-02-07,4,70.2
2019-02-08,8,70.0
2019-02-09,9,70.3
2019-02-10,5,70.0
2019-02-11,8,69.9
2019-02-12,4,70.2
2019-02-13,13,70.4
2019-02-14,9,71.4
2019-02-15,3,70.9
2019-02-16,3,70.7
2019-02-17,3,70.1
2019-02-18,6,69.9
2019-02-19,2,70.2
2019-02-20,3,71.0
2019-02-21,10,70.8
2019-02-22,3,71.2
2019-02-23,2,70.7
2019-02-24,1,70.5
2019-02-25,1,70.4
2019-02-26,2,70.6
2019-02-27,11,70.7
2019-02-28,23,70.1
2019-03-01,23,69.9
2019-03-02,13,69.4
2019-03-03,6,69.5
2019-03-04,6,70.9
2019-03-05,4,72.0
2019-03-06,7,72.5
2019-03-07,6,70.9
2019-03-08,4,71.8
2019-03-09,4,70.7
2019-03-10,3,71.1
2019-03-11,2,70.4
2019-03-12,6,70.7
2019-03-13,4,70.8
2019-03-14,7,70.1
2019-03-15,7,69.6
2019-03-16,12,69.5
2019-03-17,15,69.3
2019-03-18,2,70.0
2019-03-19,6,69.7
2019-03-20,5,76.8
2019-03-21,2,80.1
2019-03-22,1,82.4
2019-03-23,1,79.4
2019-03-24,1,75.4
2019-03-25,4,71.2
2019-03-26,4,69.0
2019-03-27,6,68.9
2019-03-28,9,68.4
2019-03-29,6,68.8
2019-03-30,3,69.4
2019-03-31,9,69.5
2019-04-01,6,69.3
2019-04-02,6,70.8
2019-04-03,10,70.6
2019-04-04,10,70.3
2019-04-05,12,71.7
2019-04-06,7,73.6
2019-04-07,4,76.5
2019-04-08,11,78.6
2019-04-09,9,79.0
2019-04-10,14,78.1
2019-04-11,6,78.5
2019-04-12,7,77.3
2019-04-13,7,77.9
2019-04-14,4,75.4
2019-04-15,6,75.4
2019-04-16,5,74.2
2019-04-17,3,76.1
2019-04-18,2,74.6
2019-04-19,4,72.7
2019-04-20,4,69.9
2019-04-21,3,69.3
2019-04-22,3,69.4
2019-04-23,7,68.8
2019-04-24,6,69.3
2019-04-25,4,67.5
2019-04-26,3,67.2
2019-04-27,5,66.9
2019-04-28,4,67.9
2019-04-29,4,66.9
2019-04-30,4,68.5
2019-05-01,11,67.6
2019-05-02,11,69.2
2019-05-03,7,69.8
2019-05-04,8,72.3
2019-05-05,3,73.5
2019-05-06,4,76.0
2019-05-07,4,78.7
2019-05-08,2,75.3
2019-05-09,6,76.2
2019-05-10,7,76.3
2019-05-11,24,78.0
2019-05-12,4,76.0
2019-05-13,6,74.7
2019-05-14,32,74.4
2019-05-15,5,74.0
2019-05-16,7,73.6
2019-05-17,4,72.1
2019-05-18,4,70.6
2019-05-19,2,68.0
2019-05-20,5,68.7
2019-05-21,3,68.0
2019-05-22,4,67.3
2019-05-23,4,66.5
2019-05-24,4,66.4
2019-05-25,3,67.0
2019-05-26,4,68.0
2019-05-27,8,67.5
2019-05-28,7,68.1
2019-05-29,13,68.2
2019-05-30,7,68.7
2019-05-31,4,68.7
2019-06-01,3,69.7
2019-06-02,3,69.9
2019-06-03,3,69.8
2019-06-04,6,70.0
2019-06-05,4,69.8
2019-06-06,2,68.9
2019-06-07,4,68.9
2019-06-08,20,68.4
2019-06-09,6,68.4
2019-06-10,2,68.9
2019-06-11,2,69.7
2019-06-12,3,69.5
2019-06-13,9,67.5
2019-06-14,6,68.0
2019-06-15,3,66.7
2019-06-16,4,65.9
2019-06-17,2,66.3
2019-06-18,3,67.0
2019-06-19,3,68.0
2019-06-20,6,67.7
2019-06-21,5,66.5
2019-06-22,3,66.4
2019-06-23,2,67.2
2019-06-24,4,67.9
2019-06-25,3,67.9
2019-06-26,5,68.0
2019-06-27,3,67.0
2019-06-28,4,68.1
2019-06-29,3,67.6
2019-06-30,4,67.4
2019-07-01,8,68.2
2019-07-02,4,67.3
2019-07-03,3,66.9
2019-07-04,4,67.6
2019-07-05,4,66.8
2019-07-06,3,66.5
2019-07-07,4,67.3
2019-07-08,8,66.5
2019-07-09,15,67.5
2019-07-10,15,67.8
2019-07-11,6,67.1
2019-07-12,4,66.8
2019-07-13,5,66.0
2019-07-14,5,67.2
2019-07-15,6,67.1
2019-07-16,4,67.2
2019-07-17,5,67.8
2019-07-18,3,67.0
2019-07-19,3,66.7
2019-07-20,2,67.0
2019-07-21,8,67.7
2019-07-22,7,67.3
2019-07-23,5,67.4
2019-07-24,4,67.8
2019-07-25,2,68.2
2019-07-26,2,67.6
2019-07-27,4,66.7
2019-07-28,4,67.1
2019-07-29,4,66.1
2019-07-30,8,66.2
2019-07-31,7,66.9
2019-08-01,7,66.8
2019-08-02,3,66.9
2019-08-03,2,65.7
2019-08-04,3,66.9
2019-08-05,34,68.1
2019-08-06,10,68.1
2019-08-07,5,68.0
2019-08-08,6,68.6
2019-08-09,6,67.2
2019-08-10,6,67.2
2019-08-11,5,67.6
2019-08-12,4,67.2
2019-08-13,6,66.8
2019-08-14,4,67.4
2019-08-15,3,67.6
2019-08-16,4,67.5
2019-08-17,4,68.0
2019-08-18,5,67.5
2019-08-19,3,67.7
2019-08-20,4,67.3
2019-08-21,4,66.8
2019-08-22,5,65.7
2019-08-23,4,66.5
2019-08-24,4,66.3
2019-08-25,3,66.0
2019-08-26,5,65.8
2019-08-27,10,66.1
2019-08-28,4,65.9
2019-08-29,3,65.9
2019-08-30,9,66.5
2019-08-31,38,66.4
2019-09-01,44,67.1
2019-09-02,22,68.8
2019-09-03,8,68.6
2019-09-04,10,68.6
2019-09-05,12,68.3
2019-09-06,7,68.9
2019-09-07,6,73.9
2019-09-08,8,67.5
2019-09-09,13,68.8
2019-09-10,4,70.0
2019-09-11,4,68.1
2019-09-12,5,69.4
2019-09-13,7,68.3
2019-09-14,5,68.6
2019-09-15,8,67.7
2019-09-16,10,68.7
2019-09-17,8,67.5
2019-09-18,8,66.3
2019-09-19,3,67.1
2019-09-20,3,67.2
2019-09-21,6,67.7
2019-09-22,3,68.3
2019-09-23,2,66.1
2019-09-24,12,67.1
2019-09-25,4,67.5
2019-09-26,3,67.1
2019-09-27,22,66.4
2019-09-28,24,67.3
2019-09-29,12,67.4
2019-09-30,12,67.9
2019-10-01,10,68.7
2019-10-02,6,68.3
2019-10-03,4,68.2
2019-10-04,6,68.1
2019-10-05,7,67.8
2019-10-06,4,67.4
2019-10-07,6,67.7
2019-10-08,4,67.1
2019-10-09,8,68.1
2019-10-10,13,67.5
2019-10-11,7,68.5
2019-10-12,4,68.3
2019-10-13,0,67.2
2019-10-14,5,66.2
2019-10-15,3,67.2
2019-10-16,5,66.3
2019-10-17,5,66.1
2019-10-18,5,66.1
2019-10-19,4,66.0
2019-10-20,4,65.0
2019-10-21,4,64.0
2019-10-22,2,65.6
2019-10-23,1,64.5
2019-10-24,18,65.0
2019-10-25,25,68.6
2019-10-26,24,68.6
2019-10-27,15,68.8
2019-10-28,10,69.4
2019-10-29,7,69.2
2019-10-30,7,69.7
2019-10-31,6,71.2
2019-11-01,3,70.7
2019-11-02,1,70.7
2019-11-03,1,69.4
2019-11-04,4,70.8
2019-11-05,5,70.4
2019-11-06,6,69.3
2019-11-07,4,69.8
2019-11-08,3,70.2
2019-11-09,4,69.6
2019-11-10,2,70.8
2019-11-11,8,69.5
2019-11-12,3,70.8
2019-11-13,1,71.1
2019-11-14,2,69.9
2019-11-15,2,70.0
2019-11-16,6,69.7
2019-11-17,4,70.1
2019-11-18,0,70.4
2019-11-19,2,69.2
2019-11-20,1,70.2
2019-11-21,10,70.8
2019-11-22,13,69.6
2019-11-23,10,70.2
2019-11-24,11,70.6
2019-11-25,4,69.5
2019-11-26,2,70.4
2019-11-27,4,71.5
2019-11-28,3,70.2
2019-11-29,4,69.8
2019-11-30,3,70.4
2019-12-01,3,71.2
2019-12-02,1,70.4
2019-12-03,1,69.9
2019-12-04,3,69.6
2019-12-05,1,70.7
2019-12-06,2,70.3
2019-12-07,2,70.2
2019-12-08,2,71.6
2019-12-09,4,70.7
2019-12-10,4,70.6
2019-12-11,5,70.7
2019-12-12,3,70.5
2019-12-13,3,68.9
2019-12-14,2,70.3
2019-12-15,4,71.0
2019-12-16,2,70.0
2019-12-17,1,70.5
2019-12-18,12,70.2
2019-12-19,11,69.9
2019-12-20,5,70.0
2019-12-21,4,70.6
2019-12-22,3,71.0
2019-12-23,3,72.6
2019-12-24,1,72.7
2019-12-25,3,72.1
2019-12-26,4,72.1
2019-12-27,2,72.4
2019-12-28,1,72.2
2019-12-29,1,72.0
2019-12-30,2,70.9
2019-12-31,3,70.5
2020-01-01,2,71.8
2020-01-02,2,71.9
2020-01-03,5,71.2
2020-01-04,5,72.2
2020-01-05,8,71.8
2020-01-06,8,70.5
2020-01-07,4,71.6
2020-01-08,6,73.7
2020-01-09,11,74.4
2020-01-10,6,72.8
2020-01-11,5,73.5
2020-01-12,2,71.9
2020-01-13,2,71.5
2020-01-14,2,71.9
2020-01-15,3,71.2
2020-01-16,4,71.8
2020-01-17,2,70.1
2020-01-18,2,71.3
2020-01-19,1,71.8
2020-01-20,0,71.2
2020-01-21,5,70.5
2020-01-22,6,71.9
2020-01-23,4,70.8
2020-01-24,2,71.0
2020-01-25,2,72.7
2020-01-26,3,74.7
2020-01-27,2,72.9
2020-01-28,4,74.2
2020-01-29,8,74.3
2020-01-30,12,74.1
2020-01-31,7,73.9
2020-02-01,5,72.5
2020-02-02,5,72.2
2020-02-03,4,72.1
2020-02-04,6,70.3
2020-02-05,4,70.6
2020-02-06,15,71.3
2020-02-07,13,70.8
2020-02-08,6,72.0
2020-02-09,6,70.6
2020-02-10,4,70.2
2020-02-11,5,71.1
2020-02-12,4,71.6
2020-02-13,2,71.2
2020-02-14,2,71.3
2020-02-15,4,70.6
2020-02-16,2,70.5
2020-02-17,7,70.7
2020-02-18,13,71.0
2020-02-19,12,71.0
2020-02-20,7,70.8
2020-02-21,13,71.2
2020-02-22,8,72.3
2020-02-23,4,70.2
2020-02-24,4,70.1
2020-02-25,2,70.6
2020-02-26,3,70.1
2020-02-27,3,70.9
2020-02-28,6,70.6
2020-02-29,10,70.1
2020-03-01,6,69.3
2020-03-02,4,69.3
2020-03-03,5,70.0
2020-03-04,6,69.8
2020-03-05,3,69.5
2020-03-06,4,70.0
2020-03-07,4,69.9
2020-03-08,5,70.2
2020-03-09,5,70.8
2020-03-10,3,70.8
2020-03-11,2,70.5
2020-03-12,6,69.9
2020-03-13,7,68.8
2020-03-14,2,68.1
2020-03-15,4,70.2
2020-03-16,4,69.8
2020-03-17,5,71.6
2020-03-18,6,72.0
2020-03-19,10,72.1
2020-03-20,6,71.7
2020-03-21,8,70.8
2020-03-22,6,70.2
2020-03-23,11,70.4
2020-03-24,4,71.2
2020-03-25,3,71.2
2020-03-26,5,70.2
2020-03-27,5,69.4
2020-03-28,4,69.2
2020-03-29,7,68.8
2020-03-30,11,69.3
2020-03-31,14,69.9
2020-04-01,5,69.2
2020-04-02,6,69.8
2020-04-03,8,69.9
2020-04-04,4,70.1
2020-04-05,4,71.2
2020-04-06,2,69.9
2020-04-07,2,69.9
2020-04-08,13,70.4
2020-04-09,4,70.3
2020-04-10,4,69.2
2020-04-11,7,70.6
2020-04-12,6,70.8
2020-04-13,4,70.3
2020-04-14,7,68.9
2020-04-15,7,68.4
2020-04-16,4,68.5
2020-04-17,3,67.9
2020-04-18,3,69.8
2020-04-19,1,68.6
2020-04-20,16,68.2
2020-04-21,8,69.1
2020-04-22,7,70.7
2020-04-23,3,68.7
2020-04-24,6,69.7
2020-04-25,4,68.9
2020-04-26,6,69.2
2020-04-27,6,69.0
2020-04-28,5,69.0
2020-04-29,2,69.9
2020-04-30,1,69.8
2020-05-01,4,70.2
2020-05-02,4,69.2
2020-05-03,4,68.7
2020-05-04,5,69.3
2020-05-05,5,69.3
2020-05-06,5,69.8
2020-05-07,3,68.7
2020-05-08,3,67.9
2020-05-09,1,71.0
2020-05-10,3,67.9
2020-05-11,4,66.2
2020-05-12,3,68.9
2020-05-13,3,68.8
2020-05-14,2,67.6
2020-05-15,2,67.8
2020-05-16,3,69.4
2020-05-17,2,69.6
2020-05-18,3,70.2
2020-05-19,4,68.7
2020-05-20,2,69.6
2020-05-21,5,70.2
2020-05-22,5,70.8
2020-05-23,3,69.1
2020-05-24,4,68.8
2020-05-25,5,70.3
2020-05-26,3,69.7
2020-05-27,3,68.0
2020-05-28,2,67.5
2020-05-29,3,69.5
2020-05-30,15,70.0
2020-05-31,3,70.8
2020-06-01,5,69.2
2020-06-02,6,70.4
2020-06-03,3,70.0
2020-06-04,4,70.1
2020-06-05,3,71.1
2020-06-06,2,71.6
2020-06-07,7,71.6
2020-06-08,4,71.0
2020-06-09,4,72.4
2020-06-10,6,71.0
2020-06-11,3,71.5
2020-06-12,3,70.5
2020-06-13,2,69.4
2020-06-14,2,70.2
2020-06-15,3,70.4
2020-06-16,5,69.3
2020-06-17,3,68.8
2020-06-18,4,67.9
2020-06-19,4,68.8
2020-06-20,5,67.8
2020-06-21,3,67.6
2020-06-22,2,67.6
2020-06-23,3,67.1
2020-06-24,3,66.9
2020-06-25,3,68.9
2020-06-26,5,67.8
2020-06-27,6,68.9
2020-06-28,3,69.2
2020-06-29,2,68.7
2020-06-30,4,68.1
2020-07-01,4,68.9
2020-07-02,3,68.0
2020-07-03,3,69.3
2020-07-04,7,69.5
2020-07-05,10,69.4
2020-07-06,4,68.5
2020-07-07,3,67.7
2020-07-08,2,67.2
2020-07-09,3,68.7
2020-07-10,2,68.8
2020-07-11,2,68.7
2020-07-12,2,67.6
2020-07-13,6,68.2
2020-07-14,10,68.9
2020-07-15,4,68.4
2020-07-16,3,68.7
2020-07-17,4,69.0
2020-07-18,3,67.8
2020-07-19,3,68.9
2020-07-20,3,69.3
2020-07-21,4,69.8
2020-07-22,3,70.0
2020-07-23,2,70.3
2020-07-24,12,69.5
2020-07-25,12,70.4
2020-07-26,3,71.4
2020-07-27,3,71.4
2020-07-28,4,71.8
2020-07-29,4,72.6
2020-07-30,3,73.3
2020-07-31,4,72.3
2020-08-01,3,72.0
2020-08-02,10,72.7
2020-08-03,15,72.7
2020-08-04,7,73.0
2020-08-05,5,73.4
2020-08-06,4,73.1
2020-08-07,3,74.0
2020-08-08,4,74.7
2020-08-09,2,73.9
2020-08-10,2,74.2
2020-08-11,2,73.5
2020-08-12,3,73.1
2020-08-13,3,72.3
2020-08-14,3,70.8
2020-08-15,2,70.6
2020-08-16,3,70.9
2020-08-17,3,70.8
2020-08-18,6,71.3
2020-08-19,5,70.5
2020-08-20,2,69.9
2020-08-21,3,70.9
2020-08-22,6,70.0
2020-08-23,7,70.6
2020-08-24,2,70.3
2020-08-25,3,70.6
2020-08-26,6,70.4
2020-08-27,7,70.0
2020-08-28,10,70.1
2020-08-29,12,70.2
2020-08-30,8,70.0
2020-08-31,24,69.2
2020-09-01,18,69.5
2020-09-02,9,68.3
2020-09-03,3,70.0
2020-09-04,7,69.7
2020-09-05,5,69.2
2020-09-06,4,69.5
2020-09-07,3,70.2
2020-09-08,3,69.9
2020-09-09,1,69.7
2020-09-10,2,69.3
2020-09-11,2,68.7
2020-09-12,4,69.3
2020-09-13,6,69.8
2020-09-14,11,68.9
2020-09-15,5,68.8
2020-09-16,2,69.5
2020-09-17,2,69.7
2020-09-18,3,69.9
2020-09-19,2,70.6
2020-09-20,3,70.2
2020-09-21,2,71.3
2020-09-22,5,72.4
2020-09-23,10,73.3
2020-09-24,20,73.6
2020-09-25,17,73.4
2020-09-26,24,72.6
2020-09-27,20,74.1
2020-09-28,32,73.9
2020-09-29,16,72.8
2020-09-30,16,73.3
2020-10-01,10,72.8
2020-10-02,8,72.2
2020-10-03,4,71.8
2020-10-04,4,71.2
2020-10-05,10,72.3
2020-10-06,6,71.7
2020-10-07,4,70.7
2020-10-08,2,71.6
2020-10-09,0,73.1
2020-10-10,1,73.6
2020-10-11,2,72.9
2020-10-12,2,73.8
2020-10-13,2,72.3
2020-10-14,0,74.5
2020-10-15,1,73.8
2020-10-16,4,75.3
2020-10-17,4,73.1
2020-10-18,2,75.9
2020-10-19,6,74.8
2020-10-20,4,74.7
2020-10-21,8,73.7
2020-10-22,5,74.9
2020-10-23,14,
2020-10-24,17,72.1
2020-10-25,14,74.2
2020-10-26,14,75.0
2020-10-27,8,82.4
2020-10-28,10,87.6
2020-10-29,12,84.6
2020-10-30,4,79.6
2020-10-31,5,76.8
2020-11-01,8,77.3
2020-11-02,2,81.6
2020-11-03,2,82.9
2020-11-04,2,88.1
2020-11-05,3,90.7
2020-11-06,7,93.8
2020-11-07,7,90.6
2020-11-08,4,90.0
2020-11-09,0,90.0
2020-11-10,0,86.8
2020-11-11,3,88.1
2020-11-12,3,85.1
2020-11-13,3,81.9
2020-11-14,2,80.2
2020-11-15,2,78.7
2020-11-16,0,76.6
2020-11-17,1,79.1
2020-11-18,3,77.3
2020-11-19,2,76.7
2020-11-20,7,81.7
2020-11-21,10,85.0
2020-11-22,24,87.7
2020-11-23,7,95.5
2020-11-24,3,100.4
2020-11-25,6,103.7
2020-11-26,6,105.8
2020-11-27,6,106.3
2020-11-28,9,109.6
2020-11-29,3,116.3
2020-11-30,7,109.4
2020-12-01,1,104.1
2020-12-02,3,104.9
2020-12-03,2,102.9
2020-12-04,0,95.8
2020-12-05,4,99.9
2020-12-06,6,90.9
2020-12-07,1,89.5
2020-12-08,4,82.4
2020-12-09,7,82.1
2020-12-10,7,81.5
2020-12-11,6,83.3
2020-12-12,4,81.8
2020-12-13,4,80.6
2020-12-14,3,83.0
2020-12-15,2,82.9
2020-12-16,2,81.9
2020-12-17,1,
2020-12-18,2,
2020-12-19,5,81.7
2020-12-20,4,83.8
2020-12-21,12,79.6
2020-12-22,13,85.8
2020-12-23,11,86.4
2020-12-24,8,87.4
2020-12-25,4,87.7
2020-12-26,4,87.9
2020-12-27,5,87.8
2020-12-28,6,87.2
2020-12-29,6,84.2
2020-12-30,8,82.8
2020-12-31,3,81.2
2021-01-01,2,80.4
2021-01-02,0,81.5
2021-01-03,1,80.4
2021-01-04,2,77.6
2021-01-05,10,75.1
2021-01-06,10,74.1
2021-01-07,4,74.6
2021-01-08,2,75.2
2021-01-09,2,74.2
2021-01-10,3,73.1
2021-01-11,12,73.2
2021-01-12,9,72.8
2021-01-13,3,73.2
2021-01-14,1,73.6
2021-01-15,2,73.4
2021-01-16,3,77.7
2021-01-17,1,77.2
2021-01-18,3,75.3
2021-01-19,5,78.1
2021-01-20,5,77.2
2021-01-21,1,77.6
2021-01-22,2,78.2
2021-01-23,3,77.9
2021-01-24,5,77.6
2021-01-25,15,77.1
2021-01-26,11,75.7
2021-01-27,10,76.3
2021-01-28,3,75.6
2021-01-29,2,75.5
2021-01-30,1,73.7
2021-01-31,1,73.4
2021-02-01,4,73.0
2021-02-02,16,72.3
2021-02-03,12,73.3
2021-02-04,7,73.3
2021-02-05,5,73.1
2021-02-06,7,73.0
2021-02-07,18,72.8
2021-02-08,6,73.3
2021-02-09,3,72.9
2021-02-10,2,72.9
2021-02-11,2,72.4
2021-02-12,5,73.5
2021-02-13,12,71.3
2021-02-14,4,71.4
2021-02-15,4,69.6
2021-02-16,12,70.7
2021-02-17,7,71.6
2021-02-18,4,72.2
2021-02-19,15,71.6
2021-02-20,21,73.3
2021-02-21,20,72.5
2021-02-22,17,74.8
2021-02-23,12,75.8
2021-02-24,19,79.2
2021-02-25,14,78.7
2021-02-26,9,79.6
2021-02-27,4,77.9
2021-02-28,5,77.2
2021-03-01,25,74.1
2021-03-02,20,74.7
2021-03-03,19,75.7
2021-03-04,9,75.4
2021-03-05,5,75.1
2021-03-06,15,75.6
2021-03-07,8,77.5
2021-03-08,5,79.9
2021-03-09,3,76.5
2021-03-10,1,76.3
2021-03-11,3,75.6
2021-03-12,11,75.6
2021-03-13,16,75.9
2021-03-14,23,75.1
2021-03-15,7,73.9
2021-03-16,2,73.7
2021-03-17,4,72.8
2021-03-18,4,73.2
2021-03-19,5,73.1
2021-03-20,27,74.7
2021-03-21,22,75.2
2021-03-22,7,76.6
2021-03-23,10,76.9
2021-03-24,9,75.8
2021-03-25,17,75.2
2021-03-26,10,75.1
2021-03-27,7,75.1
2021-03-28,5,73.9
2021-03-29,3,73.4
2021-03-30,3,74.6
2021-03-31,9,72.5
2021-04-01,7,77.9
2021-04-02,5,71.4
2021-04-03,4,72.2
2021-04-04,3,72.0
2021-04-05,4,71.7
2021-04-06,2,71.2
2021-04-07,15,70.5
2021-04-08,4,70.3
2021-04-09,2,70.5
2021-04-10,4,70.5
2021-04-11,6,71.9
2021-04-12,4,74.2
2021-04-13,5,73.2
2021-04-14,6,73.9
2021-04-15,12,75.5
2021-04-16,19,74.6
2021-04-17,28,75.3
2021-04-18,17,75.8
2021-04-19,17,80.4
2021-04-20,12,82.9
2021-04-21,6,76.9
2021-04-22,4,77.8
2021-04-23,13,75.3
2021-04-24,8,76.8
2021-04-25,18,77.7
2021-04-26,12,78.2
2021-04-27,6,78.4
2021-04-28,2,76.8
2021-04-29,4,76.9
2021-04-30,5,72.9
2021-05-01,4,71.6
2021-05-02,8,72.0
2021-05-03,5,71.6
2021-05-04,3,70.6
2021-05-05,1,69.5
2021-05-06,3,70.8
2021-05-07,2,74.5
2021-05-08,3,75.9
2021-05-09,3,
2021-05-10,6,76.5
2021-05-11,2,76.1
2021-05-12,42,74.7
2021-05-13,6,74.7
2021-05-14,3,70.9
2021-05-15,7,73.3
2021-05-16,4,73.2
2021-05-17,5,74.8
2021-05-18,9,76.4
2021-05-19,5,75.9
2021-05-20,24,72.3
2021-05-21,5,73.7
2021-05-22,4,75.6
2021-05-23,3,79.0
2021-05-24,2,72.7
2021-05-25,2,83.5
2021-05-26,12,88.0
2021-05-27,14,83.3
2021-05-28,2,77.4
2021-05-29,5,76.0
2021-05-30,5,74.4
2021-05-31,2,81.7
2021-06-01,1,75.2
2021-06-02,4,76.3
2021-06-03,5,75.5
2021-06-04,4,77.1
2021-06-05,4,74.4
2021-06-06,3,77.4
2021-06-07,11,80.8
2021-06-08,4,79.9
2021-06-09,3,78.6
2021-06-10,4,73.3
2021-06-11,8,77.3
2021-06-12,9,77.6
2021-06-13,5,68.9
2021-06-14,4,76.8
2021-06-15,17,75.5
2021-06-16,13,
2021-06-17,5,85.0
2021-06-18,6,77.0
2021-06-19,3,77.1
2021-06-20,4,76.4
2021-06-21,3,79.1
2021-06-22,5,80.8
2021-06-23,3,79.7
2021-06-24,4,80.6
2021-06-25,6,83.4
2021-06-26,3,82.4
2021-06-27,3,87.0
2021-06-28,3,88.6
2021-06-29,4,92.5
2021-06-30,13,94.1
2021-07-01,5,94.1
2021-07-02,4,94.9
2021-07-03,3,93.7
2021-07-04,3,91.1
2021-07-05,7,89.4
2021-07-06,6,83.2
2021-07-07,5,76.0
2021-07-08,4,73.4
2021-07-09,4,73.8
2021-07-10,6,74.0
2021-07-11,3,73.6
2021-07-12,6,71.6
2021-07-13,4,72.0
2021-07-14,14,72.1
2021-07-15,8,73.5
2021-07-16,4,75.0
2021-07-17,3,77.4
2021-07-18,4,80.4
2021-07-19,7,82.6
2021-07-20,10,87.0
2021-07-21,5,93.5
2021-07-22,8,89.0
2021-07-23,3,87.4
2021-07-24,3,83.9
2021-07-25,2,81.6
2021-07-26,3,80.8
2021-07-27,4,79.6
2021-07-28,13,78.8
2021-07-29,8,75.8
2021-07-30,6,75.5
2021-07-31,6,75.9
2021-08-01,3,74.9
2021-08-02,15,74.6
2021-08-03,8,75.9
2021-08-04,4,70.8
2021-08-05,1,74.3
2021-08-06,6,74.4
2021-08-07,10,73.7
2021-08-08,4,73.5
2021-08-09,4,73.0
2021-08-10,6,73.3
2021-08-11,5,73.8
2021-08-12,3,73.6
2021-08-13,5,72.9
2021-08-14,3,72.6
2021-08-15,8,74.6
2021-08-16,7,74.4
2021-08-17,4,73.1
2021-08-18,6,75.3
2021-08-19,4,74.9
2021-08-20,6,77.7
2021-08-21,3,77.1
2021-08-22,2,77.1
2021-08-23,2,78.1
2021-08-24,4,80.9
2021-08-25,8,83.6
2021-08-26,5,88.6
2021-08-27,21,89.5
2021-08-28,14,89.9
2021-08-29,8,88.7
2021-08-30,7,90.6
2021-08-31,6,84.4
2021-09-01,4,84.2
2021-09-02,3,85.8
2021-09-03,6,83.8
2021-09-04,4,86.5
2021-09-05,6,93.3
2021-09-06,6,99.5
2021-09-07,8,101.2
2021-09-08,14,100.4
2021-09-09,4,99.7
2021-09-10,8,96.3
2021-09-11,6,91.8
2021-09-12,5,87.7
2021-09-13,8,83.3
2021-09-14,5,78.1
2021-09-15,5,75.2
2021-09-16,3,73.2
2021-09-17,23,73.4
2021-09-18,8,73.7
2021-09-19,2,75.0
2021-09-20,3,80.0
2021-09-21,6,84.9
2021-09-22,12,88.5
2021-09-23,9,89.7
2021-09-24,7,88.4
2021-09-25,6,88.4
2021-09-26,1,86.3
2021-09-27,6,85.3
2021-09-28,9,88.9
2021-09-29,4,101.6
2021-09-30,8,94.6
2021-10-01,12,90.5
2021-10-02,7,87.0
2021-10-03,5,86.0
2021-10-04,4,83.5
2021-10-05,4,81.7
2021-10-06,8,84.8
2021-10-07,3,85.7
2021-10-08,3,92.4
2021-10-09,4,81.0
2021-10-10,11,84.5
2021-10-11,14,88.5
2021-10-12,46,83.5
2021-10-13,5,83.5
2021-10-14,6,84.0
2021-10-15,4,81.7
2021-10-16,5,80.4
2021-10-17,10,77.6
2021-10-18,9,76.8
2021-10-19,12,78.8
2021-10-20,5,77.9
2021-10-21,5,82.4
2021-10-22,3,85.7
2021-10-23,2,90.1
2021-10-24,4,93.8
2021-10-25,4,101.8
2021-10-26,4,110.8
2021-10-27,2,112.2
2021-10-28,1,112.7
2021-10-29,1,108.0
2021-10-30,8,110.4
2021-10-31,14,101.7
2021-11-01,8,97.6
2021-11-02,17,96.0
2021-11-03,19,92.4
2021-11-04,72,92.4
2021-11-05,11,91.2
2021-11-06,17,87.0
2021-11-07,5,89.9
2021-11-08,4,90.8
2021-11-09,6,91.4
2021-11-10,6,96.9
2021-11-11,3,84.2
2021-11-12,2,84.1
2021-11-13,1,83.6
2021-11-14,3,79.1
2021-11-15,8,80.9
2021-11-16,12,80.8
2021-11-17,12,80.4
2021-11-18,5,78.9
2021-11-19,4,78.9
2021-11-20,9,81.6
2021-11-21,12,79.8
2021-11-22,8,79.5
2021-11-23,9,80.9
2021-11-24,4,86.6
2021-11-25,4,84.9
2021-11-26,2,93.6
2021-11-27,4,92.4
2021-11-28,9,93.5
2021-11-29,8,92.4
2021-11-30,10,90.0
2021-12-01,18,86.4
2021-12-02,9,86.6
2021-12-03,8,85.3
2021-12-04,7,88.1
2021-12-05,7,82.7
2021-12-06,6,80.0
2021-12-07,4,78.9
2021-12-08,4,76.9
2021-12-09,1,76.7
2021-12-10,3,75.7
2021-12-11,4,76.2
2021-12-12,2,79.9
2021-12-13,4,80.6
2021-12-14,4,88.9
2021-12-15,9,102.5
2021-12-16,7,117.9
2021-12-17,3,120.9
2021-12-18,3,121.3
2021-12-19,14,115.3
2021-12-20,13,122.7
2021-12-21,9,136.6
2021-12-22,10,140.4
2021-12-23,4,129.8
2021-12-24,5,126.2
2021-12-25,6,130.7
2021-12-26,3,125.4
2021-12-27,10,123.9
2021-12-28,7,120.5
2021-12-29,6,111.4
2021-12-30,8,102.4
2021-12-31,3,101.5
2022-01-01,12,93.9
2022-01-02,9,89.0
2022-01-03,12,84.0
2022-01-04,5,85.5
2022-01-05,2,83.7
2022-01-06,0,93.7
2022-01-07,0,107.3
2022-01-08,13,102.4
2022-01-09,8,102.1
2022-01-10,6,102.2
2022-01-11,4,100.0
2022-01-12,3,103.2
2022-01-13,2,105.5
2022-01-14,15,110.2
2022-01-15,20,115.6
2022-01-16,16,119.4
2022-01-17,9,113.5
2022-01-18,17,114.5
2022-01-19,23,105.3
2022-01-20,4,99.3
2022-01-21,8,97.3
2022-01-22,9,95.2
2022-01-23,7,93.5
2022-01-24,3,95.2
2022-01-25,14,100.9
2022-01-26,10,101.8
2022-01-27,6,107.1
2022-01-28,7,113.4
2022-01-29,14,125.3
2022-01-30,10,129.6
2022-01-31,9,129.5
2022-02-01,6,128.6
2022-02-02,10,128.2
2022-02-03,26,126.5
2022-02-04,32,129.6
2022-02-05,11,125.9
2022-02-06,14,123.6
2022-02-07,6,127.2
2022-02-08,4,123.1
2022-02-09,2,125.9
2022-02-10,21,118.0
2022-02-11,19,113.1
2022-02-12,13,110.5
2022-02-13,14,105.4
2022-02-14,7,106.5
2022-02-15,4,114.3
2022-02-16,9,102.9
2022-02-17,4,96.7
2022-02-18,5,93.3
2022-02-19,8,95.7
2022-02-20,13,93.3
2022-02-21,11,97.8
2022-02-22,16,95.3
2022-02-23,6,95.5
2022-02-24,6,92.3
2022-02-25,8,96.2
2022-02-26,1,96.5
2022-02-27,11,96.9
2022-02-28,6,99.0
2022-03-01,8,99.3
2022-03-02,3,109.5
2022-03-03,4,110.9
2022-03-04,10,113.1
2022-03-05,27,120.1
2022-03-06,18,115.7
2022-03-07,8,118.3
2022-03-08,5,115.3
2022-03-09,5,114.8
2022-03-10,8,127.1
2022-03-11,20,126.5
2022-03-12,12,124.7
2022-03-13,40,122.9
2022-03-14,14,114.9
2022-03-15,6,110.4
2022-03-16,5,106.6
2022-03-17,5,102.8
2022-03-18,2,97.8
2022-03-19,4,94.4
2022-03-20,8,94.9
2022-03-21,3,97.7
2022-03-22,8,105.9
2022-03-23,6,105.6
2022-03-24,10,111.6
2022-03-25,8,112.4
2022-03-26,6,118.7
2022-03-27,15,130.3
2022-03-28,9,156.0
2022-03-29,7,149.2
2022-03-30,6,151.3
2022-03-31,26,239.5
2022-04-01,15,146.6
2022-04-02,20,143.3
2022-04-03,8,140.2
2022-04-04,11,128.0
2022-04-05,6,122.4
2022-04-06,6,117.0
2022-04-07,11,111.1
2022-04-08,7,108.9
2022-04-09,17,107.1
2022-04-10,29,101.1
2022-04-11,11,98.7
2022-04-12,11,96.2
2022-04-13,8,98.7
2022-04-14,39,103.4
2022-04-15,23,110.3
2022-04-16,7,122.4
2022-04-17,10,134.9
2022-04-18,8,140.5
2022-04-19,6,160.1
2022-04-20,8,165.5
2022-04-21,9,164.4
2022-04-22,6,162.5
2022-04-23,11,159.8
2022-04-24,4,158.5
2022-04-25,4,156.6
2022-04-26,2,148.9
2022-04-27,17,141.5
2022-04-28,14,132.2
2022-04-29,12,123.5
2022-04-30,15,119.7
2022-05-01,8,109.0
2022-05-02,4,111.9
2022-05-03,6,113.8
2022-05-04,5,130.1
2022-05-05,3,119.9
2022-05-06,3,119.2
2022-05-07,1,118.1
2022-05-08,5,119.2
2022-05-09,6,117.0
2022-05-10,2,115.8
2022-05-11,5,132.9
2022-05-12,8,133.0
2022-05-13,6,149.5
2022-05-14,6,152.7
2022-05-15,10,153.6
2022-05-16,9,161.7
2022-05-17,10,170.8
2022-05-18,6,179.9
2022-05-19,8,173.2
2022-05-20,11,165.5
2022-05-21,10,166.7
2022-05-22,10,164.7
2022-05-23,4,158.2
2022-05-24,3,146.9
2022-05-25,6,136.5
2022-05-26,4,122.7
2022-05-27,18,113.6
2022-05-28,22,101.8
2022-05-29,16,98.4
2022-05-30,8,100.6
2022-05-31,8,98.0
2022-06-01,5,104.2
2022-06-02,4,100.9
2022-06-03,4,100.7
2022-06-04,3,100.9
2022-06-05,4,98.7
2022-06-06,9,96.4
2022-06-07,6,98.4
2022-06-08,4,99.9
2022-06-09,4,106.4
2022-06-10,4,110.5
2022-06-11,7,112.1
2022-06-12,9,121.3
2022-06-13,14,131.5
2022-06-14,6,145.5
2022-06-15,17,140.0
2022-06-16,10,146.7
2022-06-17,12,148.9
2022-06-18,13,140.2
2022-06-19,10,143.6
2022-06-20,10,136.5
2022-06-21,7,138.7
2022-06-22,9,128.7
2022-06-23,10,121.4
2022-06-24,6,115.4
2022-06-25,15,108.1
2022-06-26,22,102.0
2022-06-27,10,98.2
2022-06-28,7,96.1
2022-06-29,4,96.2
2022-06-30,3,95.7
2022-07-01,6,98.0
2022-07-02,17,100.2
2022-07-03,7,102.2
2022-07-04,19,104.4
2022-07-05,3,109.4
2022-07-06,4,114.6
2022-07-07,19,121.3
2022-07-08,19,129.6
2022-07-09,5,136.9
2022-07-10,5,153.0
2022-07-11,10,161.0
2022-07-12,16,164.9
2022-07-13,4,164.8
2022-07-14,4,169.0
2022-07-15,7,171.4
2022-07-16,6,176.2
2022-07-17,4,161.2
2022-07-18,8,149.4
2022-07-19,27,144.1
2022-07-20,5,132.2
2022-07-21,20,121.7
2022-07-22,10,114.7
2022-07-23,17,110.5
2022-07-24,8,107.1
2022-07-25,5,102.3
2022-07-26,7,98.8
2022-07-27,8,98.0
2022-07-28,6,93.4
2022-07-29,4,93.0
2022-07-30,6,90.8
2022-07-31,11,94.3
2022-08-01,7,95.4
2022-08-02,8,97.8
2022-08-03,7,99.9
2022-08-04,6,108.8
2022-08-05,6,112.2
2022-08-06,3,116.3
2022-08-07,23,116.1
2022-08-08,26,113.0
2022-08-09,19,109.4
2022-08-10,12,107.6
2022-08-11,17,114.8
2022-08-12,6,119.5
2022-08-13,8,124.2
2022-08-14,5,125.5
2022-08-15,5,130.6
2022-08-16,4,128.5
2022-08-17,32,122.7
2022-08-18,28,116.5
2022-08-19,20,105.4
2022-08-20,12,101.5
2022-08-21,14,97.0
2022-08-22,6,102.6
2022-08-23,3,100.9
2022-08-24,2,107.8
2022-08-25,3,117.8
2022-08-26,3,118.6
2022-08-27,11,127.5
2022-08-28,7,251.9
2022-08-29,12,130.6
2022-08-30,12,125.6
2022-08-31,13,113.3
2022-09-01,8,116.3
2022-09-02,8,129.8
2022-09-03,22,123.4
2022-09-04,62,128.3
2022-09-05,36,130.2
2022-09-06,19,126.2
2022-09-07,13,126.1
2022-09-08,19,126.6
2022-09-09,12,126.2
2022-09-10,12,135.9
2022-09-11,8,151.5
2022-09-12,7,150.4
2022-09-13,2,154.1
2022-09-14,8,144.3
2022-09-15,6,139.7
2022-09-16,4,131.1
2022-09-17,4,131.5
2022-09-18,10,136.1
2022-09-19,11,127.9
2022-09-20,7,137.2
2022-09-21,4,136.9
2022-09-22,5,136.7
2022-09-23,11,146.3
2022-09-24,12,146.5
2022-09-25,5,134.7
2022-09-26,4,135.1
2022-09-27,22,134.5
2022-09-28,3,134.8
2022-09-29,6,137.2
2022-09-30,13,137.1
2022-10-01,2,147.9
2022-10-02,12,153.9
2022-10-03,24,155.1
2022-10-04,17,152.4
2022-10-05,13,161.0
2022-10-06,16,155.7
2022-10-07,14,159.7
2022-10-08,11,157.2
2022-10-09,23,160.5
2022-10-10,9,163.2
2022-10-11,6,150.3
2022-10-12,4,140.6
2022-10-13,4,130.0
2022-10-14,16,120.5
2022-10-15,16,115.1
2022-10-16,15,119.2
2022-10-17,4,125.6
2022-10-18,5,113.9
2022-10-19,4,113.2
2022-10-20,6,115.8
2022-10-21,4,109.4
2022-10-22,24,105.0
2022-10-23,15,108.4
2022-10-24,6,114.8
2022-10-25,3,116.3
2022-10-26,4,122.4
2022-10-27,9,129.7
2022-10-28,15,129.3
2022-10-29,25,133.9
2022-10-30,10,130.5
2022-10-31,11,127.9
2022-11-01,7,128.1
2022-11-02,13,129.7
2022-11-03,26,125.3
2022-11-04,14,117.7
2022-11-05,9,131.1
2022-11-06,3,130.8
2022-11-07,19,134.6
2022-11-08,11,132.3
2022-11-09,5,137.6
2022-11-10,0,138.7
2022-11-11,7,137.6
2022-11-12,4,138.2
2022-11-13,6,137.0
2022-11-14,3,141.5
2022-11-15,2,134.2
2022-11-16,2,132.9
2022-11-17,1,119.2
2022-11-18,6,116.0
2022-11-19,4,115.1
2022-11-20,5,119.1
2022-11-21,9,117.0
2022-11-22,2,115.7
2022-11-23,2,113.3
2022-11-24,5,109.7
2022-11-25,18,108.5
2022-11-26,15,107.1
2022-11-27,13,107.2
2022-11-28,22,107.0
2022-11-29,20,107.9
2022-11-30,24,111.0
2022-12-01,24,118.7
2022-12-02,15,124.0
2022-12-03,10,133.8
2022-12-04,16,143.7
2022-12-05,6,149.8
2022-12-06,3,144.2
2022-12-07,16,148.0
2022-12-08,9,143.0
2022-12-09,10,149.1
2022-12-10,8,141.7
2022-12-11,9,147.7
2022-12-12,5,150.8
2022-12-13,3,153.0
2022-12-14,4,164.7
2022-12-15,5,165.9
2022-12-16,4,163.1
2022-12-17,2,154.6
2022-12-18,3,155.6
2022-12-19,9,152.4
2022-12-20,5,146.4
2022-12-21,8,138.7
2022-12-22,10,131.3
2022-12-23,21,127.7
2022-12-24,22,133.3
2022-12-25,8,144.0
2022-12-26,23,150.5
2022-12-27,24,159.0
2022-12-28,4,160.4
2022-12-29,10,162.8
2022-12-30,29,178.3
2022-12-31,15,164.9
2023-01-01,14,152.6
2023-01-02,7,146.4
2023-01-03,6,148.5
2023-01-04,19,151.0
2023-01-05,8,154.3
2023-01-06,3,172.4
2023-01-07,6,178.9
2023-01-08,7,183.8
2023-01-09,4,190.9
2023-01-10,6,193.0
2023-01-11,7,195.1
2023-01-12,9,211.6
2023-01-13,11,208.5
2023-01-14,9,227.8
2023-01-15,28,234.3
2023-01-16,14,228.1
2023-01-17,5,221.7
2023-01-18,14,220.3
2023-01-19,6,226.1
2023-01-20,5,217.5
2023-01-21,15,208.7
2023-01-22,8,198.6
2023-01-23,6,189.1
2023-01-24,4,180.2
2023-01-25,6,171.8
2023-01-26,10,150.6
2023-01-27,8,144.9
2023-01-28,10,137.6
2023-01-29,4,137.0
2023-01-30,4,135.9
2023-01-31,8,137.0
2023-02-01,5,133.5
2023-02-02,4,134.9
2023-02-03,7,134.5
2023-02-04,5,139.0
2023-02-05,4,144.0
2023-02-06,16,156.7
2023-02-07,18,184.7
2023-02-08,17,197.6
2023-02-09,18,214.9
2023-02-10,15,207.8
2023-02-11,8,209.5
2023-02-12,7,199.7
2023-02-13,4,189.2
2023-02-14,6,179.7
2023-02-15,27,173.7
2023-02-16,23,163.2
2023-02-17,6,343.1
2023-02-18,6,167.4
2023-02-19,6,169.0
2023-02-20,7,159.8
2023-02-21,14,160.9
2023-02-22,6,151.9
2023-02-23,20,148.2
2023-02-24,4,164.1
2023-02-25,10,279.3
2023-02-26,24,159.0
2023-02-27,91,161.2
2023-02-28,26,160.9
2023-03-01,7,162.0
2023-03-02,8,168.8
2023-03-03,20,190.9
2023-03-04,16,181.6
2023-03-05,21,179.8
2023-03-06,15,188.0
2023-03-07,9,180.3
2023-03-08,7,181.9
2023-03-09,14,178.8
2023-03-10,9,171.2
2023-03-11,6,157.4
2023-03-12,7,150.0
2023-03-13,2,143.3
2023-03-14,18,138.5
2023-03-15,30,135.7
2023-03-16,6,135.4
2023-03-17,5,134.2
2023-03-18,8,140.3
2023-03-19,9,142.7
2023-03-20,11,156.1
2023-03-21,6,151.6
2023-03-22,15,158.9
2023-03-23,55,151.0
2023-03-24,73,157.5
2023-03-25,14,160.3
2023-03-26,7,159.4
2023-03-27,3,158.2
2023-03-28,4,158.7
2023-03-29,5,147.8
2023-03-30,18,140.3
2023-03-31,19,129.3
2023-04-01,14,125.3
2023-04-02,14,126.9
2023-04-03,12,133.6
2023-04-04,13,135.7
2023-04-05,11,136.6
2023-04-06,7,137.1
2023-04-07,8,136.3
2023-04-08,5,135.9
2023-04-09,6,140.3
2023-04-10,12,139.8
2023-04-11,4,143.4
2023-04-12,3,154.0
2023-04-13,5,159.5
2023-04-14,5,171.3
2023-04-15,7,175.8
2023-04-16,4,177.8
2023-04-17,4,166.6
2023-04-18,13,153.2
2023-04-19,10,147.0
2023-04-20,4,147.0
2023-04-21,9,151.2
2023-04-22,6,141.2
2023-04-23,65,135.2
2023-04-24,72,133.9
2023-04-25,8,130.7
2023-04-26,14,136.5
2023-04-27,21,140.8
2023-04-28,18,149.8
2023-04-29,20,155.8
2023-04-30,9,153.5
2023-05-01,9,147.9
2023-05-02,8,156.8
2023-05-03,3,156.2
2023-05-04,5,162.0
2023-05-05,3,161.9
2023-05-06,29,151.8
2023-05-07,10,157.2
2023-05-08,15,171.9
2023-05-09,12,194.7
2023-05-10,24,170.1
2023-05-11,8,163.4
2023-05-12,18,149.1
2023-05-13,11,143.8
2023-05-14,8,139.7
2023-05-15,5,134.5
2023-05-16,7,134.3
2023-05-17,3,137.9
2023-05-18,2,150.6
2023-05-19,8,164.6
2023-05-20,32,169.6
2023-05-21,26,163.4
2023-05-22,20,161.5
2023-05-23,12,154.9
2023-05-24,10,164.1
2023-05-25,11,152.1
2023-05-26,5,149.0
2023-05-27,4,156.9
2023-05-28,9,151.3
2023-05-29,3,154.4
2023-05-30,4,162.0
2023-05-31,9,161.4
2023-06-01,12,163.9
2023-06-02,4,162.3
2023-06-03,3,164.6
2023-06-04,9,168.3
2023-06-05,4,169.2
2023-06-06,5,171.8
2023-06-07,3,167.2
2023-06-08,4,168.5
2023-06-09,3,164.3
2023-06-10,4,161.2
2023-06-11,8,153.8
2023-06-12,6,146.1
2023-06-13,5,146.3
2023-06-14,4,143.5
2023-06-15,26,153.1
2023-06-16,32,157.2
2023-06-17,7,158.1
2023-06-18,9,164.1
2023-06-19,11,168.8
2023-06-20,8,180.1
2023-06-21,6,176.4
2023-06-22,9,173.2
2023-06-23,8,169.7
2023-06-24,16,160.8
2023-06-25,16,154.8
2023-06-26,10,157.7
2023-06-27,7,151.2
2023-06-28,7,154.9
2023-06-29,16,162.2
2023-06-30,6,158.6
2023-07-01,4,165.5
2023-07-02,4,170.2
2023-07-03,4,173.2
2023-07-04,3,167.2
2023-07-05,6,154.6
2023-07-06,10,157.6
2023-07-07,18,161.4
2023-07-08,6,160.5
2023-07-09,3,179.2
2023-07-10,4,190.6
2023-07-11,6,213.5
2023-07-12,6,193.3
2023-07-13,7,202.9
2023-07-14,20,180.6
2023-07-15,7,178.5
2023-07-16,8,184.3
2023-07-17,21,180.0
2023-07-18,14,218.5
2023-07-19,4,188.9
2023-07-20,10,184.3
2023-07-21,11,172.8
2023-07-22,8,174.4
2023-07-23,6,172.5
2023-07-24,6,165.1
2023-07-25,9,169.0
2023-07-26,19,167.4
2023-07-27,6,165.3
2023-07-28,5,168.2
2023-07-29,8,178.6
2023-07-30,8,174.4
2023-07-31,5,177.1
2023-08-01,8,174.7
2023-08-02,12,172.9
2023-08-03,5,162.9
2023-08-04,13,170.8
2023-08-05,33,175.8
2023-08-06,2,173.5
2023-08-07,10,169.7
2023-08-08,7,158.9
2023-08-09,6,153.4
2023-08-10,6,155.7
2023-08-11,4,152.8
2023-08-12,6,148.3
2023-08-13,4,150.4
2023-08-14,4,154.0
2023-08-15,3,158.1
2023-08-16,7,160.1
2023-08-17,6,151.9
2023-08-18,10,150.6
2023-08-19,7,150.6
2023-08-20,8,146.3
2023-08-21,8,148.7
2023-08-22,7,150.9
2023-08-23,3,147.0
2023-08-24,7,144.1
2023-08-25,4,138.9
2023-08-26,6,139.3
2023-08-27,10,141.5
2023-08-28,6,141.7
2023-08-29,4,142.2
2023-08-30,5,138.6
2023-08-31,5,139.9
2023-09-01,12,135.8
2023-09-02,37,131.2
2023-09-03,23,130.5
2023-09-04,6,136.0
2023-09-05,9,142.9
2023-09-06,6,147.1
2023-09-07,5,160.8
2023-09-08,5,160.9
2023-09-09,8,161.4
2023-09-10,2,163.9
2023-09-11,5,176.4
2023-09-12,23,153.5
2023-09-13,16,142.6
2023-09-14,17,145.2
2023-09-15,6,139.1
2023-09-16,6,140.4
2023-09-17,14,144.6
2023-09-18,30,154.5
2023-09-19,47,166.1
2023-09-20,15,155.5
2023-09-21,8,168.1
2023-09-22,8,175.7
2023-09-23,8,173.0
2023-09-24,21,173.7
2023-09-25,23,170.2
2023-09-26,28,164.9
2023-09-27,14,156.0
2023-09-28,5,147.8
2023-09-29,11,155.0
2023-09-30,8,159.1
2023-10-01,8,161.1
2023-10-02,8,157.4
2023-10-03,6,153.7
2023-10-04,10,155.0
2023-10-05,15,156.1
2023-10-06,7,155.3
2023-10-07,4,157.2
2023-10-08,6,157.1
2023-10-09,7,165.5
2023-10-10,3,164.4
2023-10-11,3,158.0
2023-10-12,2,157.1
2023-10-13,13,149.0
2023-10-14,6,148.2
2023-10-15,2,144.6
2023-10-16,2,144.0
2023-10-17,1,137.3
2023-10-18,8,135.3
2023-10-19,8,128.7
2023-10-20,6,125.7
2023-10-21,21,122.6
2023-10-22,7,118.8
2023-10-23,1,122.1
2023-10-24,3,121.1
2023-10-25,3,125.8
2023-10-26,21,126.4
2023-10-27,10,127.5
2023-10-28,17,128.0
2023-10-29,26,135.2
2023-10-30,12,139.7
2023-10-31,7,147.3
2023-11-01,8,158.6
2023-11-02,6,158.4
2023-11-03,2,156.1
2023-11-04,12,155.3
2023-11-05,61,154.8
2023-11-06,36,146.2
2023-11-07,18,145.1
2023-11-08,15,145.7
2023-11-09,10,138.7
2023-11-10,8,143.9
2023-11-11,4,141.5
2023-11-12,9,137.2
2023-11-13,14,132.7
2023-11-14,6,123.8
2023-11-15,12,118.9
2023-11-16,6,117.9
2023-11-17,2,119.6
2023-11-18,1,127.1
2023-11-19,3,140.1
2023-11-20,4,156.5
2023-11-21,18,171.5
2023-11-22,30,189.5
2023-11-23,6,194.2
2023-11-24,7,178.0
2023-11-25,37,176.4
2023-11-26,9,180.2
2023-11-27,6,187.3
2023-11-28,6,254.6
2023-11-29,4,170.6
2023-11-30,4,166.5
2023-12-01,52,162.0
2023-12-02,13,148.2
2023-12-03,10,139.2
2023-12-04,9,137.8
2023-12-05,14,141.6
2023-12-06,10,129.9
2023-12-07,4,134.6
2023-12-08,4,132.6
2023-12-09,1,127.9
2023-12-10,3,126.6
2023-12-11,1,125.9
2023-12-12,7,126.2
2023-12-13,7,134.8
2023-12-14,15,155.1
2023-12-15,11,144.3
2023-12-16,13,149.0
2023-12-17,33,154.6
2023-12-18,23,161.4
2023-12-19,11,179.3
2023-12-20,10,195.3
2023-12-21,4,193.6
2023-12-22,2,186.7
2023-12-23,5,174.2
2023-12-24,9,183.4
2023-12-25,3,166.7
2023-12-26,5,154.2
2023-12-27,4,149.4
2023-12-28,2,146.7
2023-12-29,6,142.9
2023-12-30,4,139.7
2023-12-31,3,146.2
2024-01-01,10,135.7
2024-01-02,8,142.1
2024-01-03,11,140.2
2024-01-04,5,125.8
2024-01-05,4,152.7
2024-01-06,2,159.4
2024-01-07,1,167.1
2024-01-08,3,176.2
2024-01-09,5,175.9
2024-01-10,6,186.0
2024-01-11,5,192.5
2024-01-12,4,186.4
2024-01-13,2,185.4
2024-01-14,6,187.9
2024-01-15,5,182.5
2024-01-16,5,179.6
2024-01-17,3,174.1
2024-01-18,6,162.3
2024-01-19,7,157.4
2024-01-20,6,166.3
2024-01-21,4,178.5
2024-01-22,8,196.1
2024-01-23,6,180.3
2024-01-24,8,172.0
2024-01-25,5,160.5
2024-01-26,4,156.7
2024-01-27,4,148.1
2024-01-28,7,141.1
2024-01-29,7,140.3
2024-01-30,6,135.0
2024-01-31,6,136.2
2024-02-01,5,136.9
2024-02-02,2,142.6
2024-02-03,2,156.4
2024-02-04,6,170.4
2024-02-05,6,173.4
2024-02-06,7,190.3
2024-02-07,3,188.4
2024-02-08,4,185.0
2024-02-09,5,183.4
2024-02-10,4,193.8
2024-02-11,14,180.4
2024-02-12,4,208.3
2024-02-13,9,194.8
2024-02-14,5,184.1
2024-02-15,3,178.3
2024-02-16,3,168.8
2024-02-17,4,169.9
2024-02-18,5,156.5
2024-02-19,1,152.1
2024-02-20,5,152.6
2024-02-21,3,169.9
2024-02-22,5,173.3
2024-02-23,2,172.9
2024-02-24,6,179.2
2024-02-25,10,180.8
2024-02-26,10,171.7
2024-02-27,12,168.3
2024-02-28,4,179.1
2024-02-29,3,164.1
2024-03-01,7,152.8
2024-03-02,4,152.3
2024-03-03,34,145.5
2024-03-04,9,139.9
2024-03-05,6,141.5
2024-03-06,5,136.0
2024-03-07,11,136.6
2024-03-08,9,129.0
2024-03-09,11,134.5
2024-03-10,6,127.0
2024-03-11,4,126.7
2024-03-12,4,130.5
2024-03-13,8,128.3
2024-03-14,7,127.1
2024-03-15,6,129.0
2024-03-16,2,144.1
2024-03-17,0,151.3
2024-03-18,3,177.4
2024-03-19,6,168.9
2024-03-20,4,175.5
2024-03-21,22,196.9
2024-03-22,10,197.6
2024-03-23,31,210.7
2024-03-24,68,195.1
2024-03-25,25,190.1
2024-03-26,10,178.2
2024-03-27,6,174.6
2024-03-28,7,172.7
2024-03-29,4,167.3
2024-03-30,3,139.6
2024-03-31,8,133.6
2024-04-01,10,120.4
2024-04-02,6,112.8
2024-04-03,6,111.7
2024-04-04,10,113.7
2024-04-05,10,120.5
2024-04-06,9,122.9
2024-04-07,6,124.6
2024-04-08,7,124.8
2024-04-09,9,124.4
2024-04-10,7,131.2
2024-04-11,5,143.7
2024-04-12,5,151.5
2024-04-13,5,161.0
2024-04-14,5,178.4
2024-04-15,6,191.9
2024-04-16,31,198.7
2024-04-17,6,216.5
2024-04-18,3,226.9
2024-04-19,45,213.4
2024-04-20,10,209.5
2024-04-21,18,217.1
2024-04-22,7,226.8
2024-04-23,6,219.1
2024-04-24,3,199.1
2024-04-25,2,166.7
2024-04-26,17,152.6
2024-04-27,12,152.6
2024-04-28,6,140.1
2024-04-29,6,137.6
2024-04-30,13,130.2
2024-05-01,7,134.8
2024-05-02,42,141.9
2024-05-03,8,156.0
2024-05-04,5,166.6
2024-05-05,10,176.9
2024-05-06,16,171.2
2024-05-07,6,203.6
2024-05-08,5,227.1
2024-05-09,5,233.2
2024-05-10,105,223.4
2024-05-11,271,213.7
2024-05-12,53,221.8
2024-05-13,27,215.4
2024-05-14,6,219.8
2024-05-15,9,216.0
2024-05-16,27,207.2
2024-05-17,30,204.1
2024-05-18,12,194.3
2024-05-19,8,200.7
2024-05-20,6,199.7
2024-05-21,7,190.8
2024-05-22,3,195.7
2024-05-23,8,176.2
2024-05-24,9,162.8
2024-05-25,5,152.4
2024-05-26,8,155.6
2024-05-27,7,170.0
2024-05-28,4,166.4
2024-05-29,5,170.5
2024-05-30,7,172.9
2024-05-31,10,179.4
2024-06-01,4,226.9
2024-06-02,4,179.8
2024-06-03,9,186.0
2024-06-04,6,192.3
2024-06-05,6,195.3
2024-06-06,5,190.9
2024-06-07,29,184.4
2024-06-08,14,190.4
2024-06-09,5,180.9
2024-06-10,9,177.8
2024-06-11,10,164.9
2024-06-12,4,164.9
2024-06-13,2,170.1
2024-06-14,5,169.0
2024-06-15,17,170.7
2024-06-16,14,167.3
2024-06-17,11,179.9
2024-06-18,10,192.7
2024-06-19,10,196.0
2024-06-20,6,203.3
2024-06-21,3,196.9
2024-06-22,3,195.7
2024-06-23,10,195.8
2024-06-24,3,198.7
2024-06-25,6,193.7
2024-06-26,8,181.4
2024-06-27,8,182.5
2024-06-28,60,180.7
2024-06-29,13,186.4
2024-06-30,11,173.8
2024-07-01,5,170.6
2024-07-02,4,163.8
2024-07-03,4,167.4
2024-07-04,9,173.0
2024-07-05,7,165.6
2024-07-06,2,166.0
2024-07-07,6,171.3
2024-07-08,10,168.5
2024-07-09,6,178.2
2024-07-10,4,213.6
2024-07-11,6,205.0
2024-07-12,5,209.7
2024-07-13,3,238.3
2024-07-14,4,233.9
2024-07-15,6,233.2
2024-07-16,8,241.9
2024-07-17,5,223.8
2024-07-18,4,208.7
2024-07-19,4,201.6
2024-07-20,6,207.4
2024-07-21,4,197.9
2024-07-22,8,185.0
2024-07-23,4,175.5
2024-07-24,5,174.8
2024-07-25,8,167.2
2024-07-26,24,176.3
2024-07-27,10,203.6
2024-07-28,7,214.4
2024-07-29,6,223.1
2024-07-30,22,400.7
2024-07-31,15,235.1
2024-08-01,19,234.4
2024-08-02,8,247.1
2024-08-03,8,244.6
2024-08-04,49,240.8
2024-08-05,8,247.3
2024-08-06,5,270.0
2024-08-07,6,303.2
2024-08-08,6,336.0
2024-08-09,5,305.5
2024-08-10,6,291.1
2024-08-11,28,281.5
2024-08-12,127,272.4
2024-08-13,14,259.9
2024-08-14,10,248.2
2024-08-15,4,227.4
2024-08-16,7,224.9
2024-08-17,30,229.5
2024-08-18,11,231.0
2024-08-19,9,239.1
2024-08-20,8,238.2
2024-08-21,8,239.0
2024-08-22,9,230.6
2024-08-23,6,241.7
2024-08-24,8,232.3
2024-08-25,5,232.6
2024-08-26,4,
2024-08-27,9,221.3
2024-08-28,24,211.9
2024-08-29,4,204.0
2024-08-30,24,214.2
2024-08-31,25,231.6
2024-09-01,15,225.5
2024-09-02,7,237.6
2024-09-03,5,242.1
2024-09-04,13,261.8
2024-09-05,4,240.7
2024-09-06,6,248.9
2024-09-07,6,221.7
2024-09-08,6,227.6
2024-09-09,8,214.8
2024-09-10,6,205.2
2024-09-11,9,207.0
2024-09-12,71,201.2
2024-09-13,35,185.8
2024-09-14,18,172.4
2024-09-15,17,172.8
2024-09-16,19,169.2
2024-09-17,71,165.4
2024-09-18,11,163.3
2024-09-19,18,161.2
2024-09-20,5,153.8
2024-09-21,5,158.0
2024-09-22,5,162.8
2024-09-23,12,167.4
2024-09-24,14,172.4
2024-09-25,29,174.2
2024-09-26,10,181.1
2024-09-27,5,186.0
2024-09-28,6,194.5
2024-09-29,14,197.2
2024-09-30,9,214.2
2024-10-01,5,244.6
2024-10-02,5,274.4
2024-10-03,7,311.9
2024-10-04,8,291.0
2024-10-05,5,277.3
2024-10-06,13,264.5
2024-10-07,54,277.0
2024-10-08,54,224.7
2024-10-09,18,220.3
2024-10-10,97,216.3
2024-10-11,116,213.9
2024-10-12,18,213.6
2024-10-13,4,194.9
2024-10-14,6,181.9
2024-10-15,11,172.0
2024-10-16,13,167.7
2024-10-17,7,173.5
2024-10-18,12,165.2
2024-10-19,25,162.3
2024-10-20,6,161.7
2024-10-21,5,163.9
2024-10-22,8,176.1
2024-10-23,8,185.7
2024-10-24,11,196.6
2024-10-25,2,209.3
2024-10-26,12,238.4
2024-10-27,10,246.2
2024-10-28,16,255.5
2024-10-29,11,265.6
2024-10-30,15,269.8
2024-10-31,8,269.9
2024-11-01,6,256.2
2024-11-02,12,250.6
2024-11-03,10,240.6
2024-11-04,13,242.3
2024-11-05,11,245.6
2024-11-06,10,260.5
2024-11-07,8,239.2
2024-11-08,10,231.0
2024-11-09,31,220.9
2024-11-10,25,230.6
2024-11-11,9,182.2
2024-11-12,4,171.7
2024-11-13,6,150.3
2024-11-14,11,146.8
2024-11-15,12,148.9
2024-11-16,6,139.9
2024-11-17,6,146.3
2024-11-18,4,165.0
2024-11-19,7,157.2
2024-11-20,7,162.6
2024-11-21,7,166.2
2024-11-22,10,179.1
2024-11-23,7,199.9
2024-11-24,7,202.7
2024-11-25,10,220.4
2024-11-26,6,222.3
2024-11-27,4,225.0
2024-11-28,3,213.9
2024-11-29,7,219.8
2024-11-30,10,204.0
2024-12-01,6,186.3
2024-12-02,5,185.3
2024-12-03,11,174.2
2024-12-04,6,174.7
2024-12-05,4,174.6
2024-12-06,4,177.5
2024-12-07,5,182.5
2024-12-08,5,177.7
2024-12-09,16,172.5
2024-12-10,6,171.9
2024-12-11,5,160.5
2024-12-12,4,160.9
2024-12-13,3,163.7
2024-12-14,8,170.5
2024-12-15,11,172.0
2024-12-16,12,166.7
2024-12-17,28,170.0
2024-12-18,14,173.5
2024-12-19,10,175.0
2024-12-20,13,184.0
2024-12-21,14,201.2
2024-12-22,12,223.3
2024-12-23,12,238.3
2024-12-24,9,258.5
2024-12-25,5,252.7
2024-12-26,1,255.8
2024-12-27,2,258.5
2024-12-28,3,260.3
2024-12-29,4,254.7
2024-12-30,6,223.5
2024-12-31,13,217.6
2025-01-01,81,219.2
2025-01-02,21,212.4
2025-01-03,10,199.9
2025-01-04,31,209.3
2025-01-05,18,168.6
2025-01-06,14,171.9
2025-01-07,10,167.7
2025-01-08,7,160.2
2025-01-09,9,162.2
2025-01-10,12,156.9
2025-01-11,6,156.0
2025-01-12,6,158.4
2025-01-13,10,159.7
2025-01-14,10,166.4
2025-01-15,16,173.5
2025-01-16,14,208.2
2025-01-17,21,226.8
2025-01-18,8,222.4
2025-01-19,15,235.8
2025-01-20,19,232.1
2025-01-21,10,236.4
2025-01-22,9,214.2
2025-01-23,11,215.4
2025-01-24,6,204.5
2025-01-25,2,181.7
2025-01-26,2,170.5
2025-01-27,5,162.5
2025-01-28,10,171.5
2025-01-29,6,173.7
2025-01-30,5,183.7
2025-01-31,6,206.5
2025-02-01,24,187.9
2025-02-02,19,215.7
2025-02-03,3,220.5
2025-02-04,4,212.6
2025-02-05,6,191.3
2025-02-06,7,187.8
2025-02-07,2,181.6
2025-02-08,9,173.4
2025-02-09,17,163.0
2025-02-10,24,159.2
2025-02-11,16,153.4
2025-02-12,16,
2025-02-13,21,173.4
2025-02-14,23,178.6
2025-02-15,28,184.0
2025-02-16,20,185.0
2025-02-17,14,
2025-02-18,13,178.6
2025-02-19,20,177.9
2025-02-20,6,184.0
2025-02-21,4,197.1
2025-02-22,5,199.0
2025-02-23,6,239.9
2025-02-24,14,202.9
2025-02-25,7,190.1
2025-02-26,14,180.2
2025-02-27,30,163.9
2025-02-28,31,157.2
2025-03-01,18,152.2
2025-03-02,5,151.2
2025-03-03,4,163.2
2025-03-04,10,160.5
2025-03-05,10,156.5
2025-03-06,6,150.0
2025-03-07,10,146.5
2025-03-08,22,147.5
2025-03-09,31,147.6
2025-03-10,8,149.4
2025-03-11,9,161.4
2025-03-12,30,160.3
2025-03-13,36,175.9
2025-03-14,21,180.1
2025-03-15,16,177.9
2025-03-16,9,185.8
2025-03-17,14,203.5
2025-03-18,11,184.0
2025-03-19,20,179.5
2025-03-20,5,170.2
2025-03-21,24,165.3
2025-03-22,32,177.9
2025-03-23,9,168.1
2025-03-24,18,156.0
2025-03-25,14,156.1
2025-03-26,40,152.3
2025-03-27,30,152.6
2025-03-28,14,160.4
2025-03-29,7,156.6
2025-03-30,5,171.1
2025-03-31,5,171.9
2025-04-01,5,181.9
2025-04-02,17,179.9
2025-04-03,21,178.4
2025-04-04,32,180.4
2025-04-05,40,184.4
2025-04-06,21,167.0
2025-04-07,13,162.3
2025-04-08,22,158.6
2025-04-09,20,166.8
2025-04-10,16,152.6
2025-04-11,15,170.1
2025-04-12,16,165.3
2025-04-13,13,163.7
2025-04-14,18,152.7
2025-04-15,30,153.6
2025-04-16,75,148.4
2025-04-17,9,150.7
2025-04-18,13,155.7
2025-04-19,19,157.4
2025-04-20,13,156.3
2025-04-21,34,163.0
2025-04-22,13,163.4
2025-04-23,6,167.7
2025-04-24,13,169.6
2025-04-25,4,164.0
2025-04-26,6,155.7
2025-04-27,6,155.7
2025-04-28,4,153.6
2025-04-29,5,149.2
2025-04-30,10,148.0
2025-05-01,27,152.3
2025-05-02,38,152.3
2025-05-03,27,152.1
2025-05-04,27,159.0
2025-05-05,30,158.6
2025-05-06,13,156.0
2025-05-07,7,154.2
2025-05-08,10,148.5
2025-05-09,16,136.2
2025-05-10,12,134.1
2025-05-11,15,125.8
2025-05-12,6,115.5
2025-05-13,9,116.7
2025-05-14,15,121.8
2025-05-15,13,118.8
2025-05-16,10,117.3
2025-05-17,39,117.2
2025-05-18,21,118.2
2025-05-19,9,116.8
2025-05-20,12,118.7
2025-05-21,12,119.4
2025-05-22,6,120.0
2025-05-23,8,121.6
2025-05-24,4,129.7
2025-05-25,6,133.3
2025-05-26,7,132.9
2025-05-27,14,137.1
2025-05-28,17,144.3
2025-05-29,62,144.8
2025-05-30,29,156.9
2025-05-31,16,164.2
2025-06-01,98,150.3
2025-06-02,69,139.9
2025-06-03,60,134.8
2025-06-04,27,130.6
2025-06-05,12,127.8
2025-06-06,7,124.5
2025-06-07,18,120.9
2025-06-08,14,115.0
2025-06-09,14,120.3
2025-06-10,8,129.6
2025-06-11,18,141.8
2025-06-12,32,141.5
2025-06-13,69,143.0
2025-06-14,22,150.8
2025-06-15,8,160.5
2025-06-16,9,147.9
2025-06-17,8,139.2
2025-06-18,12,137.0
2025-06-19,10,136.2
2025-06-20,9,129.7
2025-06-21,10,120.3
2025-06-22,9,124.8
2025-06-23,6,121.8
2025-06-24,7,119.9
2025-06-25,14,116.9
2025-06-26,29,117.3
2025-06-27,20,118.3
2025-06-28,8,121.8
2025-06-29,7,128.3
2025-06-30,11,128.2
2025-07-01,6,125.8
2025-07-02,6,129.8
2025-07-03,15,125.1
2025-07-04,10,119.1
2025-07-05,17,116.8
2025-07-06,23,118.2
2025-07-07,20,118.2
2025-07-08,11,115.9
2025-07-09,7,120.2
2025-07-10,3,129.5
2025-07-11,17,132.4
2025-07-12,12,138.7
2025-07-13,21,128.2
2025-07-14,14,128.2
2025-07-15,20,139.6
2025-07-16,16,152.1
2025-07-17,19,156.1
2025-07-18,11,155.7
2025-07-19,6,152.6
2025-07-20,5,150.3
2025-07-21,3,142.9
2025-07-22,13,145.0
2025-07-23,27,150.1
2025-07-24,15,156.2
2025-07-25,8,148.0
2025-07-26,10,143.2
2025-07-27,4,145.0
2025-07-28,5,144.6
2025-07-29,6,151.5
2025-07-30,7,149.0
2025-07-31,8,144.8
2025-08-01,11,145.6
2025-08-02,8,146.3
2025-08-03,9,146.3
2025-08-04,7,142.7
2025-08-05,9,156.6
2025-08-06,6,158.2
2025-08-07,3,151.6
2025-08-08,20,147.7
2025-08-09,43,139.7
2025-08-10,21,153.3
2025-08-11,17,145.7
2025-08-12,13,152.5
2025-08-13,12,140.0
2025-08-14,10,130.4
2025-08-15,6,122.8
2025-08-16,4,122.1
2025-08-17,4,117.4
2025-08-18,6,113.8
2025-08-19,19,116.0
2025-08-20,12,119.7
2025-08-21,6,121.0
2025-08-22,7,135.7
2025-08-23,5,142.5
2025-08-24,5,151.5
2025-08-25,7,174.9
2025-08-26,7,202.3
2025-08-27,6,225.7
2025-08-28,6,231.6
2025-08-29,6,221.7
2025-08-30,6,316.5
2025-08-31,6,217.0
2025-09-01,14,201.9
2025-09-02,31,187.4
2025-09-03,11,179.6
2025-09-04,8,172.0
2025-09-05,6,149.0
2025-09-06,24,146.4
2025-09-07,2,132.5
2025-09-08,13,124.6
2025-09-09,17,121.7
2025-09-10,11,119.0
2025-09-11,8,115.2
2025-09-12,6,114.1
2025-09-13,5,117.6
2025-09-14,11,122.1
2025-09-15,48,129.9
2025-09-16,17,134.7
2025-09-17,10,147.2
2025-09-18,6,150.4
2025-09-19,2,159.9
2025-09-20,4,166.4
2025-09-21,4,176.0
2025-09-22,13,172.4
2025-09-23,14,171.3
2025-09-24,6,184.7
2025-09-25,6,170.4
2025-09-26,5,165.1
2025-09-27,5,163.5
2025-09-28,9,170.5
2025-09-29,28,186.4
2025-09-30,74,187.1
2025-10-01,47,184.0
2025-10-02,45,167.8
2025-10-03,28,169.6
2025-10-04,19,157.6
2025-10-05,8,147.7
2025-10-06,4,133.1
2025-10-07,13,130.5
2025-10-08,9,119.6
2025-10-09,4,121.6
2025-10-10,8,120.7
2025-10-11,16,131.2
2025-10-12,32,142.5
2025-10-13,21,141.4
2025-10-14,7,154.4
2025-10-15,10,162.1
2025-10-16,4,160.6
2025-10-17,10,164.3
2025-10-18,38,157.1
2025-10-19,18,148.5
2025-10-20,7,140.4
2025-10-21,8,132.9
2025-10-22,4,132.9
2025-10-23,5,129.9
2025-10-24,9,133.6
2025-10-25,8,127.0
2025-10-26,3,123.4
2025-10-27,5,121.4
2025-10-28,18,122.3
2025-10-29,19,118.4
2025-10-30,37,120.3
2025-10-31,23,125.3
2025-11-01,13,115.3
2025-11-02,16,123.0
2025-11-03,20,133.0
2025-11-04,9,159.2
2025-11-05,23,147.5
2025-11-06,43,163.7
2025-11-07,31,165.8
2025-11-08,33,171.9
2025-11-09,7,175.6
2025-11-10,14,180.3
2025-11-11,6,168.0
2025-11-12,137,163.3
2025-11-13,57,155.9
2025-11-14,3,145.3
2025-11-15,8,132.3
2025-11-16,17,132.3
2025-11-17,10,122.3
2025-11-18,4,120.1
2025-11-19,2,122.5
2025-11-20,6,121.4
2025-11-21,7,121.2
2025-11-22,5,119.3
2025-11-23,11,119.6
2025-11-24,20,116.2
2025-11-25,29,116.9
2025-11-26,23,120.8
2025-11-27,25,120.9
2025-11-28,20,138.2
2025-11-29,19,170.7
2025-11-30,14,180.4
2025-12-01,9,196.7
2025-12-02,7,200.9
2025-12-03,31,209.5
2025-12-04,32,219.9
2025-12-05,14,206.1
2025-12-06,14,199.9
2025-12-07,7,194.4
2025-12-08,1,186.2
2025-12-09,4,183.7
2025-12-10,19,168.5
2025-12-11,27,146.9
2025-12-12,27,134.5
2025-12-13,14,122.1
2025-12-14,6,118.8
2025-12-15,5,118.3
2025-12-16,10,116.7
2025-12-17,17,118.5
2025-12-18,17,115.9
2025-12-19,6,118.2
2025-12-20,6,119.5
2025-12-21,25,123.9
2025-12-22,23,133.3
2025-12-23,20,141.6
2025-12-24,20,134.2
2025-12-25,10,162.5
2025-12-26,8,166.4
2025-12-27,6,177.7
2025-12-28,7,187.7
2025-12-29,8,195.8
2025-12-30,8,182.1
2025-12-31,7,170.5
2026-01-01,11,169.2
2026-01-02,23,166.0
2026-01-03,10,165.2
2026-01-04,4,157.4
2026-01-05,14,154.3
2026-01-06,4,144.5
2026-01-07,4,135.0
2026-01-08,13,140.2
2026-01-09,11,116.8
2026-01-10,31,114.2
2026-01-11,28,110.6
2026-01-12,17,112.9
2026-01-13,8,116.6
2026-01-14,6,126.5
2026-01-15,10,139.3
2026-01-16,25,147.5
2026-01-17,24,159.2
2026-01-18,14,231.8
2026-01-19,73,173.4
2026-01-20,144,177.6
2026-01-21,72,188.0
2026-01-22,17,194.4
2026-01-23,27,179.5
2026-01-24,16,173.5
2026-01-25,14,164.5
2026-01-26,10,152.7
2026-01-27,9,143.7
2026-01-28,23,133.1
2026-01-29,21,128.7
2026-01-30,9,127.5
2026-01-31,4,140.5
2026-02-01,3,161.5
2026-02-02,5,173.8
2026-02-03,4,177.6
2026-02-04,8,167.2
2026-02-05,21,175.9
2026-02-06,15,163.7
2026-02-07,15,169.4
2026-02-08,6,167.4
2026-02-09,6,144.2
2026-02-10,10,142.1
2026-02-11,16,128.9
2026-02-12,7,129.0
2026-02-13,13,117.3
2026-02-14,10,116.9
2026-02-15,26,117.5
2026-02-16,26,117.9
2026-02-17,9,121.5
2026-02-18,9,118.7
2026-02-19,10,116.4
2026-02-20,11,111.1
2026-02-21,14,109.9
2026-02-22,34,110.1
2026-02-23,21,107.9
2026-02-24,14,119.6
2026-02-25,13,124.7
2026-02-26,16,129.8
2026-02-27,9,138.5
2026-02-28,7,140.7
2026-03-01,7,147.0
2026-03-02,4,147.6
2026-03-03,14,143.5
2026-03-04,7,141.2
2026-03-05,3,146.2
2026-03-06,7,142.8
2026-03-07,17,135.4
2026-03-08,21,134.5
2026-03-09,6,128.4
2026-03-10,13,126.9
2026-03-11,10,122.8
2026-03-12,7,120.8
2026-03-13,22,120.3
2026-03-14,42,111.6
2026-03-15,17,108.9
2026-03-16,8,111.2
2026-03-17,4,111.1
2026-03-18,4,112.9
2026-03-19,2,106.0
2026-03-20,30,102.1
2026-03-21,43,107.2
2026-03-22,78,120.1
2026-03-23,31,124.3
2026-03-24,15,128.3
2026-03-25,15,140.1
2026-03-26,8,152.2
2026-03-27,6,156.4
2026-03-28,9,161.8
2026-03-29,14,157.9
2026-03-30,10,151.8
2026-03-31,6,140.8
2026-04-01,8,141.9
2026-04-02,43,140.3
2026-04-03,46,135.8
2026-04-04,14,128.1
2026-04-05,12,118.0
2026-04-06,9,116.4
2026-04-07,8,108.9
2026-04-08,6,108.4
2026-04-09,6,96.7
2026-04-10,17,93.7
2026-04-11,12,93.3
2026-04-12,7,98.8
2026-04-13,3,98.7
2026-04-14,3,100.9
2026-04-15,4,104.8
2026-04-16,2,108.0
2026-04-17,3,107.1
2026-04-18,33,105.1
2026-04-19,21,104.5
2026-04-20,23,105.1
2026-04-21,20,112.3
2026-04-22,4,116.2
2026-04-23,6,127.9
2026-04-24,8,146.3
2026-04-25,9,148.4
2026-04-26,11,156.3
2026-04-27,6,142.4
2026-04-28,2,149.4
2026-04-29,3,143.1
2026-04-30,14,143.3
2026-05-01,13,144.8
2026-05-02,6,158.7
2026-05-03,8,143.3
2026-05-04,23,138.0
2026-05-05,11,127.5
2026-05-06,2,120.0
2026-05-07,7,116.5
2026-05-08,12,119.5
2026-05-09,4,
2026-05-10,4,125.7
2026-05-11,4,116.0
2026-05-12,3,111.2
2026-05-13,10,103.2
2026-05-14,5,106.4
2026-05-15,33,101.0
2026-05-16,32,109.0
2026-05-17,7,103.7
2026-05-18,8,105.3
2026-05-19,16,105.7
2026-05-20,7,114.0
2026-05-21,6,117.9
2026-05-22,4,124.4
2026-05-23,2,137.1
2026-05-24,5,132.8
2026-05-25,8,139.0
2026-05-26,7,140.8
2026-05-27,9,141.7
2026-05-28,12,144.9
2026-05-29,14,148.1
2026-05-30,13,141.6
2026-05-31,9,135.6
2026-06-01,8,131.9
2026-06-02,6,146.1
2026-06-03,9,146.8
2026-06-04,5,147.9
2026-06-05,32,140.5
2026-06-06,21,137.9
2026-06-07,7,134.2
2026-06-08,7,130.7
2026-06-09,12,129.5
2026-06-10,6,124.0
2026-06-11,16,127.4
2026-06-12,12,128.3
2026-06-13,12,121.5
2026-06-14,6,127.6
2026-06-15,4,117.0
2026-06-16,6,112.8
2026-06-17,6,110.5
2026-06-18,6,110.7
2026-06-19,6,110.8
2026-06-20,6,112.5
2026-06-21,4,128.0
2026-06-22,4,121.5
2026-06-23,6,130.4
2026-06-24,13,137.4
2026-06-25,24,155.9
2026-06-26,11,162.7
2026-06-27,6,187.9
2026-06-28,4,186.1
2026-06-29,3,195.4
2026-06-30,18,202.6
2026-07-01,14,249.7
2026-07-02,3,202.9
2026-07-03,8,186.7
2026-07-04,73,160.6
2026-07-05,16,138.7
2026-07-06,5,125.3
2026-07-07,3,110.4
2026-07-08,13,115.9
2026-07-09,15,109.7
2026-07-10,11,107.1
2026-07-11,6,111.5
2026-07-12,16,107.3
2026-07-13,8,103.0
2026-07-14,7,99.8
2026-07-15,11,99.7
2026-07-16,7,101.3
2026-07-17,4,104.8
2026-07-18,3,110.4
2026-07-19,3,119.3
2026-07-20,3,136.9
2026-07-21,14,149.0
2026-07-22,10,150.2
2026-07-23,21,147.6
2026-07-24,7,150.1
2026-07-25,5,144.6
2026-07-26,4,148.3
2026-07-27,5,146.6
2026-07-28,8,143.3
2026-07-29,4,142.8
2026-07-30,4,151.7
2026-07-31,4,147.6
2026-08-01,3,139.7
2026-08-02,17,126.9
2026-08-03,18,125.6
2026-08-04,9,118.0
2026-08-05,2,107.5
2026-08-06,1,101.2
2026-08-07,2,96.5
2026-08-08,30,93.7
2026-08-09,6,93.7
2026-08-10,4,95.4
2026-08-11,6,96.5
2026-08-12,7,100.1
2026-08-13,6,107.6
2026-08-14,8,113.5
2026-08-15,5,117.1
2026-08-16,3,128.7
2026-08-17,11,124.4
2026-08-18,24,124.7
2026-08-19,17,126.1
2026-08-20,10,124.7
2026-08-21,7,125.6
2026-08-22,3,124.3
2026-08-23,5,128.0
2026-08-24,5,143.0
2026-08-25,2,132.5
2026-08-26,2,131.0
2026-08-27,2,122.1
2026-08-28,12,115.8
2026-08-29,17,111.4
2026-08-30,14,106.6
2026-08-31,11,107.0
2026-09-01,6,100.5
2026-09-02,5,139.0
2026-09-03,5,108.2
2026-09-04,3,109.6
2026-09-05,6,110.7
2026-09-06,4,109.5
2026-09-07,18,109.7
2026-09-08,28,110.4
2026-09-09,11,109.2
2026-09-10,10,114.5
2026-09-11,7,110.0
2026-09-12,6,108.5
2026-09-13,6,114.2
2026-09-14,12,104.3
2026-09-15,8,106.5
2026-09-16,8,99.7
2026-09-17,8,96.8
2026-09-18,5,95.9
2026-09-19,6,97.1
2026-09-20,5,100.8
2026-09-21,2,104.1
